asset,time,datetime_utc,open,high,low,close,long_liquidation_usd,short_liquidation_usd,total_liquidation_usd
BTCUSDT,1781019000,2026-06-09 15:30:00+00:00,61273.3,61399.6,61176.2,61292.9,0.0,0.0,0.0
BTCUSDT,1781019900,2026-06-09 15:45:00+00:00,61292.9,61387.8,61001.0,61100.7,0.0,0.0,0.0
BTCUSDT,1781020800,2026-06-09 16:00:00+00:00,61100.6,61191.2,60908.8,60977.3,0.0,0.0,0.0
BTCUSDT,1781021700,2026-06-09 16:15:00+00:00,60977.3,61107.2,60827.7,61019.6,0.0,0.0,0.0
BTCUSDT,1781022600,2026-06-09 16:30:00+00:00,61019.5,61297.1,60755.0,61217.2,0.0,0.0,0.0
BTCUSDT,1781023500,2026-06-09 16:45:00+00:00,61217.1,61490.0,61136.8,61367.5,0.0,0.0,0.0
BTCUSDT,1781024400,2026-06-09 17:00:00+00:00,61367.5,61659.3,61367.0,61577.7,0.0,0.0,0.0
BTCUSDT,1781025300,2026-06-09 17:15:00+00:00,61577.6,61860.0,61550.6,61718.7,0.0,0.0,0.0
BTCUSDT,1781026200,2026-06-09 17:30:00+00:00,61718.7,61819.7,61657.1,61660.8,0.0,0.0,0.0
BTCUSDT,1781027100,2026-06-09 17:45:00+00:00,61660.9,61825.0,61568.1,61667.1,0.0,0.0,0.0
BTCUSDT,1781028000,2026-06-09 18:00:00+00:00,61667.2,61800.0,61580.2,61719.8,0.0,0.0,0.0
BTCUSDT,1781028900,2026-06-09 18:15:00+00:00,61719.8,61939.0,61627.8,61704.8,0.0,0.0,0.0
BTCUSDT,1781029800,2026-06-09 18:30:00+00:00,61704.8,61798.4,61563.3,61576.7,0.0,0.0,0.0
BTCUSDT,1781030700,2026-06-09 18:45:00+00:00,61576.7,61800.0,61576.7,61756.1,0.0,0.0,0.0
BTCUSDT,1781031600,2026-06-09 19:00:00+00:00,61756.2,61890.0,61702.5,61745.0,0.0,0.0,0.0
BTCUSDT,1781032500,2026-06-09 19:15:00+00:00,61745.0,61887.3,61685.0,61844.2,0.0,0.0,0.0
BTCUSDT,1781033400,2026-06-09 19:30:00+00:00,61844.2,62028.2,61730.7,61852.3,0.0,0.0,0.0
BTCUSDT,1781034300,2026-06-09 19:45:00+00:00,61852.4,62079.5,61731.5,62068.8,0.0,0.0,0.0
BTCUSDT,1781035200,2026-06-09 20:00:00+00:00,62068.9,62187.9,61920.9,62186.8,0.0,0.0,0.0
BTCUSDT,1781036100,2026-06-09 20:15:00+00:00,62186.8,62253.2,61970.4,62061.7,0.0,0.0,0.0
BTCUSDT,1781037000,2026-06-09 20:30:00+00:00,62061.7,62155.4,61950.0,62099.7,0.0,0.0,0.0
BTCUSDT,1781037900,2026-06-09 20:45:00+00:00,62099.7,62132.3,62015.0,62132.3,0.0,0.0,0.0
BTCUSDT,1781038800,2026-06-09 21:00:00+00:00,62132.3,62149.8,62007.9,62109.3,0.0,0.0,0.0
BTCUSDT,1781039700,2026-06-09 21:15:00+00:00,62109.3,62117.7,61738.1,61777.0,0.0,0.0,0.0
BTCUSDT,1781040600,2026-06-09 21:30:00+00:00,61776.9,61880.9,61737.6,61767.0,0.0,0.0,0.0
BTCUSDT,1781041500,2026-06-09 21:45:00+00:00,61767.0,61809.7,61660.0,61732.2,0.0,0.0,0.0
BTCUSDT,1781042400,2026-06-09 22:00:00+00:00,61732.5,61823.3,61630.2,61803.8,0.0,0.0,0.0
BTCUSDT,1781043300,2026-06-09 22:15:00+00:00,61803.8,61918.0,61753.1,61786.6,0.0,0.0,0.0
BTCUSDT,1781044200,2026-06-09 22:30:00+00:00,61786.7,61945.4,61747.5,61822.3,0.0,0.0,0.0
BTCUSDT,1781045100,2026-06-09 22:45:00+00:00,61822.2,61850.0,61637.8,61688.0,0.0,0.0,0.0
BTCUSDT,1781046000,2026-06-09 23:00:00+00:00,61687.9,61769.8,61613.0,61713.9,0.0,0.0,0.0
BTCUSDT,1781046900,2026-06-09 23:15:00+00:00,61713.9,61850.0,61640.3,61657.6,0.0,0.0,0.0
BTCUSDT,1781047800,2026-06-09 23:30:00+00:00,61657.6,61700.0,61519.0,61607.3,0.0,0.0,0.0
BTCUSDT,1781048700,2026-06-09 23:45:00+00:00,61607.4,61722.0,61555.2,61695.0,0.0,0.0,0.0
BTCUSDT,1781049600,2026-06-10 00:00:00+00:00,61694.9,61864.0,61664.3,61803.7,0.0,0.0,0.0
BTCUSDT,1781050500,2026-06-10 00:15:00+00:00,61803.8,61840.0,61690.6,61819.9,0.0,0.0,0.0
BTCUSDT,1781051400,2026-06-10 00:30:00+00:00,61820.0,61843.1,61404.6,61491.3,0.0,0.0,0.0
BTCUSDT,1781052300,2026-06-10 00:45:00+00:00,61491.4,61908.9,61465.4,61886.5,0.0,0.0,0.0
BTCUSDT,1781053200,2026-06-10 01:00:00+00:00,61886.5,61947.4,61638.8,61797.4,0.0,0.0,0.0
BTCUSDT,1781054100,2026-06-10 01:15:00+00:00,61797.3,61860.0,61710.2,61799.7,0.0,0.0,0.0
BTCUSDT,1781055000,2026-06-10 01:30:00+00:00,61799.6,61861.4,61544.2,61604.9,0.0,0.0,0.0
BTCUSDT,1781055900,2026-06-10 01:45:00+00:00,61604.8,61816.7,61580.0,61680.7,0.0,0.0,0.0
BTCUSDT,1781056800,2026-06-10 02:00:00+00:00,61680.7,61807.9,61510.0,61526.7,0.0,0.0,0.0
BTCUSDT,1781057700,2026-06-10 02:15:00+00:00,61527.0,61544.4,61305.5,61466.0,0.0,0.0,0.0
BTCUSDT,1781058600,2026-06-10 02:30:00+00:00,61466.0,61522.3,61262.0,61342.2,0.0,0.0,0.0
BTCUSDT,1781059500,2026-06-10 02:45:00+00:00,61342.1,61354.0,61201.0,61271.3,0.0,0.0,0.0
BTCUSDT,1781060400,2026-06-10 03:00:00+00:00,61271.4,61452.5,61250.0,61402.0,0.0,0.0,0.0
BTCUSDT,1781061300,2026-06-10 03:15:00+00:00,61402.0,61571.1,61306.0,61540.0,0.0,0.0,0.0
BTCUSDT,1781062200,2026-06-10 03:30:00+00:00,61540.0,61540.0,61405.7,61496.1,0.0,0.0,0.0
BTCUSDT,1781063100,2026-06-10 03:45:00+00:00,61496.2,61559.7,61454.7,61518.2,0.0,0.0,0.0
BTCUSDT,1781064000,2026-06-10 04:00:00+00:00,61518.3,61535.0,61406.0,61473.6,0.0,0.0,0.0
BTCUSDT,1781064900,2026-06-10 04:15:00+00:00,61473.7,61520.0,61422.0,61440.8,0.0,0.0,0.0
BTCUSDT,1781065800,2026-06-10 04:30:00+00:00,61440.7,61440.7,61153.5,61200.0,0.0,0.0,0.0
BTCUSDT,1781066700,2026-06-10 04:45:00+00:00,61199.9,61344.0,61160.0,61269.6,0.0,0.0,0.0
BTCUSDT,1781067600,2026-06-10 05:00:00+00:00,61269.6,61295.1,61099.0,61144.9,0.0,0.0,0.0
BTCUSDT,1781068500,2026-06-10 05:15:00+00:00,61145.0,61237.0,61045.7,61237.0,0.0,0.0,0.0
BTCUSDT,1781069400,2026-06-10 05:30:00+00:00,61236.9,61303.8,61156.0,61250.0,0.0,0.0,0.0
BTCUSDT,1781070300,2026-06-10 05:45:00+00:00,61249.9,61368.0,61180.0,61321.6,0.0,0.0,0.0
BTCUSDT,1781071200,2026-06-10 06:00:00+00:00,61321.6,61399.0,61255.5,61364.3,0.0,0.0,0.0
BTCUSDT,1781072100,2026-06-10 06:15:00+00:00,61364.4,61459.4,61287.2,61317.1,0.0,0.0,0.0
BTCUSDT,1781073000,2026-06-10 06:30:00+00:00,61317.1,61432.3,61108.8,61403.6,0.0,0.0,0.0
BTCUSDT,1781073900,2026-06-10 06:45:00+00:00,61403.7,61493.0,61388.9,61436.5,0.0,0.0,0.0
BTCUSDT,1781074800,2026-06-10 07:00:00+00:00,61436.4,61568.4,61400.7,61539.7,0.0,0.0,0.0
BTCUSDT,1781075700,2026-06-10 07:15:00+00:00,61539.7,61688.0,61523.1,61614.8,0.0,0.0,0.0
BTCUSDT,1781076600,2026-06-10 07:30:00+00:00,61614.8,61783.4,61528.5,61723.9,0.0,0.0,0.0
BTCUSDT,1781077500,2026-06-10 07:45:00+00:00,61724.0,61748.9,61622.9,61654.3,0.0,0.0,0.0
BTCUSDT,1781078400,2026-06-10 08:00:00+00:00,61654.3,61680.0,61503.8,61582.3,0.0,0.0,0.0
BTCUSDT,1781079300,2026-06-10 08:15:00+00:00,61582.4,61707.6,61450.0,61508.0,0.0,0.0,0.0
BTCUSDT,1781080200,2026-06-10 08:30:00+00:00,61507.9,61575.6,61206.8,61207.9,0.0,0.0,0.0
BTCUSDT,1781081100,2026-06-10 08:45:00+00:00,61207.9,61300.0,61128.7,61228.7,0.0,0.0,0.0
BTCUSDT,1781082000,2026-06-10 09:00:00+00:00,61228.8,61288.0,61020.5,61032.4,0.0,0.0,0.0
BTCUSDT,1781082900,2026-06-10 09:15:00+00:00,61032.5,61216.9,60691.9,61176.6,0.0,0.0,0.0
BTCUSDT,1781083800,2026-06-10 09:30:00+00:00,61176.7,61396.4,61150.6,61234.3,0.0,0.0,0.0
BTCUSDT,1781084700,2026-06-10 09:45:00+00:00,61234.3,61376.9,61121.2,61302.7,0.0,0.0,0.0
BTCUSDT,1781085600,2026-06-10 10:00:00+00:00,61303.2,61321.1,61133.1,61205.4,0.0,0.0,0.0
BTCUSDT,1781086500,2026-06-10 10:15:00+00:00,61205.4,61333.2,61113.2,61301.5,0.0,0.0,0.0
BTCUSDT,1781087400,2026-06-10 10:30:00+00:00,61301.5,61426.7,61230.2,61281.9,0.0,0.0,0.0
BTCUSDT,1781088300,2026-06-10 10:45:00+00:00,61281.8,61383.9,61250.0,61350.1,0.0,0.0,0.0
BTCUSDT,1781089200,2026-06-10 11:00:00+00:00,61350.1,61406.0,60824.5,61138.1,0.0,0.0,0.0
BTCUSDT,1781090100,2026-06-10 11:15:00+00:00,61138.1,61228.7,60845.3,60936.2,0.0,0.0,0.0
BTCUSDT,1781091000,2026-06-10 11:30:00+00:00,60936.2,61033.4,60891.5,60990.6,0.0,0.0,0.0
BTCUSDT,1781091900,2026-06-10 11:45:00+00:00,60990.5,61087.7,60943.0,61003.1,0.0,0.0,0.0
BTCUSDT,1781092800,2026-06-10 12:00:00+00:00,61003.1,61195.2,60930.0,61161.0,0.0,0.0,0.0
BTCUSDT,1781093700,2026-06-10 12:15:00+00:00,61161.1,61219.2,61010.8,61134.7,0.0,0.0,0.0
BTCUSDT,1781094600,2026-06-10 12:30:00+00:00,61134.8,61918.0,61101.6,61660.0,0.0,0.0,0.0
BTCUSDT,1781095500,2026-06-10 12:45:00+00:00,61660.0,61770.4,61531.7,61531.7,0.0,0.0,0.0
BTCUSDT,1781096400,2026-06-10 13:00:00+00:00,61531.8,61597.4,61468.6,61501.3,0.0,0.0,0.0
BTCUSDT,1781097300,2026-06-10 13:15:00+00:00,61501.3,61561.0,61406.8,61531.1,0.0,0.0,0.0
BTCUSDT,1781098200,2026-06-10 13:30:00+00:00,61531.1,62357.4,61474.7,62357.4,0.0,0.0,0.0
BTCUSDT,1781099100,2026-06-10 13:45:00+00:00,62357.4,62445.0,62037.0,62123.9,0.0,0.0,0.0
BTCUSDT,1781100000,2026-06-10 14:00:00+00:00,62123.9,62230.0,61960.5,61975.1,0.0,0.0,0.0
BTCUSDT,1781100900,2026-06-10 14:15:00+00:00,61975.2,62142.9,61830.0,62020.0,0.0,0.0,0.0
BTCUSDT,1781101800,2026-06-10 14:30:00+00:00,62020.0,62089.4,61782.0,61915.0,0.0,0.0,0.0
BTCUSDT,1781102700,2026-06-10 14:45:00+00:00,61915.0,62174.4,61785.5,62170.8,0.0,0.0,0.0
BTCUSDT,1781103600,2026-06-10 15:00:00+00:00,62170.9,62399.9,61834.8,61908.0,0.0,0.0,0.0
BTCUSDT,1781104500,2026-06-10 15:15:00+00:00,61908.1,62331.0,61814.0,62229.7,0.0,0.0,0.0
BTCUSDT,1781105400,2026-06-10 15:30:00+00:00,62229.7,62397.0,62157.4,62363.6,0.0,0.0,0.0
BTCUSDT,1781106300,2026-06-10 15:45:00+00:00,62363.7,62840.2,62085.7,62604.8,0.0,0.0,0.0
BTCUSDT,1781107200,2026-06-10 16:00:00+00:00,62604.7,62617.1,62288.6,62309.9,0.0,0.0,0.0
BTCUSDT,1781108100,2026-06-10 16:15:00+00:00,62309.9,62418.7,62076.0,62252.8,0.0,0.0,0.0
BTCUSDT,1781109000,2026-06-10 16:30:00+00:00,62252.8,62384.9,62123.9,62192.4,0.0,0.0,0.0
BTCUSDT,1781109900,2026-06-10 16:45:00+00:00,62192.4,62197.7,61891.2,62194.5,0.0,0.0,0.0
BTCUSDT,1781110800,2026-06-10 17:00:00+00:00,62194.6,62330.3,61975.7,62063.8,0.0,0.0,0.0
BTCUSDT,1781111700,2026-06-10 17:15:00+00:00,62063.8,62169.5,61853.4,61871.3,0.0,0.0,0.0
BTCUSDT,1781112600,2026-06-10 17:30:00+00:00,61871.4,61897.3,61616.0,61719.4,0.0,0.0,0.0
BTCUSDT,1781113500,2026-06-10 17:45:00+00:00,61719.5,62015.8,61690.5,61944.5,0.0,0.0,0.0
BTCUSDT,1781114400,2026-06-10 18:00:00+00:00,61944.4,62137.3,61885.5,61930.2,0.0,0.0,0.0
BTCUSDT,1781115300,2026-06-10 18:15:00+00:00,61930.3,61993.8,61808.0,61992.3,0.0,0.0,0.0
BTCUSDT,1781116200,2026-06-10 18:30:00+00:00,61992.2,61992.3,61712.3,61750.5,0.0,0.0,0.0
BTCUSDT,1781117100,2026-06-10 18:45:00+00:00,61750.6,61869.6,61552.0,61856.0,0.0,0.0,0.0
BTCUSDT,1781118000,2026-06-10 19:00:00+00:00,61856.0,61910.0,61703.6,61718.0,0.0,0.0,0.0
BTCUSDT,1781118900,2026-06-10 19:15:00+00:00,61718.0,61807.9,61641.4,61760.1,0.0,0.0,0.0
BTCUSDT,1781119800,2026-06-10 19:30:00+00:00,61760.0,62038.0,61756.1,61988.4,0.0,0.0,0.0
BTCUSDT,1781120700,2026-06-10 19:45:00+00:00,61988.3,62016.6,61815.8,61908.7,0.0,0.0,0.0
BTCUSDT,1781121600,2026-06-10 20:00:00+00:00,61908.7,61921.2,61644.4,61781.1,0.0,0.0,0.0
BTCUSDT,1781122500,2026-06-10 20:15:00+00:00,61781.2,61918.4,61707.4,61881.4,0.0,0.0,0.0
BTCUSDT,1781123400,2026-06-10 20:30:00+00:00,61881.3,61899.5,61775.0,61775.0,0.0,0.0,0.0
BTCUSDT,1781124300,2026-06-10 20:45:00+00:00,61775.0,61809.8,61673.9,61770.1,0.0,0.0,0.0
BTCUSDT,1781125200,2026-06-10 21:00:00+00:00,61770.1,61773.1,61468.0,61519.2,0.0,0.0,0.0
BTCUSDT,1781126100,2026-06-10 21:15:00+00:00,61519.3,61665.8,61501.0,61547.0,0.0,0.0,0.0
BTCUSDT,1781127000,2026-06-10 21:30:00+00:00,61547.0,61697.7,61541.3,61653.9,0.0,0.0,0.0
BTCUSDT,1781127900,2026-06-10 21:45:00+00:00,61653.9,61665.9,61150.1,61327.3,0.0,0.0,0.0
BTCUSDT,1781128800,2026-06-10 22:00:00+00:00,61327.4,61336.3,61140.0,61216.9,0.0,0.0,0.0
BTCUSDT,1781129700,2026-06-10 22:15:00+00:00,61216.9,61314.7,61068.6,61225.1,0.0,0.0,0.0
BTCUSDT,1781130600,2026-06-10 22:30:00+00:00,61225.0,61547.9,61214.3,61536.2,0.0,0.0,0.0
BTCUSDT,1781131500,2026-06-10 22:45:00+00:00,61536.1,61536.2,61334.8,61353.2,0.0,0.0,0.0
BTCUSDT,1781132400,2026-06-10 23:00:00+00:00,61353.1,61353.1,61162.6,61180.6,0.0,0.0,0.0
BTCUSDT,1781133300,2026-06-10 23:15:00+00:00,61180.6,61556.6,61135.8,61524.4,0.0,0.0,0.0
BTCUSDT,1781134200,2026-06-10 23:30:00+00:00,61524.3,61582.1,61438.8,61517.3,0.0,0.0,0.0
BTCUSDT,1781135100,2026-06-10 23:45:00+00:00,61517.3,61569.1,61447.3,61483.7,0.0,0.0,0.0
BTCUSDT,1781136000,2026-06-11 00:00:00+00:00,61483.6,61672.2,61483.6,61654.7,0.0,0.0,0.0
BTCUSDT,1781136900,2026-06-11 00:15:00+00:00,61654.6,61955.8,61654.6,61860.5,0.0,0.0,0.0
BTCUSDT,1781137800,2026-06-11 00:30:00+00:00,61860.5,61872.0,61740.9,61756.2,0.0,0.0,0.0
BTCUSDT,1781138700,2026-06-11 00:45:00+00:00,61756.2,61906.4,61756.2,61794.6,0.0,0.0,0.0
BTCUSDT,1781139600,2026-06-11 01:00:00+00:00,61794.6,62089.2,61793.5,62012.0,0.0,0.0,0.0
BTCUSDT,1781140500,2026-06-11 01:15:00+00:00,62012.0,62212.0,61985.0,62149.9,0.0,0.0,0.0
BTCUSDT,1781141400,2026-06-11 01:30:00+00:00,62149.8,62350.0,62066.0,62227.9,0.0,0.0,0.0
BTCUSDT,1781142300,2026-06-11 01:45:00+00:00,62228.0,62270.5,62141.1,62180.3,0.0,0.0,0.0
BTCUSDT,1781143200,2026-06-11 02:00:00+00:00,62180.4,62253.8,62080.0,62148.2,0.0,0.0,0.0
BTCUSDT,1781144100,2026-06-11 02:15:00+00:00,62148.5,62278.3,62015.8,62033.5,0.0,0.0,0.0
BTCUSDT,1781145000,2026-06-11 02:30:00+00:00,62033.5,62076.8,61911.5,62042.7,0.0,0.0,0.0
BTCUSDT,1781145900,2026-06-11 02:45:00+00:00,62042.8,62200.0,61974.2,62113.5,0.0,0.0,0.0
BTCUSDT,1781146800,2026-06-11 03:00:00+00:00,62113.5,62161.4,61975.6,62038.5,0.0,0.0,0.0
BTCUSDT,1781147700,2026-06-11 03:15:00+00:00,62038.5,62100.0,61984.9,62081.0,0.0,0.0,0.0
BTCUSDT,1781148600,2026-06-11 03:30:00+00:00,62081.1,62552.5,62078.3,62338.9,0.0,0.0,0.0
BTCUSDT,1781149500,2026-06-11 03:45:00+00:00,62338.8,62922.0,62338.8,62657.5,0.0,0.0,0.0
BTCUSDT,1781150400,2026-06-11 04:00:00+00:00,62657.5,62713.0,62546.0,62635.8,0.0,0.0,0.0
BTCUSDT,1781151300,2026-06-11 04:15:00+00:00,62635.9,62680.2,62566.3,62590.2,0.0,0.0,0.0
BTCUSDT,1781152200,2026-06-11 04:30:00+00:00,62590.3,62670.0,62512.6,62639.3,0.0,0.0,0.0
BTCUSDT,1781153100,2026-06-11 04:45:00+00:00,62639.2,62827.0,62631.6,62692.9,0.0,0.0,0.0
BTCUSDT,1781154000,2026-06-11 05:00:00+00:00,62692.8,62694.3,62527.5,62596.4,0.0,0.0,0.0
BTCUSDT,1781154900,2026-06-11 05:15:00+00:00,62596.4,62696.7,62544.0,62605.4,0.0,0.0,0.0
BTCUSDT,1781155800,2026-06-11 05:30:00+00:00,62605.3,62674.7,62562.8,62673.7,0.0,0.0,0.0
BTCUSDT,1781156700,2026-06-11 05:45:00+00:00,62673.6,62683.2,62571.3,62581.7,0.0,0.0,0.0
BTCUSDT,1781157600,2026-06-11 06:00:00+00:00,62581.7,62788.9,62507.9,62754.5,0.0,0.0,0.0
BTCUSDT,1781158500,2026-06-11 06:15:00+00:00,62754.5,62993.4,62703.7,62845.5,0.0,0.0,0.0
BTCUSDT,1781159400,2026-06-11 06:30:00+00:00,62845.5,62975.4,62820.7,62919.8,0.0,0.0,0.0
BTCUSDT,1781160300,2026-06-11 06:45:00+00:00,62919.9,62920.0,62720.6,62734.2,0.0,0.0,0.0
BTCUSDT,1781161200,2026-06-11 07:00:00+00:00,62734.1,62764.7,62574.3,62623.0,0.0,0.0,0.0
BTCUSDT,1781162100,2026-06-11 07:15:00+00:00,62623.1,62770.0,62610.0,62759.1,0.0,0.0,0.0
BTCUSDT,1781163000,2026-06-11 07:30:00+00:00,62759.1,62812.2,62578.4,62647.3,0.0,0.0,0.0
BTCUSDT,1781163900,2026-06-11 07:45:00+00:00,62647.4,62725.7,62647.3,62693.3,0.0,0.0,0.0
BTCUSDT,1781164800,2026-06-11 08:00:00+00:00,62693.2,62856.5,62691.7,62799.9,0.0,0.0,0.0
BTCUSDT,1781165700,2026-06-11 08:15:00+00:00,62799.9,62938.1,62770.8,62924.6,0.0,0.0,0.0
BTCUSDT,1781166600,2026-06-11 08:30:00+00:00,62924.7,62961.4,62822.0,62832.6,0.0,0.0,0.0
BTCUSDT,1781167500,2026-06-11 08:45:00+00:00,62832.5,63043.1,62829.7,62927.2,0.0,0.0,0.0
BTCUSDT,1781168400,2026-06-11 09:00:00+00:00,62927.2,62937.0,62790.0,62840.8,0.0,0.0,0.0
BTCUSDT,1781169300,2026-06-11 09:15:00+00:00,62840.9,62840.9,62753.3,62794.6,0.0,0.0,0.0
BTCUSDT,1781170200,2026-06-11 09:30:00+00:00,62794.2,62941.7,62791.9,62908.2,0.0,0.0,0.0
BTCUSDT,1781171100,2026-06-11 09:45:00+00:00,62908.1,62970.7,62871.6,62899.9,0.0,0.0,0.0
BTCUSDT,1781172000,2026-06-11 10:00:00+00:00,62900.0,62955.0,62818.0,62884.3,0.0,0.0,0.0
BTCUSDT,1781172900,2026-06-11 10:15:00+00:00,62884.2,62906.1,62771.0,62824.5,0.0,0.0,0.0
BTCUSDT,1781173800,2026-06-11 10:30:00+00:00,62824.6,62929.5,62816.3,62899.2,0.0,0.0,0.0
BTCUSDT,1781174700,2026-06-11 10:45:00+00:00,62899.1,63188.0,62893.0,63120.3,0.0,0.0,0.0
BTCUSDT,1781175600,2026-06-11 11:00:00+00:00,63120.2,63182.6,63020.6,63164.5,0.0,0.0,0.0
BTCUSDT,1781176500,2026-06-11 11:15:00+00:00,63164.5,63188.0,63071.8,63129.7,0.0,0.0,0.0
BTCUSDT,1781177400,2026-06-11 11:30:00+00:00,63129.7,63235.9,63057.6,63103.9,0.0,0.0,0.0
BTCUSDT,1781178300,2026-06-11 11:45:00+00:00,63103.9,63220.0,63064.9,63078.0,0.0,0.0,0.0
BTCUSDT,1781179200,2026-06-11 12:00:00+00:00,63078.0,63173.8,62973.8,63125.3,0.0,0.0,0.0
BTCUSDT,1781180100,2026-06-11 12:15:00+00:00,63125.4,63166.2,62641.0,62660.1,0.0,0.0,0.0
BTCUSDT,1781181000,2026-06-11 12:30:00+00:00,62660.0,62923.1,62455.8,62889.9,0.0,0.0,0.0
BTCUSDT,1781181900,2026-06-11 12:45:00+00:00,62889.7,63029.3,62827.4,62978.3,0.0,0.0,0.0
BTCUSDT,1781182800,2026-06-11 13:00:00+00:00,62978.3,62979.9,62828.1,62878.4,0.0,0.0,0.0
BTCUSDT,1781183700,2026-06-11 13:15:00+00:00,62878.5,63030.0,62761.9,62792.4,0.0,0.0,0.0
BTCUSDT,1781184600,2026-06-11 13:30:00+00:00,62792.4,62940.0,62644.7,62940.0,0.0,0.0,0.0
BTCUSDT,1781185500,2026-06-11 13:45:00+00:00,62939.9,63200.0,62916.1,63046.1,0.0,0.0,0.0
BTCUSDT,1781186400,2026-06-11 14:00:00+00:00,63046.1,63060.0,62715.4,62757.0,0.0,0.0,0.0
BTCUSDT,1781187300,2026-06-11 14:15:00+00:00,62757.0,62994.0,62697.0,62982.3,0.0,0.0,0.0
BTCUSDT,1781188200,2026-06-11 14:30:00+00:00,62982.2,63037.8,62811.2,62821.0,0.0,0.0,0.0
BTCUSDT,1781189100,2026-06-11 14:45:00+00:00,62821.1,62982.0,62698.5,62699.6,0.0,0.0,0.0
BTCUSDT,1781190000,2026-06-11 15:00:00+00:00,62699.6,62829.0,62494.6,62664.5,0.0,0.0,0.0
BTCUSDT,1781190900,2026-06-11 15:15:00+00:00,62664.5,62792.7,62593.3,62696.4,0.0,0.0,0.0
BTCUSDT,1781191800,2026-06-11 15:30:00+00:00,62696.3,62856.7,62608.5,62652.9,0.0,0.0,0.0
BTCUSDT,1781192700,2026-06-11 15:45:00+00:00,62653.0,62721.2,62535.3,62721.1,0.0,0.0,0.0
BTCUSDT,1781193600,2026-06-11 16:00:00+00:00,62721.2,62808.5,62638.8,62798.7,0.0,0.0,0.0
BTCUSDT,1781194500,2026-06-11 16:15:00+00:00,62798.8,62810.0,62531.0,62604.8,0.0,0.0,0.0
BTCUSDT,1781195400,2026-06-11 16:30:00+00:00,62604.8,62780.0,62502.4,62629.0,0.0,0.0,0.0
BTCUSDT,1781196300,2026-06-11 16:45:00+00:00,62629.0,62662.7,62545.1,62546.6,0.0,0.0,0.0
BTCUSDT,1781197200,2026-06-11 17:00:00+00:00,62546.6,62595.4,62333.0,62433.0,0.0,0.0,0.0
BTCUSDT,1781198100,2026-06-11 17:15:00+00:00,62433.0,63028.6,62315.0,62981.1,0.0,0.0,0.0
BTCUSDT,1781199000,2026-06-11 17:30:00+00:00,62982.2,63455.1,62948.1,63302.4,0.0,0.0,0.0
BTCUSDT,1781199900,2026-06-11 17:45:00+00:00,63302.4,63643.0,63278.2,63614.2,0.0,0.0,0.0
BTCUSDT,1781200800,2026-06-11 18:00:00+00:00,63614.2,63768.7,63283.4,63444.8,0.0,0.0,0.0
BTCUSDT,1781201700,2026-06-11 18:15:00+00:00,63444.7,63583.9,63318.0,63363.5,0.0,0.0,0.0
BTCUSDT,1781202600,2026-06-11 18:30:00+00:00,63363.5,63536.0,63340.9,63512.6,0.0,0.0,0.0
BTCUSDT,1781203500,2026-06-11 18:45:00+00:00,63512.6,63545.3,63425.6,63426.0,0.0,0.0,0.0
BTCUSDT,1781204400,2026-06-11 19:00:00+00:00,63426.0,63578.9,63350.4,63499.1,0.0,0.0,0.0
BTCUSDT,1781205300,2026-06-11 19:15:00+00:00,63499.1,63670.8,63499.0,63560.0,0.0,0.0,0.0
BTCUSDT,1781206200,2026-06-11 19:30:00+00:00,63560.0,63915.3,63556.2,63653.4,0.0,0.0,0.0
BTCUSDT,1781207100,2026-06-11 19:45:00+00:00,63653.5,63694.6,63562.6,63567.6,0.0,0.0,0.0
BTCUSDT,1781208000,2026-06-11 20:00:00+00:00,63567.7,63633.6,63452.8,63499.9,0.0,0.0,0.0
BTCUSDT,1781208900,2026-06-11 20:15:00+00:00,63499.9,63516.3,63290.3,63342.3,0.0,0.0,0.0
BTCUSDT,1781209800,2026-06-11 20:30:00+00:00,63342.0,63381.6,63255.0,63255.0,0.0,0.0,0.0
BTCUSDT,1781210700,2026-06-11 20:45:00+00:00,63255.1,63378.5,63235.8,63361.9,0.0,0.0,0.0
BTCUSDT,1781211600,2026-06-11 21:00:00+00:00,63361.9,63571.5,63359.7,63520.9,0.0,0.0,0.0
BTCUSDT,1781212500,2026-06-11 21:15:00+00:00,63521.0,63532.5,63408.7,63449.8,0.0,0.0,0.0
BTCUSDT,1781213400,2026-06-11 21:30:00+00:00,63449.8,63506.5,63422.6,63501.0,0.0,0.0,0.0
BTCUSDT,1781214300,2026-06-11 21:45:00+00:00,63501.0,63549.0,63420.2,63487.2,0.0,0.0,0.0
BTCUSDT,1781215200,2026-06-11 22:00:00+00:00,63487.3,63633.3,63467.5,63598.9,0.0,0.0,0.0
BTCUSDT,1781216100,2026-06-11 22:15:00+00:00,63599.0,63640.6,63500.0,63558.4,0.0,0.0,0.0
BTCUSDT,1781217000,2026-06-11 22:30:00+00:00,63558.4,63609.1,63457.5,63471.0,0.0,0.0,0.0
BTCUSDT,1781217900,2026-06-11 22:45:00+00:00,63471.0,63550.0,63425.0,63467.1,0.0,0.0,0.0
BTCUSDT,1781218800,2026-06-11 23:00:00+00:00,63467.1,63469.1,63328.1,63375.9,0.0,0.0,0.0
BTCUSDT,1781219700,2026-06-11 23:15:00+00:00,63375.9,63406.3,63340.0,63349.5,0.0,0.0,0.0
BTCUSDT,1781220600,2026-06-11 23:30:00+00:00,63349.5,63712.3,63349.5,63604.7,0.0,0.0,0.0
BTCUSDT,1781221500,2026-06-11 23:45:00+00:00,63604.8,63626.6,63491.0,63597.9,0.0,0.0,0.0
BTCUSDT,1781222400,2026-06-12 00:00:00+00:00,63598.0,63777.0,63511.1,63709.9,0.0,0.0,0.0
BTCUSDT,1781223300,2026-06-12 00:15:00+00:00,63709.8,63709.8,63489.8,63586.9,0.0,0.0,0.0
BTCUSDT,1781224200,2026-06-12 00:30:00+00:00,63586.8,63718.6,63531.8,63626.1,0.0,0.0,0.0
BTCUSDT,1781225100,2026-06-12 00:45:00+00:00,63626.0,63700.0,63604.8,63617.7,0.0,0.0,0.0
BTCUSDT,1781226000,2026-06-12 01:00:00+00:00,63617.7,63617.7,63432.3,63455.8,0.0,0.0,0.0
BTCUSDT,1781226900,2026-06-12 01:15:00+00:00,63455.7,63510.0,63271.6,63326.4,0.0,0.0,0.0
BTCUSDT,1781227800,2026-06-12 01:30:00+00:00,63326.3,63390.0,63282.9,63345.5,0.0,0.0,0.0
BTCUSDT,1781228700,2026-06-12 01:45:00+00:00,63345.6,63441.1,63345.5,63402.9,0.0,0.0,0.0
BTCUSDT,1781229600,2026-06-12 02:00:00+00:00,63402.9,63758.4,63402.9,63640.1,0.0,0.0,0.0
BTCUSDT,1781230500,2026-06-12 02:15:00+00:00,63640.1,63666.9,63491.5,63529.7,0.0,0.0,0.0
BTCUSDT,1781231400,2026-06-12 02:30:00+00:00,63529.7,63617.6,63460.0,63608.2,0.0,0.0,0.0
BTCUSDT,1781232300,2026-06-12 02:45:00+00:00,63608.2,63608.2,63524.1,63589.3,0.0,0.0,0.0
BTCUSDT,1781233200,2026-06-12 03:00:00+00:00,63589.2,63620.1,63479.2,63501.0,0.0,0.0,0.0
BTCUSDT,1781234100,2026-06-12 03:15:00+00:00,63501.0,63501.0,63314.7,63403.8,0.0,0.0,0.0
BTCUSDT,1781235000,2026-06-12 03:30:00+00:00,63403.8,63498.9,63403.7,63444.5,0.0,0.0,0.0
BTCUSDT,1781235900,2026-06-12 03:45:00+00:00,63444.4,63500.0,63423.3,63490.0,0.0,0.0,0.0
BTCUSDT,1781236800,2026-06-12 04:00:00+00:00,63490.1,63529.3,63391.2,63468.7,0.0,0.0,0.0
BTCUSDT,1781237700,2026-06-12 04:15:00+00:00,63468.7,63788.3,63468.7,63763.8,0.0,0.0,0.0
BTCUSDT,1781238600,2026-06-12 04:30:00+00:00,63763.7,63843.2,63654.9,63692.6,0.0,0.0,0.0
BTCUSDT,1781239500,2026-06-12 04:45:00+00:00,63692.5,63732.4,63655.4,63670.4,0.0,0.0,0.0
BTCUSDT,1781240400,2026-06-12 05:00:00+00:00,63670.5,63695.4,63383.7,63405.1,0.0,0.0,0.0
BTCUSDT,1781241300,2026-06-12 05:15:00+00:00,63405.1,63499.5,63404.6,63457.2,0.0,0.0,0.0
BTCUSDT,1781242200,2026-06-12 05:30:00+00:00,63457.1,63470.0,63305.0,63362.8,0.0,0.0,0.0
BTCUSDT,1781243100,2026-06-12 05:45:00+00:00,63362.8,63381.7,63265.4,63317.6,0.0,0.0,0.0
BTCUSDT,1781244000,2026-06-12 06:00:00+00:00,63317.6,63385.9,63239.6,63272.4,0.0,0.0,0.0
BTCUSDT,1781244900,2026-06-12 06:15:00+00:00,63272.4,63272.5,63062.8,63121.0,0.0,0.0,0.0
BTCUSDT,1781245800,2026-06-12 06:30:00+00:00,63121.0,63121.0,62800.0,62899.1,0.0,0.0,0.0
BTCUSDT,1781246700,2026-06-12 06:45:00+00:00,62899.2,62997.1,62892.4,62955.9,0.0,0.0,0.0
BTCUSDT,1781247600,2026-06-12 07:00:00+00:00,62956.0,63096.4,62950.0,62957.0,0.0,0.0,0.0
BTCUSDT,1781248500,2026-06-12 07:15:00+00:00,62957.0,63057.4,62919.9,62994.4,0.0,0.0,0.0
BTCUSDT,1781249400,2026-06-12 07:30:00+00:00,62994.5,63063.2,62946.1,63026.6,0.0,0.0,0.0
BTCUSDT,1781250300,2026-06-12 07:45:00+00:00,63026.7,63180.8,62974.6,63066.5,0.0,0.0,0.0
BTCUSDT,1781251200,2026-06-12 08:00:00+00:00,63066.5,63319.3,63063.9,63266.4,0.0,0.0,0.0
BTCUSDT,1781252100,2026-06-12 08:15:00+00:00,63266.3,63587.0,63252.4,63500.0,0.0,0.0,0.0
BTCUSDT,1781253000,2026-06-12 08:30:00+00:00,63500.0,63512.4,63346.3,63360.9,0.0,0.0,0.0
BTCUSDT,1781253900,2026-06-12 08:45:00+00:00,63361.0,63456.4,63324.5,63440.5,0.0,0.0,0.0
BTCUSDT,1781254800,2026-06-12 09:00:00+00:00,63440.5,63567.7,63398.3,63536.4,0.0,0.0,0.0
BTCUSDT,1781255700,2026-06-12 09:15:00+00:00,63536.3,63768.3,63518.1,63735.0,0.0,0.0,0.0
BTCUSDT,1781256600,2026-06-12 09:30:00+00:00,63735.0,63929.9,63731.7,63854.2,0.0,0.0,0.0
BTCUSDT,1781257500,2026-06-12 09:45:00+00:00,63854.2,63913.1,63719.8,63729.5,0.0,0.0,0.0
BTCUSDT,1781258400,2026-06-12 10:00:00+00:00,63729.5,63824.0,63657.6,63741.0,0.0,0.0,0.0
BTCUSDT,1781259300,2026-06-12 10:15:00+00:00,63741.0,63782.4,63541.9,63582.6,0.0,0.0,0.0
BTCUSDT,1781260200,2026-06-12 10:30:00+00:00,63582.7,63727.4,63575.9,63654.7,0.0,0.0,0.0
BTCUSDT,1781261100,2026-06-12 10:45:00+00:00,63654.7,63713.0,63628.0,63665.1,0.0,0.0,0.0
BTCUSDT,1781262000,2026-06-12 11:00:00+00:00,63665.2,63853.8,63651.2,63792.7,0.0,0.0,0.0
BTCUSDT,1781262900,2026-06-12 11:15:00+00:00,63792.7,63846.9,63724.8,63792.0,0.0,0.0,0.0
BTCUSDT,1781263800,2026-06-12 11:30:00+00:00,63792.1,63792.1,63650.0,63763.2,0.0,0.0,0.0
BTCUSDT,1781264700,2026-06-12 11:45:00+00:00,63763.1,63855.8,63729.4,63729.4,0.0,0.0,0.0
BTCUSDT,1781265600,2026-06-12 12:00:00+00:00,63729.4,63745.1,63586.1,63599.9,0.0,0.0,0.0
BTCUSDT,1781266500,2026-06-12 12:15:00+00:00,63600.0,63651.9,63426.0,63435.5,0.0,0.0,0.0
BTCUSDT,1781267400,2026-06-12 12:30:00+00:00,63435.6,63543.0,63358.2,63401.8,0.0,0.0,0.0
BTCUSDT,1781268300,2026-06-12 12:45:00+00:00,63401.9,63514.7,63331.9,63433.7,0.0,0.0,0.0
BTCUSDT,1781269200,2026-06-12 13:00:00+00:00,63433.8,63481.2,63330.4,63456.2,0.0,0.0,0.0
BTCUSDT,1781270100,2026-06-12 13:15:00+00:00,63456.3,63507.9,63321.5,63381.0,0.0,0.0,0.0
BTCUSDT,1781271000,2026-06-12 13:30:00+00:00,63381.0,63427.3,63020.6,63107.8,0.0,0.0,0.0
BTCUSDT,1781271900,2026-06-12 13:45:00+00:00,63107.8,63240.0,63070.2,63200.3,0.0,0.0,0.0
BTCUSDT,1781272800,2026-06-12 14:00:00+00:00,63200.3,63532.0,63160.4,63418.1,0.0,0.0,0.0
BTCUSDT,1781273700,2026-06-12 14:15:00+00:00,63418.1,63647.8,63280.7,63603.0,0.0,0.0,0.0
BTCUSDT,1781274600,2026-06-12 14:30:00+00:00,63602.9,63768.8,63450.0,63483.2,0.0,0.0,0.0
BTCUSDT,1781275500,2026-06-12 14:45:00+00:00,63483.2,63988.0,63434.0,63971.0,0.0,0.0,0.0
BTCUSDT,1781276400,2026-06-12 15:00:00+00:00,63971.1,64354.7,63859.3,64345.7,0.0,0.0,0.0
BTCUSDT,1781277300,2026-06-12 15:15:00+00:00,64345.8,64362.6,64084.6,64099.9,0.0,0.0,0.0
BTCUSDT,1781278200,2026-06-12 15:30:00+00:00,64100.0,64100.0,63766.3,63873.4,0.0,0.0,0.0
BTCUSDT,1781279100,2026-06-12 15:45:00+00:00,63873.3,63909.4,63504.2,63557.0,0.0,0.0,0.0
BTCUSDT,1781280000,2026-06-12 16:00:00+00:00,63557.1,63942.6,63477.5,63827.6,0.0,0.0,0.0
BTCUSDT,1781280900,2026-06-12 16:15:00+00:00,63827.5,63970.0,63726.8,63873.2,0.0,0.0,0.0
BTCUSDT,1781281800,2026-06-12 16:30:00+00:00,63873.1,63974.8,63738.4,63817.4,0.0,0.0,0.0
BTCUSDT,1781282700,2026-06-12 16:45:00+00:00,63817.5,63957.1,63795.4,63951.2,0.0,0.0,0.0
BTCUSDT,1781283600,2026-06-12 17:00:00+00:00,63951.2,64083.3,63840.3,63875.6,0.0,0.0,0.0
BTCUSDT,1781284500,2026-06-12 17:15:00+00:00,63875.5,63890.9,63708.0,63793.7,0.0,0.0,0.0
BTCUSDT,1781285400,2026-06-12 17:30:00+00:00,63793.8,63888.2,63724.4,63797.5,0.0,0.0,0.0
BTCUSDT,1781286300,2026-06-12 17:45:00+00:00,63797.5,63854.9,63770.2,63836.9,0.0,0.0,0.0
BTCUSDT,1781287200,2026-06-12 18:00:00+00:00,63836.9,63907.0,63679.7,63784.6,0.0,0.0,0.0
BTCUSDT,1781288100,2026-06-12 18:15:00+00:00,63784.6,63812.2,63650.0,63748.8,0.0,0.0,0.0
BTCUSDT,1781289000,2026-06-12 18:30:00+00:00,63748.9,63889.1,63695.2,63838.8,0.0,0.0,0.0
BTCUSDT,1781289900,2026-06-12 18:45:00+00:00,63838.8,63876.5,63647.9,63661.8,0.0,0.0,0.0
BTCUSDT,1781290800,2026-06-12 19:00:00+00:00,63661.8,63759.6,63636.3,63680.0,0.0,0.0,0.0
BTCUSDT,1781291700,2026-06-12 19:15:00+00:00,63679.9,63755.8,63611.5,63700.7,0.0,0.0,0.0
BTCUSDT,1781292600,2026-06-12 19:30:00+00:00,63700.7,63790.8,63600.5,63615.6,0.0,0.0,0.0
BTCUSDT,1781293500,2026-06-12 19:45:00+00:00,63615.5,63638.9,63555.0,63555.1,0.0,0.0,0.0
BTCUSDT,1781294400,2026-06-12 20:00:00+00:00,63555.0,63664.4,63523.6,63598.0,0.0,0.0,0.0
BTCUSDT,1781295300,2026-06-12 20:15:00+00:00,63597.9,63613.2,63480.0,63500.0,0.0,0.0,0.0
BTCUSDT,1781296200,2026-06-12 20:30:00+00:00,63500.0,63552.3,63482.3,63495.7,0.0,0.0,0.0
BTCUSDT,1781297100,2026-06-12 20:45:00+00:00,63495.8,63508.1,63352.3,63417.9,0.0,0.0,0.0
BTCUSDT,1781298000,2026-06-12 21:00:00+00:00,63418.2,63608.1,63413.0,63574.2,0.0,0.0,0.0
BTCUSDT,1781298900,2026-06-12 21:15:00+00:00,63574.3,63603.4,63471.6,63485.6,0.0,0.0,0.0
BTCUSDT,1781299800,2026-06-12 21:30:00+00:00,63485.7,63550.0,63472.1,63511.6,0.0,0.0,0.0
BTCUSDT,1781300700,2026-06-12 21:45:00+00:00,63511.6,63528.5,63413.5,63450.1,0.0,0.0,0.0
BTCUSDT,1781301600,2026-06-12 22:00:00+00:00,63450.0,63532.3,63446.2,63486.9,0.0,0.0,0.0
BTCUSDT,1781302500,2026-06-12 22:15:00+00:00,63487.0,63633.3,63461.9,63570.6,0.0,0.0,0.0
BTCUSDT,1781303400,2026-06-12 22:30:00+00:00,63570.7,63590.2,63435.6,63481.5,0.0,0.0,0.0
BTCUSDT,1781304300,2026-06-12 22:45:00+00:00,63481.6,63509.5,63460.0,63482.8,0.0,0.0,0.0
BTCUSDT,1781305200,2026-06-12 23:00:00+00:00,63482.8,63485.9,63416.6,63440.1,0.0,0.0,0.0
BTCUSDT,1781306100,2026-06-12 23:15:00+00:00,63440.1,63475.4,63394.3,63424.2,0.0,0.0,0.0
BTCUSDT,1781307000,2026-06-12 23:30:00+00:00,63424.2,63547.5,63408.3,63477.0,0.0,0.0,0.0
BTCUSDT,1781307900,2026-06-12 23:45:00+00:00,63477.0,63554.7,63477.0,63547.0,0.0,0.0,0.0
BTCUSDT,1781308800,2026-06-13 00:00:00+00:00,63547.0,63580.6,63505.9,63559.2,0.0,0.0,0.0
BTCUSDT,1781309700,2026-06-13 00:15:00+00:00,63559.2,63573.0,63500.0,63500.0,0.0,0.0,0.0
BTCUSDT,1781310600,2026-06-13 00:30:00+00:00,63500.0,63600.0,63480.0,63559.9,0.0,0.0,0.0
BTCUSDT,1781311500,2026-06-13 00:45:00+00:00,63559.8,63625.2,63525.2,63573.9,0.0,0.0,0.0
BTCUSDT,1781312400,2026-06-13 01:00:00+00:00,63573.9,63689.7,63573.9,63625.5,0.0,0.0,0.0
BTCUSDT,1781313300,2026-06-13 01:15:00+00:00,63625.5,63652.6,63575.1,63629.2,0.0,0.0,0.0
BTCUSDT,1781314200,2026-06-13 01:30:00+00:00,63629.3,63828.4,63608.8,63725.0,0.0,0.0,0.0
BTCUSDT,1781315100,2026-06-13 01:45:00+00:00,63725.1,63814.0,63725.0,63801.0,0.0,0.0,0.0
BTCUSDT,1781316000,2026-06-13 02:00:00+00:00,63801.1,63806.9,63736.1,63762.2,0.0,0.0,0.0
BTCUSDT,1781316900,2026-06-13 02:15:00+00:00,63762.1,63775.1,63649.0,63684.9,0.0,0.0,0.0
BTCUSDT,1781317800,2026-06-13 02:30:00+00:00,63684.9,63698.1,63585.6,63590.9,0.0,0.0,0.0
BTCUSDT,1781318700,2026-06-13 02:45:00+00:00,63590.9,63628.2,63517.8,63612.0,0.0,0.0,0.0
BTCUSDT,1781319600,2026-06-13 03:00:00+00:00,63612.1,63695.0,63612.1,63626.4,0.0,0.0,0.0
BTCUSDT,1781320500,2026-06-13 03:15:00+00:00,63626.4,63647.9,63360.0,63479.7,0.0,0.0,0.0
BTCUSDT,1781321400,2026-06-13 03:30:00+00:00,63479.6,63494.4,63446.3,63471.5,0.0,0.0,0.0
BTCUSDT,1781322300,2026-06-13 03:45:00+00:00,63471.6,63525.3,63460.0,63494.4,0.0,0.0,0.0
BTCUSDT,1781323200,2026-06-13 04:00:00+00:00,63494.4,63538.5,63444.9,63481.9,0.0,0.0,0.0
BTCUSDT,1781324100,2026-06-13 04:15:00+00:00,63482.0,63558.1,63462.8,63508.5,0.0,0.0,0.0
BTCUSDT,1781325000,2026-06-13 04:30:00+00:00,63508.4,63597.9,63497.5,63585.1,0.0,0.0,0.0
BTCUSDT,1781325900,2026-06-13 04:45:00+00:00,63585.1,63619.1,63473.2,63475.2,0.0,0.0,0.0
BTCUSDT,1781326800,2026-06-13 05:00:00+00:00,63475.2,63550.3,63456.0,63530.4,0.0,0.0,0.0
BTCUSDT,1781327700,2026-06-13 05:15:00+00:00,63530.4,63564.8,63506.7,63536.3,0.0,0.0,0.0
BTCUSDT,1781328600,2026-06-13 05:30:00+00:00,63536.2,63562.5,63500.0,63546.5,0.0,0.0,0.0
BTCUSDT,1781329500,2026-06-13 05:45:00+00:00,63546.5,63555.0,63466.6,63554.9,0.0,0.0,0.0
BTCUSDT,1781330400,2026-06-13 06:00:00+00:00,63554.9,63584.7,63518.1,63550.0,0.0,0.0,0.0
BTCUSDT,1781331300,2026-06-13 06:15:00+00:00,63549.9,63646.5,63516.3,63646.5,0.0,0.0,0.0
BTCUSDT,1781332200,2026-06-13 06:30:00+00:00,63646.5,63674.1,63612.5,63644.4,0.0,0.0,0.0
BTCUSDT,1781333100,2026-06-13 06:45:00+00:00,63644.4,63720.2,63644.4,63707.2,0.0,0.0,0.0
BTCUSDT,1781334000,2026-06-13 07:00:00+00:00,63707.2,63724.7,63637.1,63692.9,0.0,0.0,0.0
BTCUSDT,1781334900,2026-06-13 07:15:00+00:00,63692.8,63777.7,63645.1,63749.4,0.0,0.0,0.0
BTCUSDT,1781335800,2026-06-13 07:30:00+00:00,63749.4,63810.0,63713.3,63800.1,0.0,0.0,0.0
BTCUSDT,1781336700,2026-06-13 07:45:00+00:00,63800.0,63879.0,63770.7,63823.9,0.0,0.0,0.0
BTCUSDT,1781337600,2026-06-13 08:00:00+00:00,63823.9,63859.9,63739.7,63762.3,0.0,0.0,0.0
BTCUSDT,1781338500,2026-06-13 08:15:00+00:00,63762.3,63808.3,63729.8,63777.4,0.0,0.0,0.0
BTCUSDT,1781339400,2026-06-13 08:30:00+00:00,63777.4,63896.5,63771.0,63847.8,0.0,0.0,0.0
BTCUSDT,1781340300,2026-06-13 08:45:00+00:00,63847.8,63847.9,63770.3,63771.6,0.0,0.0,0.0
BTCUSDT,1781341200,2026-06-13 09:00:00+00:00,63771.5,63819.4,63750.9,63780.4,0.0,0.0,0.0
BTCUSDT,1781342100,2026-06-13 09:15:00+00:00,63780.3,63833.0,63769.1,63787.9,0.0,0.0,0.0
BTCUSDT,1781343000,2026-06-13 09:30:00+00:00,63788.0,63800.0,63757.0,63784.8,0.0,0.0,0.0
BTCUSDT,1781343900,2026-06-13 09:45:00+00:00,63784.7,63788.0,63708.2,63709.9,0.0,0.0,0.0
BTCUSDT,1781344800,2026-06-13 10:00:00+00:00,63709.9,63754.5,63683.1,63754.5,0.0,0.0,0.0
BTCUSDT,1781345700,2026-06-13 10:15:00+00:00,63754.5,63761.6,63719.7,63746.1,0.0,0.0,0.0
BTCUSDT,1781346600,2026-06-13 10:30:00+00:00,63746.1,63866.0,63746.1,63820.0,0.0,0.0,0.0
BTCUSDT,1781347500,2026-06-13 10:45:00+00:00,63819.9,63883.2,63766.8,63812.9,0.0,0.0,0.0
BTCUSDT,1781348400,2026-06-13 11:00:00+00:00,63813.0,63934.8,63809.4,63894.0,0.0,0.0,0.0
BTCUSDT,1781349300,2026-06-13 11:15:00+00:00,63894.1,63949.9,63892.6,63922.6,0.0,0.0,0.0
BTCUSDT,1781350200,2026-06-13 11:30:00+00:00,63922.2,63922.2,63859.0,63879.4,0.0,0.0,0.0
BTCUSDT,1781351100,2026-06-13 11:45:00+00:00,63879.3,63938.0,63861.4,63936.1,0.0,0.0,0.0
BTCUSDT,1781352000,2026-06-13 12:00:00+00:00,63936.1,63936.1,63882.6,63903.2,0.0,0.0,0.0
BTCUSDT,1781352900,2026-06-13 12:15:00+00:00,63903.2,63948.0,63890.0,63926.9,0.0,0.0,0.0
BTCUSDT,1781353800,2026-06-13 12:30:00+00:00,63926.9,63992.5,63926.8,63970.1,0.0,0.0,0.0
BTCUSDT,1781354700,2026-06-13 12:45:00+00:00,63970.0,64187.7,63970.0,64103.1,0.0,0.0,0.0
BTCUSDT,1781355600,2026-06-13 13:00:00+00:00,64103.0,64139.6,64039.7,64137.8,0.0,0.0,0.0
BTCUSDT,1781356500,2026-06-13 13:15:00+00:00,64137.9,64200.0,64080.3,64192.8,0.0,0.0,0.0
BTCUSDT,1781357400,2026-06-13 13:30:00+00:00,64192.8,64217.0,64129.7,64130.0,0.0,0.0,0.0
BTCUSDT,1781358300,2026-06-13 13:45:00+00:00,64130.1,64160.8,64026.6,64071.0,0.0,0.0,0.0
BTCUSDT,1781359200,2026-06-13 14:00:00+00:00,64071.0,64153.6,64052.3,64122.1,0.0,0.0,0.0
BTCUSDT,1781360100,2026-06-13 14:15:00+00:00,64122.0,64153.6,64072.0,64096.2,0.0,0.0,0.0
BTCUSDT,1781361000,2026-06-13 14:30:00+00:00,64096.3,64187.4,64096.2,64143.6,0.0,0.0,0.0
BTCUSDT,1781361900,2026-06-13 14:45:00+00:00,64143.5,64208.8,64141.1,64189.7,0.0,0.0,0.0
BTCUSDT,1781362800,2026-06-13 15:00:00+00:00,64189.8,64272.6,64147.2,64251.2,0.0,0.0,0.0
BTCUSDT,1781363700,2026-06-13 15:15:00+00:00,64251.3,64321.0,64191.9,64253.6,0.0,0.0,0.0
BTCUSDT,1781364600,2026-06-13 15:30:00+00:00,64253.6,64323.0,64204.7,64207.3,0.0,0.0,0.0
BTCUSDT,1781365500,2026-06-13 15:45:00+00:00,64207.3,64307.8,64157.0,64265.0,0.0,0.0,0.0
BTCUSDT,1781366400,2026-06-13 16:00:00+00:00,64265.1,64280.0,63950.0,64054.6,0.0,0.0,0.0
BTCUSDT,1781367300,2026-06-13 16:15:00+00:00,64054.6,64057.5,63933.5,63952.1,0.0,0.0,0.0
BTCUSDT,1781368200,2026-06-13 16:30:00+00:00,63952.1,64038.0,63934.7,64020.5,0.0,0.0,0.0
BTCUSDT,1781369100,2026-06-13 16:45:00+00:00,64020.5,64134.2,63862.9,63996.2,0.0,0.0,0.0
BTCUSDT,1781370000,2026-06-13 17:00:00+00:00,63996.1,64029.4,63906.0,63928.8,0.0,0.0,0.0
BTCUSDT,1781370900,2026-06-13 17:15:00+00:00,63928.9,64060.9,63902.0,64060.8,0.0,0.0,0.0
BTCUSDT,1781371800,2026-06-13 17:30:00+00:00,64060.9,64090.1,64028.0,64070.8,0.0,0.0,0.0
BTCUSDT,1781372700,2026-06-13 17:45:00+00:00,64070.8,64086.0,63905.3,63939.7,0.0,0.0,0.0
BTCUSDT,1781373600,2026-06-13 18:00:00+00:00,63939.7,64039.5,63939.6,64026.5,0.0,0.0,0.0
BTCUSDT,1781374500,2026-06-13 18:15:00+00:00,64026.4,64182.7,63999.9,64160.0,0.0,0.0,0.0
BTCUSDT,1781375400,2026-06-13 18:30:00+00:00,64159.9,64247.8,64135.2,64230.0,0.0,0.0,0.0
BTCUSDT,1781376300,2026-06-13 18:45:00+00:00,64230.0,64239.9,64013.0,64122.7,0.0,0.0,0.0
BTCUSDT,1781377200,2026-06-13 19:00:00+00:00,64122.7,64169.9,64111.1,64164.0,0.0,0.0,0.0
BTCUSDT,1781378100,2026-06-13 19:15:00+00:00,64164.0,64167.5,64113.4,64154.5,0.0,0.0,0.0
BTCUSDT,1781379000,2026-06-13 19:30:00+00:00,64154.7,64290.1,64116.7,64255.6,0.0,0.0,0.0
BTCUSDT,1781379900,2026-06-13 19:45:00+00:00,64255.6,64298.7,64248.0,64264.2,0.0,0.0,0.0
BTCUSDT,1781380800,2026-06-13 20:00:00+00:00,64264.2,64264.3,64195.3,64244.1,0.0,0.0,0.0
BTCUSDT,1781381700,2026-06-13 20:15:00+00:00,64244.1,64260.0,64205.5,64213.3,0.0,0.0,0.0
BTCUSDT,1781382600,2026-06-13 20:30:00+00:00,64213.3,64233.9,64200.0,64216.1,0.0,0.0,0.0
BTCUSDT,1781383500,2026-06-13 20:45:00+00:00,64216.1,64259.9,64208.7,64252.4,0.0,0.0,0.0
BTCUSDT,1781384400,2026-06-13 21:00:00+00:00,64252.4,64285.7,64190.0,64206.7,0.0,0.0,0.0
BTCUSDT,1781385300,2026-06-13 21:15:00+00:00,64206.8,64242.8,64189.6,64216.9,0.0,0.0,0.0
BTCUSDT,1781386200,2026-06-13 21:30:00+00:00,64217.0,64738.0,64216.9,64537.9,0.0,0.0,0.0
BTCUSDT,1781387100,2026-06-13 21:45:00+00:00,64537.9,64550.0,64406.2,64435.2,0.0,0.0,0.0
BTCUSDT,1781388000,2026-06-13 22:00:00+00:00,64435.2,64435.3,64349.3,64387.2,0.0,0.0,0.0
BTCUSDT,1781388900,2026-06-13 22:15:00+00:00,64387.3,64508.5,64351.5,64483.6,0.0,0.0,0.0
BTCUSDT,1781389800,2026-06-13 22:30:00+00:00,64483.5,64529.0,64457.0,64485.0,0.0,0.0,0.0
BTCUSDT,1781390700,2026-06-13 22:45:00+00:00,64485.0,64495.2,64409.0,64413.4,0.0,0.0,0.0
BTCUSDT,1781391600,2026-06-13 23:00:00+00:00,64413.4,64443.3,64404.1,64410.0,0.0,0.0,0.0
BTCUSDT,1781392500,2026-06-13 23:15:00+00:00,64410.0,64572.0,64407.6,64423.2,0.0,0.0,0.0
BTCUSDT,1781393400,2026-06-13 23:30:00+00:00,64423.4,64462.9,64408.5,64417.7,0.0,0.0,0.0
BTCUSDT,1781394300,2026-06-13 23:45:00+00:00,64417.7,64428.1,64350.5,64418.2,0.0,0.0,0.0
BTCUSDT,1781395200,2026-06-14 00:00:00+00:00,64418.3,64448.1,64338.8,64395.0,0.0,0.0,0.0
BTCUSDT,1781396100,2026-06-14 00:15:00+00:00,64395.0,64500.0,64355.0,64432.7,0.0,0.0,0.0
BTCUSDT,1781397000,2026-06-14 00:30:00+00:00,64432.7,64533.0,64430.0,64525.1,0.0,0.0,0.0
BTCUSDT,1781397900,2026-06-14 00:45:00+00:00,64525.1,64548.6,64475.9,64519.3,0.0,0.0,0.0
BTCUSDT,1781398800,2026-06-14 01:00:00+00:00,64519.2,64665.9,64466.4,64596.4,0.0,0.0,0.0
BTCUSDT,1781399700,2026-06-14 01:15:00+00:00,64596.4,64682.2,64581.4,64618.1,0.0,0.0,0.0
BTCUSDT,1781400600,2026-06-14 01:30:00+00:00,64618.0,64618.1,64521.1,64532.1,0.0,0.0,0.0
BTCUSDT,1781401500,2026-06-14 01:45:00+00:00,64532.0,64602.1,64527.6,64534.1,0.0,0.0,0.0
BTCUSDT,1781402400,2026-06-14 02:00:00+00:00,64534.0,64606.4,64527.4,64587.0,0.0,0.0,0.0
BTCUSDT,1781403300,2026-06-14 02:15:00+00:00,64587.0,64602.9,64479.8,64503.1,0.0,0.0,0.0
BTCUSDT,1781404200,2026-06-14 02:30:00+00:00,64503.1,64524.2,64470.0,64476.8,0.0,0.0,0.0
BTCUSDT,1781405100,2026-06-14 02:45:00+00:00,64476.9,64477.1,64436.7,64450.0,0.0,0.0,0.0
BTCUSDT,1781406000,2026-06-14 03:00:00+00:00,64450.1,64491.2,64431.2,64456.1,0.0,0.0,0.0
BTCUSDT,1781406900,2026-06-14 03:15:00+00:00,64456.1,64510.3,64453.6,64490.9,0.0,0.0,0.0
BTCUSDT,1781407800,2026-06-14 03:30:00+00:00,64490.9,64500.0,64421.7,64450.2,0.0,0.0,0.0
BTCUSDT,1781408700,2026-06-14 03:45:00+00:00,64450.1,64518.4,64427.1,64515.0,0.0,0.0,0.0
BTCUSDT,1781409600,2026-06-14 04:00:00+00:00,64515.0,64532.8,64457.2,64465.0,0.0,0.0,0.0
BTCUSDT,1781410500,2026-06-14 04:15:00+00:00,64465.0,64489.0,64431.8,64431.9,0.0,0.0,0.0
BTCUSDT,1781411400,2026-06-14 04:30:00+00:00,64432.0,64432.0,64350.8,64351.3,0.0,0.0,0.0
BTCUSDT,1781412300,2026-06-14 04:45:00+00:00,64351.2,64358.7,64281.0,64300.0,0.0,0.0,0.0
BTCUSDT,1781413200,2026-06-14 05:00:00+00:00,64300.0,64357.8,64290.6,64334.4,0.0,0.0,0.0
BTCUSDT,1781414100,2026-06-14 05:15:00+00:00,64334.4,64336.4,64260.1,64273.8,0.0,0.0,0.0
BTCUSDT,1781415000,2026-06-14 05:30:00+00:00,64273.7,64378.5,64260.0,64330.3,0.0,0.0,0.0
BTCUSDT,1781415900,2026-06-14 05:45:00+00:00,64330.3,64358.5,64300.3,64318.1,0.0,0.0,0.0
BTCUSDT,1781416800,2026-06-14 06:00:00+00:00,64318.1,64450.1,64318.1,64438.9,0.0,0.0,0.0
BTCUSDT,1781417700,2026-06-14 06:15:00+00:00,64438.9,64439.1,64295.5,64354.6,0.0,0.0,0.0
BTCUSDT,1781418600,2026-06-14 06:30:00+00:00,64354.7,64358.3,64208.5,64210.9,0.0,0.0,0.0
BTCUSDT,1781419500,2026-06-14 06:45:00+00:00,64210.8,64271.8,64210.8,64258.0,0.0,0.0,0.0
BTCUSDT,1781420400,2026-06-14 07:00:00+00:00,64258.0,64265.4,64186.5,64193.2,0.0,0.0,0.0
BTCUSDT,1781421300,2026-06-14 07:15:00+00:00,64193.2,64337.0,64193.2,64321.8,0.0,0.0,0.0
BTCUSDT,1781422200,2026-06-14 07:30:00+00:00,64321.9,64321.9,64262.7,64271.2,0.0,0.0,0.0
BTCUSDT,1781423100,2026-06-14 07:45:00+00:00,64271.2,64412.7,64271.2,64392.0,0.0,0.0,0.0
BTCUSDT,1781424000,2026-06-14 08:00:00+00:00,64392.1,64433.3,64353.2,64409.1,0.0,0.0,0.0
BTCUSDT,1781424900,2026-06-14 08:15:00+00:00,64409.1,64486.9,64409.0,64451.9,0.0,0.0,0.0
BTCUSDT,1781425800,2026-06-14 08:30:00+00:00,64451.9,64478.7,64407.3,64432.6,0.0,0.0,0.0
BTCUSDT,1781426700,2026-06-14 08:45:00+00:00,64432.6,64450.0,64407.1,64423.1,0.0,0.0,0.0
BTCUSDT,1781427600,2026-06-14 09:00:00+00:00,64423.1,64439.1,64380.2,64388.1,0.0,0.0,0.0
BTCUSDT,1781428500,2026-06-14 09:15:00+00:00,64388.1,64396.0,64281.1,64322.1,0.0,0.0,0.0
BTCUSDT,1781429400,2026-06-14 09:30:00+00:00,64322.2,64572.6,64308.7,64521.4,0.0,0.0,0.0
BTCUSDT,1781430300,2026-06-14 09:45:00+00:00,64521.3,64593.1,64505.3,64584.7,0.0,0.0,0.0
BTCUSDT,1781431200,2026-06-14 10:00:00+00:00,64584.8,64584.8,64452.8,64499.2,0.0,0.0,0.0
BTCUSDT,1781432100,2026-06-14 10:15:00+00:00,64499.2,64616.0,64483.3,64563.9,0.0,0.0,0.0
BTCUSDT,1781433000,2026-06-14 10:30:00+00:00,64563.9,64640.6,64553.8,64571.5,0.0,0.0,0.0
BTCUSDT,1781433900,2026-06-14 10:45:00+00:00,64571.5,64582.4,64473.4,64485.4,0.0,0.0,0.0
BTCUSDT,1781434800,2026-06-14 11:00:00+00:00,64485.5,64545.8,64419.3,64528.9,0.0,0.0,0.0
BTCUSDT,1781435700,2026-06-14 11:15:00+00:00,64528.9,64563.4,64477.0,64543.6,0.0,0.0,0.0
BTCUSDT,1781436600,2026-06-14 11:30:00+00:00,64543.6,64614.4,64542.6,64581.0,0.0,0.0,0.0
BTCUSDT,1781437500,2026-06-14 11:45:00+00:00,64581.1,64613.5,64504.8,64511.7,0.0,0.0,0.0
BTCUSDT,1781438400,2026-06-14 12:00:00+00:00,64511.8,64531.2,64434.7,64446.0,0.0,0.0,0.0
BTCUSDT,1781439300,2026-06-14 12:15:00+00:00,64446.1,64480.9,64431.4,64434.8,0.0,0.0,0.0
BTCUSDT,1781440200,2026-06-14 12:30:00+00:00,64434.8,64446.7,64289.0,64328.7,0.0,0.0,0.0
BTCUSDT,1781441100,2026-06-14 12:45:00+00:00,64328.6,64342.6,64255.9,64296.8,0.0,0.0,0.0
BTCUSDT,1781442000,2026-06-14 13:00:00+00:00,64296.7,64359.4,64270.0,64330.0,0.0,0.0,0.0
BTCUSDT,1781442900,2026-06-14 13:15:00+00:00,64330.0,64369.0,64209.6,64243.3,0.0,0.0,0.0
BTCUSDT,1781443800,2026-06-14 13:30:00+00:00,64243.3,64354.5,64207.3,64328.7,0.0,0.0,0.0
BTCUSDT,1781444700,2026-06-14 13:45:00+00:00,64328.6,64358.0,64250.0,64287.5,0.0,0.0,0.0
BTCUSDT,1781445600,2026-06-14 14:00:00+00:00,64287.4,64313.1,64224.2,64275.6,0.0,0.0,0.0
BTCUSDT,1781446500,2026-06-14 14:15:00+00:00,64275.5,64296.3,64115.6,64120.5,0.0,0.0,0.0
BTCUSDT,1781447400,2026-06-14 14:30:00+00:00,64120.4,64143.7,63851.0,63908.5,0.0,0.0,0.0
BTCUSDT,1781448300,2026-06-14 14:45:00+00:00,63908.5,63960.2,63830.0,63953.7,0.0,0.0,0.0
BTCUSDT,1781449200,2026-06-14 15:00:00+00:00,63953.7,64123.8,63945.8,64072.0,0.0,0.0,0.0
BTCUSDT,1781450100,2026-06-14 15:15:00+00:00,64072.1,64094.0,63956.1,64034.7,0.0,0.0,0.0
BTCUSDT,1781451000,2026-06-14 15:30:00+00:00,64034.7,64093.1,63972.3,64001.7,0.0,0.0,0.0
BTCUSDT,1781451900,2026-06-14 15:45:00+00:00,64001.7,64053.5,63972.3,63995.2,0.0,0.0,0.0
BTCUSDT,1781452800,2026-06-14 16:00:00+00:00,63995.2,64111.1,63970.7,64078.4,0.0,0.0,0.0
BTCUSDT,1781453700,2026-06-14 16:15:00+00:00,64078.5,64183.4,64054.4,64110.5,0.0,0.0,0.0
BTCUSDT,1781454600,2026-06-14 16:30:00+00:00,64110.4,64170.1,64101.0,64130.2,0.0,0.0,0.0
BTCUSDT,1781455500,2026-06-14 16:45:00+00:00,64130.2,64144.3,63901.3,63913.8,0.0,0.0,0.0
BTCUSDT,1781456400,2026-06-14 17:00:00+00:00,63913.8,64000.0,63888.3,63932.0,0.0,0.0,0.0
BTCUSDT,1781457300,2026-06-14 17:15:00+00:00,63932.1,63970.9,63865.1,63874.5,0.0,0.0,0.0
BTCUSDT,1781458200,2026-06-14 17:30:00+00:00,63874.5,63944.7,63730.0,63815.6,0.0,0.0,0.0
BTCUSDT,1781459100,2026-06-14 17:45:00+00:00,63815.5,63857.5,63650.0,63706.1,0.0,0.0,0.0
BTCUSDT,1781460000,2026-06-14 18:00:00+00:00,63706.2,63772.7,63660.6,63711.2,0.0,0.0,0.0
BTCUSDT,1781460900,2026-06-14 18:15:00+00:00,63711.2,63761.4,63650.9,63693.2,0.0,0.0,0.0
BTCUSDT,1781461800,2026-06-14 18:30:00+00:00,63693.2,63772.4,63693.1,63742.3,0.0,0.0,0.0
BTCUSDT,1781462700,2026-06-14 18:45:00+00:00,63742.2,63791.9,63736.1,63783.9,0.0,0.0,0.0
BTCUSDT,1781463600,2026-06-14 19:00:00+00:00,63783.9,63821.8,63702.0,63757.6,0.0,0.0,0.0
BTCUSDT,1781464500,2026-06-14 19:15:00+00:00,63757.6,63830.9,63755.5,63770.3,0.0,0.0,0.0
BTCUSDT,1781465400,2026-06-14 19:30:00+00:00,63770.3,63809.7,63721.0,63732.6,0.0,0.0,0.0
BTCUSDT,1781466300,2026-06-14 19:45:00+00:00,63732.6,63782.4,63716.6,63777.3,0.0,0.0,0.0
BTCUSDT,1781467200,2026-06-14 20:00:00+00:00,63777.4,63840.0,63761.5,63792.4,0.0,0.0,0.0
BTCUSDT,1781468100,2026-06-14 20:15:00+00:00,63792.3,63940.0,63792.3,63900.3,0.0,0.0,0.0
BTCUSDT,1781469000,2026-06-14 20:30:00+00:00,63900.2,64070.0,63887.8,64016.0,0.0,0.0,0.0
BTCUSDT,1781469900,2026-06-14 20:45:00+00:00,64015.9,64054.4,63968.5,63978.1,0.0,0.0,0.0
BTCUSDT,1781470800,2026-06-14 21:00:00+00:00,63978.2,64080.9,63973.4,64076.0,0.0,0.0,0.0
BTCUSDT,1781471700,2026-06-14 21:15:00+00:00,64076.0,64999.9,64075.9,64750.1,0.0,0.0,0.0
BTCUSDT,1781472600,2026-06-14 21:30:00+00:00,64750.1,65444.0,64645.9,65235.2,0.0,0.0,0.0
BTCUSDT,1781473500,2026-06-14 21:45:00+00:00,65235.3,65652.0,65235.3,65284.4,0.0,0.0,0.0
BTCUSDT,1781474400,2026-06-14 22:00:00+00:00,65284.4,65513.9,64918.2,65090.0,0.0,0.0,0.0
BTCUSDT,1781475300,2026-06-14 22:15:00+00:00,65090.1,65228.3,64965.2,65178.6,0.0,0.0,0.0
BTCUSDT,1781476200,2026-06-14 22:30:00+00:00,65178.7,65555.0,65139.3,65439.6,0.0,0.0,0.0
BTCUSDT,1781477100,2026-06-14 22:45:00+00:00,65439.7,65468.3,65303.4,65389.2,0.0,0.0,0.0
BTCUSDT,1781478000,2026-06-14 23:00:00+00:00,65389.2,65596.6,65217.0,65529.8,0.0,0.0,0.0
BTCUSDT,1781478900,2026-06-14 23:15:00+00:00,65529.7,65716.7,65470.3,65647.6,0.0,0.0,0.0
BTCUSDT,1781479800,2026-06-14 23:30:00+00:00,65647.7,65715.3,65488.5,65531.2,0.0,0.0,0.0
BTCUSDT,1781480700,2026-06-14 23:45:00+00:00,65531.3,65775.0,65519.9,65702.1,0.0,0.0,0.0
BTCUSDT,1781481600,2026-06-15 00:00:00+00:00,65702.1,65880.0,65583.5,65848.4,0.0,0.0,0.0
BTCUSDT,1781482500,2026-06-15 00:15:00+00:00,65848.4,65848.4,65630.0,65720.1,0.0,0.0,0.0
BTCUSDT,1781483400,2026-06-15 00:30:00+00:00,65720.2,65734.3,65444.0,65507.9,0.0,0.0,0.0
BTCUSDT,1781484300,2026-06-15 00:45:00+00:00,65508.0,65610.0,65468.8,65591.4,0.0,0.0,0.0
BTCUSDT,1781485200,2026-06-15 01:00:00+00:00,65591.4,65595.7,65314.3,65472.2,0.0,0.0,0.0
BTCUSDT,1781486100,2026-06-15 01:15:00+00:00,65472.2,65489.0,65319.0,65362.0,0.0,0.0,0.0
BTCUSDT,1781487000,2026-06-15 01:30:00+00:00,65361.9,65705.6,65345.0,65674.1,0.0,0.0,0.0
BTCUSDT,1781487900,2026-06-15 01:45:00+00:00,65674.1,65674.1,65439.3,65482.6,0.0,0.0,0.0
BTCUSDT,1781488800,2026-06-15 02:00:00+00:00,65482.6,65632.8,65400.0,65623.4,0.0,0.0,0.0
BTCUSDT,1781489700,2026-06-15 02:15:00+00:00,65623.3,65749.0,65589.6,65609.4,0.0,0.0,0.0
BTCUSDT,1781490600,2026-06-15 02:30:00+00:00,65609.4,65638.7,65532.6,65532.7,0.0,0.0,0.0
BTCUSDT,1781491500,2026-06-15 02:45:00+00:00,65532.6,65540.8,65383.6,65429.3,0.0,0.0,0.0
BTCUSDT,1781492400,2026-06-15 03:00:00+00:00,65429.3,65699.0,65393.4,65695.1,0.0,0.0,0.0
BTCUSDT,1781493300,2026-06-15 03:15:00+00:00,65695.1,65708.8,65642.6,65701.0,0.0,0.0,0.0
BTCUSDT,1781494200,2026-06-15 03:30:00+00:00,65700.9,65912.7,65655.8,65881.7,0.0,0.0,0.0
BTCUSDT,1781495100,2026-06-15 03:45:00+00:00,65881.6,65996.8,65805.8,65894.7,0.0,0.0,0.0
BTCUSDT,1781496000,2026-06-15 04:00:00+00:00,65894.6,65894.7,65680.0,65692.8,0.0,0.0,0.0
BTCUSDT,1781496900,2026-06-15 04:15:00+00:00,65692.7,65745.7,65666.2,65685.6,0.0,0.0,0.0
BTCUSDT,1781497800,2026-06-15 04:30:00+00:00,65685.6,65709.9,65615.0,65653.9,0.0,0.0,0.0
BTCUSDT,1781498700,2026-06-15 04:45:00+00:00,65653.9,65678.8,65601.8,65612.2,0.0,0.0,0.0
BTCUSDT,1781499600,2026-06-15 05:00:00+00:00,65612.2,65660.0,65577.8,65660.0,0.0,0.0,0.0
BTCUSDT,1781500500,2026-06-15 05:15:00+00:00,65660.0,65844.7,65655.5,65799.9,0.0,0.0,0.0
BTCUSDT,1781501400,2026-06-15 05:30:00+00:00,65800.0,65806.9,65670.9,65690.4,0.0,0.0,0.0
BTCUSDT,1781502300,2026-06-15 05:45:00+00:00,65690.4,65837.4,65675.1,65828.1,0.0,0.0,0.0
BTCUSDT,1781503200,2026-06-15 06:00:00+00:00,65828.0,65888.8,65786.0,65856.3,0.0,0.0,0.0
BTCUSDT,1781504100,2026-06-15 06:15:00+00:00,65856.4,65933.0,65824.3,65904.4,0.0,0.0,0.0
BTCUSDT,1781505000,2026-06-15 06:30:00+00:00,65904.3,65917.2,65716.4,65778.4,0.0,0.0,0.0
BTCUSDT,1781505900,2026-06-15 06:45:00+00:00,65778.4,65858.5,65766.5,65773.0,0.0,0.0,0.0
BTCUSDT,1781506800,2026-06-15 07:00:00+00:00,65773.0,65836.1,65650.0,65781.7,0.0,0.0,0.0
BTCUSDT,1781507700,2026-06-15 07:15:00+00:00,65781.7,65978.1,65781.6,65924.2,0.0,0.0,0.0
BTCUSDT,1781508600,2026-06-15 07:30:00+00:00,65924.3,65924.3,65692.0,65711.5,0.0,0.0,0.0
BTCUSDT,1781509500,2026-06-15 07:45:00+00:00,65711.5,65752.3,65580.0,65642.3,0.0,0.0,0.0
BTCUSDT,1781510400,2026-06-15 08:00:00+00:00,65642.4,65727.9,65590.0,65701.0,0.0,0.0,0.0
BTCUSDT,1781511300,2026-06-15 08:15:00+00:00,65701.0,65724.3,65580.3,65643.3,0.0,0.0,0.0
BTCUSDT,1781512200,2026-06-15 08:30:00+00:00,65643.3,65762.0,65625.7,65734.9,0.0,0.0,0.0
BTCUSDT,1781513100,2026-06-15 08:45:00+00:00,65734.9,65768.1,65594.1,65619.9,0.0,0.0,0.0
BTCUSDT,1781514000,2026-06-15 09:00:00+00:00,65620.0,65680.0,65619.9,65645.1,0.0,0.0,0.0
BTCUSDT,1781514900,2026-06-15 09:15:00+00:00,65645.1,65740.1,65612.0,65612.1,0.0,0.0,0.0
BTCUSDT,1781515800,2026-06-15 09:30:00+00:00,65612.1,65618.8,65469.0,65540.7,0.0,0.0,0.0
BTCUSDT,1781516700,2026-06-15 09:45:00+00:00,65540.7,65590.3,65478.8,65559.9,0.0,0.0,0.0
BTCUSDT,1781517600,2026-06-15 10:00:00+00:00,65559.8,65724.0,65545.2,65700.2,0.0,0.0,0.0
BTCUSDT,1781518500,2026-06-15 10:15:00+00:00,65700.3,65721.4,65663.4,65678.3,0.0,0.0,0.0
BTCUSDT,1781519400,2026-06-15 10:30:00+00:00,65678.3,65722.6,65666.9,65722.6,0.0,0.0,0.0
BTCUSDT,1781520300,2026-06-15 10:45:00+00:00,65722.6,65934.3,65682.2,65884.7,0.0,0.0,0.0
BTCUSDT,1781521200,2026-06-15 11:00:00+00:00,65884.7,65988.0,65807.3,65899.9,0.0,0.0,0.0
BTCUSDT,1781522100,2026-06-15 11:15:00+00:00,65900.0,66346.2,65894.7,66222.0,0.0,0.0,0.0
BTCUSDT,1781523000,2026-06-15 11:30:00+00:00,66221.9,66269.9,66088.0,66118.5,0.0,0.0,0.0
BTCUSDT,1781523900,2026-06-15 11:45:00+00:00,66118.4,66217.0,66083.2,66192.0,0.0,0.0,0.0
BTCUSDT,1781524800,2026-06-15 12:00:00+00:00,66192.0,66283.0,66056.4,66249.1,0.0,0.0,0.0
BTCUSDT,1781525700,2026-06-15 12:15:00+00:00,66249.1,66300.0,66143.2,66243.3,0.0,0.0,0.0
BTCUSDT,1781526600,2026-06-15 12:30:00+00:00,66243.3,66441.0,66151.5,66441.0,0.0,0.0,0.0
BTCUSDT,1781527500,2026-06-15 12:45:00+00:00,66440.9,66570.0,66381.3,66528.5,0.0,0.0,0.0
BTCUSDT,1781528400,2026-06-15 13:00:00+00:00,66528.6,66665.8,66435.2,66579.8,0.0,0.0,0.0
BTCUSDT,1781529300,2026-06-15 13:15:00+00:00,66579.9,66915.2,66557.6,66801.8,0.0,0.0,0.0
BTCUSDT,1781530200,2026-06-15 13:30:00+00:00,66801.7,66853.8,66408.4,66541.3,0.0,0.0,0.0
BTCUSDT,1781531100,2026-06-15 13:45:00+00:00,66541.4,66622.8,66375.1,66410.8,0.0,0.0,0.0
BTCUSDT,1781532000,2026-06-15 14:00:00+00:00,66410.8,66433.2,66265.0,66416.4,0.0,0.0,0.0
BTCUSDT,1781532900,2026-06-15 14:15:00+00:00,66416.3,66535.6,66367.7,66530.0,0.0,0.0,0.0
BTCUSDT,1781533800,2026-06-15 14:30:00+00:00,66530.0,66530.0,66388.9,66500.0,0.0,0.0,0.0
BTCUSDT,1781534700,2026-06-15 14:45:00+00:00,66500.0,66646.8,66500.0,66552.3,0.0,0.0,0.0
BTCUSDT,1781535600,2026-06-15 15:00:00+00:00,66552.4,66661.3,66541.5,66587.4,0.0,0.0,0.0
BTCUSDT,1781536500,2026-06-15 15:15:00+00:00,66587.5,66697.5,66547.9,66617.1,0.0,0.0,0.0
BTCUSDT,1781537400,2026-06-15 15:30:00+00:00,66617.1,66880.0,66573.4,66871.7,0.0,0.0,0.0
BTCUSDT,1781538300,2026-06-15 15:45:00+00:00,66871.6,67255.4,66871.6,67248.5,0.0,0.0,0.0
BTCUSDT,1781539200,2026-06-15 16:00:00+00:00,67248.4,67254.5,67059.7,67210.8,0.0,0.0,0.0
BTCUSDT,1781540100,2026-06-15 16:15:00+00:00,67210.7,67228.0,67051.1,67149.4,0.0,0.0,0.0
BTCUSDT,1781541000,2026-06-15 16:30:00+00:00,67149.5,67237.3,67101.0,67129.2,0.0,0.0,0.0
BTCUSDT,1781541900,2026-06-15 16:45:00+00:00,67129.3,67179.5,67055.0,67122.3,0.0,0.0,0.0
BTCUSDT,1781542800,2026-06-15 17:00:00+00:00,67122.3,67122.4,66713.2,66869.8,0.0,0.0,0.0
BTCUSDT,1781543700,2026-06-15 17:15:00+00:00,66869.7,66952.8,66736.5,66782.9,0.0,0.0,0.0
BTCUSDT,1781544600,2026-06-15 17:30:00+00:00,66782.8,66899.9,66635.1,66850.1,0.0,0.0,0.0
BTCUSDT,1781545500,2026-06-15 17:45:00+00:00,66850.1,66917.0,66800.2,66820.7,0.0,0.0,0.0
BTCUSDT,1781546400,2026-06-15 18:00:00+00:00,66820.7,66900.0,66678.5,66777.7,0.0,0.0,0.0
BTCUSDT,1781547300,2026-06-15 18:15:00+00:00,66777.7,66856.9,66765.8,66791.2,0.0,0.0,0.0
BTCUSDT,1781548200,2026-06-15 18:30:00+00:00,66791.2,66844.7,66710.0,66765.4,0.0,0.0,0.0
BTCUSDT,1781549100,2026-06-15 18:45:00+00:00,66765.5,66888.0,66720.0,66726.1,0.0,0.0,0.0
BTCUSDT,1781550000,2026-06-15 19:00:00+00:00,66726.1,66856.1,66687.4,66822.1,0.0,0.0,0.0
BTCUSDT,1781550900,2026-06-15 19:15:00+00:00,66822.1,66851.6,66302.4,66495.0,0.0,0.0,0.0
BTCUSDT,1781551800,2026-06-15 19:30:00+00:00,66495.0,66691.7,66493.3,66690.5,0.0,0.0,0.0
BTCUSDT,1781552700,2026-06-15 19:45:00+00:00,66690.5,66719.7,66453.3,66579.2,0.0,0.0,0.0
BTCUSDT,1781553600,2026-06-15 20:00:00+00:00,66579.1,66605.2,66456.8,66530.7,0.0,0.0,0.0
BTCUSDT,1781554500,2026-06-15 20:15:00+00:00,66530.7,66570.0,66482.3,66544.0,0.0,0.0,0.0
BTCUSDT,1781555400,2026-06-15 20:30:00+00:00,66544.0,66658.2,66544.0,66551.8,0.0,0.0,0.0
BTCUSDT,1781556300,2026-06-15 20:45:00+00:00,66551.8,66551.8,66445.0,66489.6,0.0,0.0,0.0
BTCUSDT,1781557200,2026-06-15 21:00:00+00:00,66489.6,66499.5,66391.2,66490.1,0.0,0.0,0.0
BTCUSDT,1781558100,2026-06-15 21:15:00+00:00,66490.1,66534.8,66356.9,66379.4,0.0,0.0,0.0
BTCUSDT,1781559000,2026-06-15 21:30:00+00:00,66379.3,66444.0,66284.8,66402.4,0.0,0.0,0.0
BTCUSDT,1781559900,2026-06-15 21:45:00+00:00,66402.3,66416.9,66326.5,66337.1,0.0,0.0,0.0
BTCUSDT,1781560800,2026-06-15 22:00:00+00:00,66337.1,66446.2,66321.0,66326.1,0.0,0.0,0.0
BTCUSDT,1781561700,2026-06-15 22:15:00+00:00,66326.1,66382.8,66065.1,66131.1,0.0,0.0,0.0
BTCUSDT,1781562600,2026-06-15 22:30:00+00:00,66131.1,66346.0,66068.7,66263.6,0.0,0.0,0.0
BTCUSDT,1781563500,2026-06-15 22:45:00+00:00,66263.5,66301.5,66166.9,66170.0,0.0,0.0,0.0
BTCUSDT,1781564400,2026-06-15 23:00:00+00:00,66170.0,66258.0,66150.0,66236.0,0.0,0.0,0.0
BTCUSDT,1781565300,2026-06-15 23:15:00+00:00,66236.1,66267.7,66114.1,66199.4,0.0,0.0,0.0
BTCUSDT,1781566200,2026-06-15 23:30:00+00:00,66199.4,66246.3,66086.6,66243.9,0.0,0.0,0.0
BTCUSDT,1781567100,2026-06-15 23:45:00+00:00,66244.0,66335.5,66210.0,66285.9,0.0,0.0,0.0
BTCUSDT,1781568000,2026-06-16 00:00:00+00:00,66285.9,66371.4,66235.0,66350.9,0.0,0.0,0.0
BTCUSDT,1781568900,2026-06-16 00:15:00+00:00,66350.9,66383.4,66197.2,66210.9,0.0,0.0,0.0
BTCUSDT,1781569800,2026-06-16 00:30:00+00:00,66210.8,66426.9,66204.0,66374.8,0.0,0.0,0.0
BTCUSDT,1781570700,2026-06-16 00:45:00+00:00,66374.8,66400.0,66201.1,66216.9,0.0,0.0,0.0
BTCUSDT,1781571600,2026-06-16 01:00:00+00:00,66216.8,66331.9,66206.6,66247.1,0.0,0.0,0.0
BTCUSDT,1781572500,2026-06-16 01:15:00+00:00,66247.1,66345.9,66220.0,66335.0,0.0,0.0,0.0
BTCUSDT,1781573400,2026-06-16 01:30:00+00:00,66335.0,66378.6,66313.0,66325.8,0.0,0.0,0.0
BTCUSDT,1781574300,2026-06-16 01:45:00+00:00,66325.7,66388.8,66284.9,66309.9,0.0,0.0,0.0
BTCUSDT,1781575200,2026-06-16 02:00:00+00:00,66309.9,66331.8,66014.2,66028.2,0.0,0.0,0.0
BTCUSDT,1781576100,2026-06-16 02:15:00+00:00,66028.1,66125.7,65721.0,65735.4,0.0,0.0,0.0
BTCUSDT,1781577000,2026-06-16 02:30:00+00:00,65735.3,65890.0,65717.6,65849.6,0.0,0.0,0.0
BTCUSDT,1781577900,2026-06-16 02:45:00+00:00,65849.6,65858.8,65655.0,65714.1,0.0,0.0,0.0
BTCUSDT,1781578800,2026-06-16 03:00:00+00:00,65714.0,65821.0,65650.6,65779.0,0.0,0.0,0.0
BTCUSDT,1781579700,2026-06-16 03:15:00+00:00,65779.0,65978.6,65607.1,65946.2,0.0,0.0,0.0
BTCUSDT,1781580600,2026-06-16 03:30:00+00:00,65946.3,66099.1,65939.9,66095.3,0.0,0.0,0.0
BTCUSDT,1781581500,2026-06-16 03:45:00+00:00,66095.2,66145.4,66052.8,66125.4,0.0,0.0,0.0
BTCUSDT,1781582400,2026-06-16 04:00:00+00:00,66125.4,66252.2,66099.0,66117.8,0.0,0.0,0.0
BTCUSDT,1781583300,2026-06-16 04:15:00+00:00,66117.8,66134.1,65943.9,65944.0,0.0,0.0,0.0
BTCUSDT,1781584200,2026-06-16 04:30:00+00:00,65943.9,65944.0,65768.7,65855.0,0.0,0.0,0.0
BTCUSDT,1781585100,2026-06-16 04:45:00+00:00,65855.1,65874.7,65780.0,65811.1,0.0,0.0,0.0
BTCUSDT,1781586000,2026-06-16 05:00:00+00:00,65811.1,66041.9,65811.1,65988.0,0.0,0.0,0.0
BTCUSDT,1781586900,2026-06-16 05:15:00+00:00,65988.1,66090.9,65930.7,66041.1,0.0,0.0,0.0
BTCUSDT,1781587800,2026-06-16 05:30:00+00:00,66041.2,66091.2,65974.1,66060.1,0.0,0.0,0.0
BTCUSDT,1781588700,2026-06-16 05:45:00+00:00,66060.1,66119.9,66019.6,66028.0,0.0,0.0,0.0
BTCUSDT,1781589600,2026-06-16 06:00:00+00:00,66028.1,66167.9,66025.1,66153.4,0.0,0.0,0.0
BTCUSDT,1781590500,2026-06-16 06:15:00+00:00,66153.4,66324.6,66117.0,66306.6,0.0,0.0,0.0
BTCUSDT,1781591400,2026-06-16 06:30:00+00:00,66306.6,66543.5,66257.3,66361.1,0.0,0.0,0.0
BTCUSDT,1781592300,2026-06-16 06:45:00+00:00,66361.1,66505.9,66353.2,66406.4,0.0,0.0,0.0
BTCUSDT,1781593200,2026-06-16 07:00:00+00:00,66406.3,66497.0,66306.0,66306.0,0.0,0.0,0.0
BTCUSDT,1781594100,2026-06-16 07:15:00+00:00,66306.0,66450.7,66278.3,66301.4,0.0,0.0,0.0
BTCUSDT,1781595000,2026-06-16 07:30:00+00:00,66301.4,66399.0,66280.0,66288.5,0.0,0.0,0.0
BTCUSDT,1781595900,2026-06-16 07:45:00+00:00,66288.5,66350.0,66272.1,66341.7,0.0,0.0,0.0
BTCUSDT,1781596800,2026-06-16 08:00:00+00:00,66341.8,66472.1,66310.5,66435.8,0.0,0.0,0.0
BTCUSDT,1781597700,2026-06-16 08:15:00+00:00,66435.9,66541.9,66344.9,66518.9,0.0,0.0,0.0
BTCUSDT,1781598600,2026-06-16 08:30:00+00:00,66518.9,66625.0,66461.9,66583.4,0.0,0.0,0.0
BTCUSDT,1781599500,2026-06-16 08:45:00+00:00,66583.4,66956.7,66530.1,66863.9,0.0,0.0,0.0
BTCUSDT,1781600400,2026-06-16 09:00:00+00:00,66863.9,66884.6,66690.7,66735.7,0.0,0.0,0.0
BTCUSDT,1781601300,2026-06-16 09:15:00+00:00,66735.7,66735.7,66525.0,66581.4,0.0,0.0,0.0
BTCUSDT,1781602200,2026-06-16 09:30:00+00:00,66581.4,66706.4,66546.7,66669.8,0.0,0.0,0.0
BTCUSDT,1781603100,2026-06-16 09:45:00+00:00,66669.8,66699.6,66440.1,66478.4,0.0,0.0,0.0
BTCUSDT,1781604000,2026-06-16 10:00:00+00:00,66478.5,66563.1,66463.2,66509.9,0.0,0.0,0.0
BTCUSDT,1781604900,2026-06-16 10:15:00+00:00,66509.8,66755.5,66509.8,66633.4,0.0,0.0,0.0
BTCUSDT,1781605800,2026-06-16 10:30:00+00:00,66633.4,66637.5,66539.2,66579.9,0.0,0.0,0.0
BTCUSDT,1781606700,2026-06-16 10:45:00+00:00,66579.9,66592.4,66451.1,66476.1,0.0,0.0,0.0
BTCUSDT,1781607600,2026-06-16 11:00:00+00:00,66476.1,66619.3,66402.4,66484.0,0.0,0.0,0.0
BTCUSDT,1781608500,2026-06-16 11:15:00+00:00,66484.1,66556.8,66359.4,66445.1,0.0,0.0,0.0
BTCUSDT,1781609400,2026-06-16 11:30:00+00:00,66445.0,66452.6,66325.4,66376.9,0.0,0.0,0.0
BTCUSDT,1781610300,2026-06-16 11:45:00+00:00,66376.9,66463.7,66345.2,66456.0,0.0,0.0,0.0
BTCUSDT,1781611200,2026-06-16 12:00:00+00:00,66456.0,66538.0,66370.0,66520.0,0.0,0.0,0.0
BTCUSDT,1781612100,2026-06-16 12:15:00+00:00,66519.9,66650.0,66510.1,66552.5,0.0,0.0,0.0
BTCUSDT,1781613000,2026-06-16 12:30:00+00:00,66552.5,66787.1,66410.0,66460.1,0.0,0.0,0.0
BTCUSDT,1781613900,2026-06-16 12:45:00+00:00,66460.0,66472.3,66325.2,66390.5,0.0,0.0,0.0
BTCUSDT,1781614800,2026-06-16 13:00:00+00:00,66390.5,66435.6,65970.0,66173.9,0.0,0.0,0.0
BTCUSDT,1781615700,2026-06-16 13:15:00+00:00,66173.8,66240.1,65988.0,65988.1,0.0,0.0,0.0
BTCUSDT,1781616600,2026-06-16 13:30:00+00:00,65988.0,66137.0,65893.2,66100.0,0.0,0.0,0.0
BTCUSDT,1781617500,2026-06-16 13:45:00+00:00,66099.9,66180.0,65961.8,66012.7,0.0,0.0,0.0
BTCUSDT,1781618400,2026-06-16 14:00:00+00:00,66012.8,66239.3,65980.0,65999.9,0.0,0.0,0.0
BTCUSDT,1781619300,2026-06-16 14:15:00+00:00,65999.9,66036.2,65461.1,65524.2,0.0,0.0,0.0
BTCUSDT,1781620200,2026-06-16 14:30:00+00:00,65524.3,65720.7,65328.8,65663.9,0.0,0.0,0.0
BTCUSDT,1781621100,2026-06-16 14:45:00+00:00,65664.0,65749.9,65574.3,65630.2,0.0,0.0,0.0
BTCUSDT,1781622000,2026-06-16 15:00:00+00:00,65630.2,65856.0,65580.0,65834.0,0.0,0.0,0.0
BTCUSDT,1781622900,2026-06-16 15:15:00+00:00,65833.9,65885.0,65683.8,65789.6,0.0,0.0,0.0
BTCUSDT,1781623800,2026-06-16 15:30:00+00:00,65789.7,65981.5,65780.0,65814.6,0.0,0.0,0.0
BTCUSDT,1781624700,2026-06-16 15:45:00+00:00,65814.7,65965.0,65667.5,65841.8,0.0,0.0,0.0
BTCUSDT,1781625600,2026-06-16 16:00:00+00:00,65841.7,65932.3,65738.5,65744.2,0.0,0.0,0.0
BTCUSDT,1781626500,2026-06-16 16:15:00+00:00,65744.3,65800.1,65692.1,65764.1,0.0,0.0,0.0
BTCUSDT,1781627400,2026-06-16 16:30:00+00:00,65764.1,65846.1,65676.5,65784.7,0.0,0.0,0.0
BTCUSDT,1781628300,2026-06-16 16:45:00+00:00,65784.7,65800.4,65675.2,65730.8,0.0,0.0,0.0
BTCUSDT,1781629200,2026-06-16 17:00:00+00:00,65730.9,65829.7,65708.8,65761.5,0.0,0.0,0.0
BTCUSDT,1781630100,2026-06-16 17:15:00+00:00,65761.6,65846.8,65677.1,65725.4,0.0,0.0,0.0
BTCUSDT,1781631000,2026-06-16 17:30:00+00:00,65725.4,65800.0,65682.1,65726.2,0.0,0.0,0.0
BTCUSDT,1781631900,2026-06-16 17:45:00+00:00,65726.2,65991.7,65707.7,65946.2,0.0,0.0,0.0
BTCUSDT,1781632800,2026-06-16 18:00:00+00:00,65946.2,66246.1,65921.1,66105.1,0.0,0.0,0.0
BTCUSDT,1781633700,2026-06-16 18:15:00+00:00,66105.1,66106.6,65839.0,65885.5,0.0,0.0,0.0
BTCUSDT,1781634600,2026-06-16 18:30:00+00:00,65885.5,65950.0,65767.0,65817.4,0.0,0.0,0.0
BTCUSDT,1781635500,2026-06-16 18:45:00+00:00,65817.3,65911.2,65792.1,65822.4,0.0,0.0,0.0
BTCUSDT,1781636400,2026-06-16 19:00:00+00:00,65822.5,65822.5,65620.4,65640.4,0.0,0.0,0.0
BTCUSDT,1781637300,2026-06-16 19:15:00+00:00,65640.4,65700.0,65529.0,65678.6,0.0,0.0,0.0
BTCUSDT,1781638200,2026-06-16 19:30:00+00:00,65678.6,65760.0,65570.0,65616.9,0.0,0.0,0.0
BTCUSDT,1781639100,2026-06-16 19:45:00+00:00,65616.9,65706.8,65532.1,65653.2,0.0,0.0,0.0
BTCUSDT,1781640000,2026-06-16 20:00:00+00:00,65653.2,65737.1,65561.3,65737.1,0.0,0.0,0.0
BTCUSDT,1781640900,2026-06-16 20:15:00+00:00,65737.0,65819.7,65660.0,65695.1,0.0,0.0,0.0
BTCUSDT,1781641800,2026-06-16 20:30:00+00:00,65695.2,65811.0,65690.0,65808.6,0.0,0.0,0.0
BTCUSDT,1781642700,2026-06-16 20:45:00+00:00,65808.5,65832.7,65791.1,65824.0,0.0,0.0,0.0
BTCUSDT,1781643600,2026-06-16 21:00:00+00:00,65824.0,65908.4,65803.7,65885.3,0.0,0.0,0.0
BTCUSDT,1781644500,2026-06-16 21:15:00+00:00,65885.3,65888.0,65679.8,65696.4,0.0,0.0,0.0
BTCUSDT,1781645400,2026-06-16 21:30:00+00:00,65696.3,65724.1,65609.8,65702.9,0.0,0.0,0.0
BTCUSDT,1781646300,2026-06-16 21:45:00+00:00,65702.8,65750.0,65676.6,65741.2,0.0,0.0,0.0
BTCUSDT,1781647200,2026-06-16 22:00:00+00:00,65741.3,65851.9,65677.5,65811.1,0.0,0.0,0.0
BTCUSDT,1781648100,2026-06-16 22:15:00+00:00,65811.2,65855.0,65683.0,65741.1,0.0,0.0,0.0
BTCUSDT,1781649000,2026-06-16 22:30:00+00:00,65741.0,65756.6,65666.5,65691.3,0.0,0.0,0.0
BTCUSDT,1781649900,2026-06-16 22:45:00+00:00,65691.2,65762.6,65644.6,65745.2,0.0,0.0,0.0
BTCUSDT,1781650800,2026-06-16 23:00:00+00:00,65745.2,65805.0,65690.0,65730.4,0.0,0.0,0.0
BTCUSDT,1781651700,2026-06-16 23:15:00+00:00,65730.4,65730.5,65610.0,65705.7,0.0,0.0,0.0
BTCUSDT,1781652600,2026-06-16 23:30:00+00:00,65705.6,65753.0,65676.0,65687.4,0.0,0.0,0.0
BTCUSDT,1781653500,2026-06-16 23:45:00+00:00,65687.3,65687.3,65580.1,65644.8,0.0,0.0,0.0
BTCUSDT,1781654400,2026-06-17 00:00:00+00:00,65644.8,65779.0,65644.8,65716.7,0.0,0.0,0.0
BTCUSDT,1781655300,2026-06-17 00:15:00+00:00,65716.7,65769.6,65671.8,65694.8,0.0,0.0,0.0
BTCUSDT,1781656200,2026-06-17 00:30:00+00:00,65694.8,65812.5,65657.6,65794.7,0.0,0.0,0.0
BTCUSDT,1781657100,2026-06-17 00:45:00+00:00,65794.7,65821.0,65668.3,65679.4,0.0,0.0,0.0
BTCUSDT,1781658000,2026-06-17 01:00:00+00:00,65679.4,65800.0,65650.0,65765.3,0.0,0.0,0.0
BTCUSDT,1781658900,2026-06-17 01:15:00+00:00,65765.4,65765.4,65427.9,65556.9,0.0,0.0,0.0
BTCUSDT,1781659800,2026-06-17 01:30:00+00:00,65556.9,65786.2,65508.0,65729.9,0.0,0.0,0.0
BTCUSDT,1781660700,2026-06-17 01:45:00+00:00,65729.9,65925.1,65729.9,65901.1,0.0,0.0,0.0
BTCUSDT,1781661600,2026-06-17 02:00:00+00:00,65901.1,65910.8,65801.5,65865.1,0.0,0.0,0.0
BTCUSDT,1781662500,2026-06-17 02:15:00+00:00,65865.1,66092.5,65837.1,66066.0,0.0,0.0,0.0
BTCUSDT,1781663400,2026-06-17 02:30:00+00:00,66065.9,66072.9,65743.0,65825.1,0.0,0.0,0.0
BTCUSDT,1781664300,2026-06-17 02:45:00+00:00,65825.0,65879.7,65790.8,65872.7,0.0,0.0,0.0
BTCUSDT,1781665200,2026-06-17 03:00:00+00:00,65872.6,65872.7,65770.0,65783.1,0.0,0.0,0.0
BTCUSDT,1781666100,2026-06-17 03:15:00+00:00,65783.1,65783.1,65671.8,65742.7,0.0,0.0,0.0
BTCUSDT,1781667000,2026-06-17 03:30:00+00:00,65742.6,65850.0,65742.6,65765.3,0.0,0.0,0.0
BTCUSDT,1781667900,2026-06-17 03:45:00+00:00,65765.4,65824.6,65729.2,65818.6,0.0,0.0,0.0
BTCUSDT,1781668800,2026-06-17 04:00:00+00:00,65818.6,65868.7,65786.6,65810.7,0.0,0.0,0.0
BTCUSDT,1781669700,2026-06-17 04:15:00+00:00,65810.6,65875.0,65744.2,65864.2,0.0,0.0,0.0
BTCUSDT,1781670600,2026-06-17 04:30:00+00:00,65864.2,65913.6,65828.5,65887.7,0.0,0.0,0.0
BTCUSDT,1781671500,2026-06-17 04:45:00+00:00,65887.8,66019.0,65852.5,65852.5,0.0,0.0,0.0
BTCUSDT,1781672400,2026-06-17 05:00:00+00:00,65852.5,65948.5,65750.0,65775.0,0.0,0.0,0.0
BTCUSDT,1781673300,2026-06-17 05:15:00+00:00,65775.0,65830.0,65702.9,65816.1,0.0,0.0,0.0
BTCUSDT,1781674200,2026-06-17 05:30:00+00:00,65816.0,65897.3,65785.1,65879.0,0.0,0.0,0.0
BTCUSDT,1781675100,2026-06-17 05:45:00+00:00,65878.9,65899.0,65733.3,65796.1,0.0,0.0,0.0
BTCUSDT,1781676000,2026-06-17 06:00:00+00:00,65796.1,65830.0,65749.5,65818.6,0.0,0.0,0.0
BTCUSDT,1781676900,2026-06-17 06:15:00+00:00,65818.7,65869.8,65610.0,65615.7,0.0,0.0,0.0
BTCUSDT,1781677800,2026-06-17 06:30:00+00:00,65615.6,65705.6,65535.0,65606.6,0.0,0.0,0.0
BTCUSDT,1781678700,2026-06-17 06:45:00+00:00,65606.6,65644.6,65567.1,65589.4,0.0,0.0,0.0
BTCUSDT,1781679600,2026-06-17 07:00:00+00:00,65589.4,65671.8,65516.4,65660.9,0.0,0.0,0.0
BTCUSDT,1781680500,2026-06-17 07:15:00+00:00,65660.9,65680.3,65432.1,65521.7,0.0,0.0,0.0
BTCUSDT,1781681400,2026-06-17 07:30:00+00:00,65521.7,65552.6,65446.9,65501.4,0.0,0.0,0.0
BTCUSDT,1781682300,2026-06-17 07:45:00+00:00,65501.5,65569.8,65200.0,65504.0,0.0,0.0,0.0
BTCUSDT,1781683200,2026-06-17 08:00:00+00:00,65503.9,65549.8,65300.9,65304.8,0.0,0.0,0.0
BTCUSDT,1781684100,2026-06-17 08:15:00+00:00,65304.8,65364.3,65208.4,65291.1,0.0,0.0,0.0
BTCUSDT,1781685000,2026-06-17 08:30:00+00:00,65291.2,65291.2,64875.0,64881.3,0.0,0.0,0.0
BTCUSDT,1781685900,2026-06-17 08:45:00+00:00,64881.4,64991.6,64800.0,64889.8,0.0,0.0,0.0
BTCUSDT,1781686800,2026-06-17 09:00:00+00:00,64889.9,65011.2,64872.3,64940.5,0.0,0.0,0.0
BTCUSDT,1781687700,2026-06-17 09:15:00+00:00,64940.5,65045.0,64890.0,65012.6,0.0,0.0,0.0
BTCUSDT,1781688600,2026-06-17 09:30:00+00:00,65012.6,65029.1,64888.0,64917.0,0.0,0.0,0.0
BTCUSDT,1781689500,2026-06-17 09:45:00+00:00,64917.0,64976.1,64800.4,64880.1,0.0,0.0,0.0
BTCUSDT,1781690400,2026-06-17 10:00:00+00:00,64880.0,64964.2,64771.1,64854.8,0.0,0.0,0.0
BTCUSDT,1781691300,2026-06-17 10:15:00+00:00,64854.9,64950.0,64827.0,64907.6,0.0,0.0,0.0
BTCUSDT,1781692200,2026-06-17 10:30:00+00:00,64907.6,64946.3,64832.4,64886.7,0.0,0.0,0.0
BTCUSDT,1781693100,2026-06-17 10:45:00+00:00,64886.5,64914.9,64733.5,64770.4,0.0,0.0,0.0
BTCUSDT,1781694000,2026-06-17 11:00:00+00:00,64770.4,64825.6,64525.0,64571.1,0.0,0.0,0.0
BTCUSDT,1781694900,2026-06-17 11:15:00+00:00,64571.1,64715.9,64528.3,64668.2,0.0,0.0,0.0
BTCUSDT,1781695800,2026-06-17 11:30:00+00:00,64668.2,64776.0,64635.0,64766.3,0.0,0.0,0.0
BTCUSDT,1781696700,2026-06-17 11:45:00+00:00,64766.2,64834.9,64766.2,64774.5,0.0,0.0,0.0
BTCUSDT,1781697600,2026-06-17 12:00:00+00:00,64774.6,64844.4,64698.5,64825.7,0.0,0.0,0.0
BTCUSDT,1781698500,2026-06-17 12:15:00+00:00,64825.6,64825.7,64606.7,64654.8,0.0,0.0,0.0
BTCUSDT,1781699400,2026-06-17 12:30:00+00:00,64654.8,64896.4,64550.7,64881.0,0.0,0.0,0.0
BTCUSDT,1781700300,2026-06-17 12:45:00+00:00,64881.1,65080.3,64880.3,65005.3,0.0,0.0,0.0
BTCUSDT,1781701200,2026-06-17 13:00:00+00:00,65005.2,65060.6,64941.4,65042.8,0.0,0.0,0.0
BTCUSDT,1781702100,2026-06-17 13:15:00+00:00,65042.8,65042.8,64829.0,64884.6,0.0,0.0,0.0
BTCUSDT,1781703000,2026-06-17 13:30:00+00:00,64884.4,65305.0,64804.1,65249.0,0.0,0.0,0.0
BTCUSDT,1781703900,2026-06-17 13:45:00+00:00,65249.0,65333.0,65190.0,65232.9,0.0,0.0,0.0
BTCUSDT,1781704800,2026-06-17 14:00:00+00:00,65232.6,65323.6,65088.1,65309.5,0.0,0.0,0.0
BTCUSDT,1781705700,2026-06-17 14:15:00+00:00,65309.5,65434.1,65100.0,65215.6,0.0,0.0,0.0
BTCUSDT,1781706600,2026-06-17 14:30:00+00:00,65215.5,65260.6,65012.2,65074.1,0.0,0.0,0.0
BTCUSDT,1781707500,2026-06-17 14:45:00+00:00,65074.0,65260.0,64722.6,65072.4,0.0,0.0,0.0
BTCUSDT,1781708400,2026-06-17 15:00:00+00:00,65072.4,65214.8,64943.5,65201.1,0.0,0.0,0.0
BTCUSDT,1781709300,2026-06-17 15:15:00+00:00,65201.0,65392.9,65160.0,65304.5,0.0,0.0,0.0
BTCUSDT,1781710200,2026-06-17 15:30:00+00:00,65304.6,65495.4,65227.3,65466.5,0.0,0.0,0.0
BTCUSDT,1781711100,2026-06-17 15:45:00+00:00,65466.6,65834.1,65440.1,65712.7,0.0,0.0,0.0
BTCUSDT,1781712000,2026-06-17 16:00:00+00:00,65712.7,65850.0,65676.8,65815.1,0.0,0.0,0.0
BTCUSDT,1781712900,2026-06-17 16:15:00+00:00,65815.2,66419.2,65779.0,66222.9,0.0,0.0,0.0
BTCUSDT,1781713800,2026-06-17 16:30:00+00:00,66222.8,66271.0,65864.5,65926.2,0.0,0.0,0.0
BTCUSDT,1781714700,2026-06-17 16:45:00+00:00,65926.2,65983.5,65803.3,65829.7,0.0,0.0,0.0
BTCUSDT,1781715600,2026-06-17 17:00:00+00:00,65829.6,65950.6,65755.0,65819.9,0.0,0.0,0.0
BTCUSDT,1781716500,2026-06-17 17:15:00+00:00,65819.9,65982.9,65792.9,65930.1,0.0,0.0,0.0
BTCUSDT,1781717400,2026-06-17 17:30:00+00:00,65930.1,65981.6,65800.1,65826.6,0.0,0.0,0.0
BTCUSDT,1781718300,2026-06-17 17:45:00+00:00,65826.7,66160.0,65780.2,66073.1,0.0,0.0,0.0
BTCUSDT,1781719200,2026-06-17 18:00:00+00:00,66073.0,66085.3,64746.6,65264.8,0.0,0.0,0.0
BTCUSDT,1781720100,2026-06-17 18:15:00+00:00,65264.7,65517.0,65228.1,65369.6,0.0,0.0,0.0
BTCUSDT,1781721000,2026-06-17 18:30:00+00:00,65369.7,66041.9,65238.6,66006.1,0.0,0.0,0.0
BTCUSDT,1781721900,2026-06-17 18:45:00+00:00,66006.2,66013.3,65316.4,65481.3,0.0,0.0,0.0
BTCUSDT,1781722800,2026-06-17 19:00:00+00:00,65481.2,65632.0,65057.0,65335.4,0.0,0.0,0.0
BTCUSDT,1781723700,2026-06-17 19:15:00+00:00,65335.5,65356.3,64286.2,64436.4,0.0,0.0,0.0
BTCUSDT,1781724600,2026-06-17 19:30:00+00:00,64436.5,64653.4,64115.5,64147.0,0.0,0.0,0.0
BTCUSDT,1781725500,2026-06-17 19:45:00+00:00,64147.1,64289.9,64015.0,64271.3,0.0,0.0,0.0
BTCUSDT,1781726400,2026-06-17 20:00:00+00:00,64271.4,64430.0,64153.8,64187.3,0.0,0.0,0.0
BTCUSDT,1781727300,2026-06-17 20:15:00+00:00,64187.3,64434.7,64174.6,64335.9,0.0,0.0,0.0
BTCUSDT,1781728200,2026-06-17 20:30:00+00:00,64335.9,64460.8,64200.1,64200.2,0.0,0.0,0.0
BTCUSDT,1781729100,2026-06-17 20:45:00+00:00,64200.2,64411.0,64137.1,64405.9,0.0,0.0,0.0
BTCUSDT,1781730000,2026-06-17 21:00:00+00:00,64405.9,64427.0,64230.2,64296.4,0.0,0.0,0.0
BTCUSDT,1781730900,2026-06-17 21:15:00+00:00,64296.4,64358.6,64231.3,64238.7,0.0,0.0,0.0
BTCUSDT,1781731800,2026-06-17 21:30:00+00:00,64238.7,64400.0,64129.5,64152.9,0.0,0.0,0.0
BTCUSDT,1781732700,2026-06-17 21:45:00+00:00,64152.9,64254.2,64104.0,64229.4,0.0,0.0,0.0
BTCUSDT,1781733600,2026-06-17 22:00:00+00:00,64229.4,64231.8,63881.2,64072.5,0.0,0.0,0.0
BTCUSDT,1781734500,2026-06-17 22:15:00+00:00,64072.4,64350.1,64036.6,64336.5,0.0,0.0,0.0
BTCUSDT,1781735400,2026-06-17 22:30:00+00:00,64336.5,64415.7,64209.4,64238.3,0.0,0.0,0.0
BTCUSDT,1781736300,2026-06-17 22:45:00+00:00,64238.4,64389.9,64231.6,64265.3,0.0,0.0,0.0
BTCUSDT,1781737200,2026-06-17 23:00:00+00:00,64265.3,64381.2,64216.6,64294.8,0.0,0.0,0.0
BTCUSDT,1781738100,2026-06-17 23:15:00+00:00,64294.8,64495.3,64294.8,64466.3,0.0,0.0,0.0
BTCUSDT,1781739000,2026-06-17 23:30:00+00:00,64466.2,64494.9,64366.1,64413.4,0.0,0.0,0.0
BTCUSDT,1781739900,2026-06-17 23:45:00+00:00,64413.3,64488.1,64366.1,64472.9,0.0,0.0,0.0
BTCUSDT,1781740800,2026-06-18 00:00:00+00:00,64472.9,64630.0,64455.4,64604.7,0.0,0.0,0.0
BTCUSDT,1781741700,2026-06-18 00:15:00+00:00,64604.8,64676.5,64510.0,64560.5,0.0,0.0,0.0
BTCUSDT,1781742600,2026-06-18 00:30:00+00:00,64560.6,64671.2,64470.4,64554.3,0.0,0.0,0.0
BTCUSDT,1781743500,2026-06-18 00:45:00+00:00,64554.4,64588.0,64422.4,64432.8,0.0,0.0,0.0
BTCUSDT,1781744400,2026-06-18 01:00:00+00:00,64432.8,64780.0,64429.1,64703.7,0.0,0.0,0.0
BTCUSDT,1781745300,2026-06-18 01:15:00+00:00,64703.8,64713.5,64584.6,64629.6,0.0,0.0,0.0
BTCUSDT,1781746200,2026-06-18 01:30:00+00:00,64629.5,64722.0,64570.1,64585.7,0.0,0.0,0.0
BTCUSDT,1781747100,2026-06-18 01:45:00+00:00,64585.7,64585.7,64444.1,64520.9,0.0,0.0,0.0
BTCUSDT,1781748000,2026-06-18 02:00:00+00:00,64520.9,64650.0,64500.0,64541.5,0.0,0.0,0.0
BTCUSDT,1781748900,2026-06-18 02:15:00+00:00,64541.5,64720.8,64453.2,64672.7,0.0,0.0,0.0
BTCUSDT,1781749800,2026-06-18 02:30:00+00:00,64672.6,64741.2,64645.6,64735.0,0.0,0.0,0.0
BTCUSDT,1781750700,2026-06-18 02:45:00+00:00,64735.0,64750.0,64641.1,64652.3,0.0,0.0,0.0
BTCUSDT,1781751600,2026-06-18 03:00:00+00:00,64652.3,64652.3,64487.5,64492.1,0.0,0.0,0.0
BTCUSDT,1781752500,2026-06-18 03:15:00+00:00,64492.1,64502.3,64280.7,64280.9,0.0,0.0,0.0
BTCUSDT,1781753400,2026-06-18 03:30:00+00:00,64280.8,64370.7,64228.9,64298.0,0.0,0.0,0.0
BTCUSDT,1781754300,2026-06-18 03:45:00+00:00,64298.1,64380.9,64241.3,64255.0,0.0,0.0,0.0
BTCUSDT,1781755200,2026-06-18 04:00:00+00:00,64255.0,64323.4,63785.0,63908.2,0.0,0.0,0.0
BTCUSDT,1781756100,2026-06-18 04:15:00+00:00,63908.3,64079.8,63821.9,63911.9,0.0,0.0,0.0
BTCUSDT,1781757000,2026-06-18 04:30:00+00:00,63912.0,63958.3,63848.4,63850.0,0.0,0.0,0.0
BTCUSDT,1781757900,2026-06-18 04:45:00+00:00,63850.0,63946.1,63800.1,63850.1,0.0,0.0,0.0
BTCUSDT,1781758800,2026-06-18 05:00:00+00:00,63850.1,63947.7,63660.1,63888.5,0.0,0.0,0.0
BTCUSDT,1781759700,2026-06-18 05:15:00+00:00,63888.5,63972.3,63877.7,63893.2,0.0,0.0,0.0
BTCUSDT,1781760600,2026-06-18 05:30:00+00:00,63893.1,64000.0,63820.4,63900.0,0.0,0.0,0.0
BTCUSDT,1781761500,2026-06-18 05:45:00+00:00,63900.0,63979.2,63849.6,63961.8,0.0,0.0,0.0
BTCUSDT,1781762400,2026-06-18 06:00:00+00:00,63961.9,64049.4,63851.4,63927.2,0.0,0.0,0.0
BTCUSDT,1781763300,2026-06-18 06:15:00+00:00,63927.2,63970.9,63811.3,63958.8,0.0,0.0,0.0
BTCUSDT,1781764200,2026-06-18 06:30:00+00:00,63958.7,64071.2,63939.0,64068.2,0.0,0.0,0.0
BTCUSDT,1781765100,2026-06-18 06:45:00+00:00,64068.3,64097.7,64025.5,64054.9,0.0,0.0,0.0
BTCUSDT,1781766000,2026-06-18 07:00:00+00:00,64054.9,64076.4,63985.3,64065.0,0.0,0.0,0.0
BTCUSDT,1781766900,2026-06-18 07:15:00+00:00,64065.1,64284.9,64047.7,64266.7,0.0,0.0,0.0
BTCUSDT,1781767800,2026-06-18 07:30:00+00:00,64266.7,64428.6,64222.8,64402.8,0.0,0.0,0.0
BTCUSDT,1781768700,2026-06-18 07:45:00+00:00,64402.7,64491.1,64388.9,64470.3,0.0,0.0,0.0
BTCUSDT,1781769600,2026-06-18 08:00:00+00:00,64470.4,64631.5,64349.2,64512.8,0.0,0.0,0.0
BTCUSDT,1781770500,2026-06-18 08:15:00+00:00,64512.8,64577.0,64478.1,64548.0,0.0,0.0,0.0
BTCUSDT,1781771400,2026-06-18 08:30:00+00:00,64547.9,64575.9,64485.3,64485.3,0.0,0.0,0.0
BTCUSDT,1781772300,2026-06-18 08:45:00+00:00,64485.3,64498.9,64350.0,64370.0,0.0,0.0,0.0
BTCUSDT,1781773200,2026-06-18 09:00:00+00:00,64370.0,64376.7,64284.0,64361.7,0.0,0.0,0.0
BTCUSDT,1781774100,2026-06-18 09:15:00+00:00,64361.7,64450.0,64204.9,64221.9,0.0,0.0,0.0
BTCUSDT,1781775000,2026-06-18 09:30:00+00:00,64221.8,64281.7,64179.2,64257.4,0.0,0.0,0.0
BTCUSDT,1781775900,2026-06-18 09:45:00+00:00,64257.5,64297.7,64162.5,64172.6,0.0,0.0,0.0
BTCUSDT,1781776800,2026-06-18 10:00:00+00:00,64172.7,64172.7,63963.4,63985.7,0.0,0.0,0.0
BTCUSDT,1781777700,2026-06-18 10:15:00+00:00,63985.7,64027.7,63880.2,63942.7,0.0,0.0,0.0
BTCUSDT,1781778600,2026-06-18 10:30:00+00:00,63942.7,64055.4,63914.8,63974.9,0.0,0.0,0.0
BTCUSDT,1781779500,2026-06-18 10:45:00+00:00,63974.8,64198.0,63971.3,64050.0,0.0,0.0,0.0
BTCUSDT,1781780400,2026-06-18 11:00:00+00:00,64050.1,64175.9,63965.0,63998.2,0.0,0.0,0.0
BTCUSDT,1781781300,2026-06-18 11:15:00+00:00,63998.2,64060.9,63877.3,64043.8,0.0,0.0,0.0
BTCUSDT,1781782200,2026-06-18 11:30:00+00:00,64043.8,64057.7,63855.0,63946.2,0.0,0.0,0.0
BTCUSDT,1781783100,2026-06-18 11:45:00+00:00,63946.3,64008.7,63855.1,63940.1,0.0,0.0,0.0
BTCUSDT,1781784000,2026-06-18 12:00:00+00:00,63940.1,64015.5,63892.8,63978.1,0.0,0.0,0.0
BTCUSDT,1781784900,2026-06-18 12:15:00+00:00,63978.1,64172.5,63960.0,64172.5,0.0,0.0,0.0
BTCUSDT,1781785800,2026-06-18 12:30:00+00:00,64172.5,64239.0,64098.9,64225.1,0.0,0.0,0.0
BTCUSDT,1781786700,2026-06-18 12:45:00+00:00,64225.1,64377.8,64224.8,64345.9,0.0,0.0,0.0
BTCUSDT,1781787600,2026-06-18 13:00:00+00:00,64345.8,64423.4,64255.7,64368.9,0.0,0.0,0.0
BTCUSDT,1781788500,2026-06-18 13:15:00+00:00,64368.8,64419.4,64294.8,64327.4,0.0,0.0,0.0
BTCUSDT,1781789400,2026-06-18 13:30:00+00:00,64327.3,64355.2,63844.7,63850.0,0.0,0.0,0.0
BTCUSDT,1781790300,2026-06-18 13:45:00+00:00,63850.0,64132.8,63753.0,63952.3,0.0,0.0,0.0
BTCUSDT,1781791200,2026-06-18 14:00:00+00:00,63952.4,64047.5,63688.8,63752.0,0.0,0.0,0.0
BTCUSDT,1781792100,2026-06-18 14:15:00+00:00,63752.0,64181.7,63678.1,63786.0,0.0,0.0,0.0
BTCUSDT,1781793000,2026-06-18 14:30:00+00:00,63786.0,64052.6,63730.0,63841.4,0.0,0.0,0.0
BTCUSDT,1781793900,2026-06-18 14:45:00+00:00,63841.3,63968.3,63565.0,63784.1,0.0,0.0,0.0
BTCUSDT,1781794800,2026-06-18 15:00:00+00:00,63784.2,63796.6,63525.1,63525.9,0.0,0.0,0.0
BTCUSDT,1781795700,2026-06-18 15:15:00+00:00,63525.8,63571.2,63156.0,63214.9,0.0,0.0,0.0
BTCUSDT,1781796600,2026-06-18 15:30:00+00:00,63215.0,63355.0,62650.0,62755.2,0.0,0.0,0.0
BTCUSDT,1781797500,2026-06-18 15:45:00+00:00,62755.1,62877.2,62232.1,62337.8,0.0,0.0,0.0
BTCUSDT,1781798400,2026-06-18 16:00:00+00:00,62337.7,62694.2,62308.6,62601.8,0.0,0.0,0.0
BTCUSDT,1781799300,2026-06-18 16:15:00+00:00,62601.8,62731.5,62483.0,62568.3,0.0,0.0,0.0
BTCUSDT,1781800200,2026-06-18 16:30:00+00:00,62568.4,62749.9,62475.6,62688.2,0.0,0.0,0.0
BTCUSDT,1781801100,2026-06-18 16:45:00+00:00,62688.2,62789.0,62606.9,62664.2,0.0,0.0,0.0
BTCUSDT,1781802000,2026-06-18 17:00:00+00:00,62664.2,62677.6,62372.3,62478.2,0.0,0.0,0.0
BTCUSDT,1781802900,2026-06-18 17:15:00+00:00,62478.2,62645.0,62241.0,62553.1,0.0,0.0,0.0
BTCUSDT,1781803800,2026-06-18 17:30:00+00:00,62553.2,62730.0,62486.1,62622.2,0.0,0.0,0.0
BTCUSDT,1781804700,2026-06-18 17:45:00+00:00,62622.2,62700.0,62486.0,62579.1,0.0,0.0,0.0
BTCUSDT,1781805600,2026-06-18 18:00:00+00:00,62579.2,62716.4,62552.8,62678.7,0.0,0.0,0.0
BTCUSDT,1781806500,2026-06-18 18:15:00+00:00,62678.7,62932.7,62584.0,62826.5,0.0,0.0,0.0
BTCUSDT,1781807400,2026-06-18 18:30:00+00:00,62826.4,62826.4,62652.1,62748.5,0.0,0.0,0.0
BTCUSDT,1781808300,2026-06-18 18:45:00+00:00,62748.4,62871.6,62597.0,62683.5,0.0,0.0,0.0
BTCUSDT,1781809200,2026-06-18 19:00:00+00:00,62683.5,62716.7,62608.0,62661.3,0.0,0.0,0.0
BTCUSDT,1781810100,2026-06-18 19:15:00+00:00,62661.2,62788.8,62618.1,62753.4,0.0,0.0,0.0
BTCUSDT,1781811000,2026-06-18 19:30:00+00:00,62753.4,62980.0,62746.0,62943.4,0.0,0.0,0.0
BTCUSDT,1781811900,2026-06-18 19:45:00+00:00,62943.3,62985.0,62879.2,62925.4,0.0,0.0,0.0
BTCUSDT,1781812800,2026-06-18 20:00:00+00:00,62925.3,63202.3,62925.3,63144.7,0.0,0.0,0.0
BTCUSDT,1781813700,2026-06-18 20:15:00+00:00,63144.6,63266.8,63068.1,63090.0,0.0,0.0,0.0
BTCUSDT,1781814600,2026-06-18 20:30:00+00:00,63090.0,63150.9,63017.8,63109.9,0.0,0.0,0.0
BTCUSDT,1781815500,2026-06-18 20:45:00+00:00,63110.0,63112.7,63012.8,63063.1,0.0,0.0,0.0
BTCUSDT,1781816400,2026-06-18 21:00:00+00:00,63063.1,63098.7,62877.2,62895.1,0.0,0.0,0.0
BTCUSDT,1781817300,2026-06-18 21:15:00+00:00,62895.1,63022.0,62831.8,62931.0,0.0,0.0,0.0
BTCUSDT,1781818200,2026-06-18 21:30:00+00:00,62931.0,62960.5,62835.9,62889.3,0.0,0.0,0.0
BTCUSDT,1781819100,2026-06-18 21:45:00+00:00,62889.3,62973.1,62858.1,62936.0,0.0,0.0,0.0
BTCUSDT,1781820000,2026-06-18 22:00:00+00:00,62936.0,62962.1,62878.0,62892.7,0.0,0.0,0.0
BTCUSDT,1781820900,2026-06-18 22:15:00+00:00,62892.7,62900.6,62739.2,62807.4,0.0,0.0,0.0
BTCUSDT,1781821800,2026-06-18 22:30:00+00:00,62807.3,62826.3,62710.5,62785.5,0.0,0.0,0.0
BTCUSDT,1781822700,2026-06-18 22:45:00+00:00,62785.4,62868.1,62749.5,62853.0,0.0,0.0,0.0
BTCUSDT,1781823600,2026-06-18 23:00:00+00:00,62852.9,62903.5,62717.0,62729.0,0.0,0.0,0.0
BTCUSDT,1781824500,2026-06-18 23:15:00+00:00,62729.1,62850.1,62723.6,62849.9,0.0,0.0,0.0
BTCUSDT,1781825400,2026-06-18 23:30:00+00:00,62849.9,62920.0,62847.2,62883.1,0.0,0.0,0.0
BTCUSDT,1781826300,2026-06-18 23:45:00+00:00,62883.0,62959.9,62823.5,62924.1,0.0,0.0,0.0
BTCUSDT,1781827200,2026-06-19 00:00:00+00:00,62924.0,62959.2,62812.7,62838.6,0.0,0.0,0.0
BTCUSDT,1781828100,2026-06-19 00:15:00+00:00,62838.6,62974.6,62820.0,62939.4,0.0,0.0,0.0
BTCUSDT,1781829000,2026-06-19 00:30:00+00:00,62939.5,63035.4,62927.5,63035.3,0.0,0.0,0.0
BTCUSDT,1781829900,2026-06-19 00:45:00+00:00,63035.4,63066.7,62944.0,62991.7,0.0,0.0,0.0
BTCUSDT,1781830800,2026-06-19 01:00:00+00:00,62991.7,63059.9,62863.8,62940.0,0.0,0.0,0.0
BTCUSDT,1781831700,2026-06-19 01:15:00+00:00,62940.0,63073.0,62890.1,62898.5,0.0,0.0,0.0
BTCUSDT,1781832600,2026-06-19 01:30:00+00:00,62898.5,62929.3,62814.3,62884.1,0.0,0.0,0.0
BTCUSDT,1781833500,2026-06-19 01:45:00+00:00,62884.1,63010.6,62884.0,62994.5,0.0,0.0,0.0
BTCUSDT,1781834400,2026-06-19 02:00:00+00:00,62994.5,63088.0,62985.6,62995.1,0.0,0.0,0.0
BTCUSDT,1781835300,2026-06-19 02:15:00+00:00,62995.1,63043.3,62917.8,62923.3,0.0,0.0,0.0
BTCUSDT,1781836200,2026-06-19 02:30:00+00:00,62923.3,63000.0,62884.0,62912.0,0.0,0.0,0.0
BTCUSDT,1781837100,2026-06-19 02:45:00+00:00,62912.0,62994.4,62858.2,62974.2,0.0,0.0,0.0
BTCUSDT,1781838000,2026-06-19 03:00:00+00:00,62974.2,63004.8,62681.8,62711.5,0.0,0.0,0.0
BTCUSDT,1781838900,2026-06-19 03:15:00+00:00,62711.6,62826.7,62237.2,62809.7,0.0,0.0,0.0
BTCUSDT,1781839800,2026-06-19 03:30:00+00:00,62809.7,62809.7,62581.0,62669.9,0.0,0.0,0.0
BTCUSDT,1781840700,2026-06-19 03:45:00+00:00,62669.9,62786.7,62600.0,62745.1,0.0,0.0,0.0
BTCUSDT,1781841600,2026-06-19 04:00:00+00:00,62745.1,62856.5,62585.0,62843.0,0.0,0.0,0.0
BTCUSDT,1781842500,2026-06-19 04:15:00+00:00,62843.0,62888.8,62681.0,62697.2,0.0,0.0,0.0
BTCUSDT,1781843400,2026-06-19 04:30:00+00:00,62697.1,62705.9,62486.0,62582.5,0.0,0.0,0.0
BTCUSDT,1781844300,2026-06-19 04:45:00+00:00,62582.5,62651.9,62375.7,62421.7,0.0,0.0,0.0
BTCUSDT,1781845200,2026-06-19 05:00:00+00:00,62421.8,62638.1,62417.4,62638.0,0.0,0.0,0.0
BTCUSDT,1781846100,2026-06-19 05:15:00+00:00,62638.1,62638.1,62538.6,62579.7,0.0,0.0,0.0
BTCUSDT,1781847000,2026-06-19 05:30:00+00:00,62579.7,62645.0,62523.3,62626.3,0.0,0.0,0.0
BTCUSDT,1781847900,2026-06-19 05:45:00+00:00,62626.4,62715.0,62611.6,62707.0,0.0,0.0,0.0
BTCUSDT,1781848800,2026-06-19 06:00:00+00:00,62707.1,62825.6,62691.0,62821.7,0.0,0.0,0.0
BTCUSDT,1781849700,2026-06-19 06:15:00+00:00,62821.7,62842.2,62727.8,62806.2,0.0,0.0,0.0
BTCUSDT,1781850600,2026-06-19 06:30:00+00:00,62806.2,62855.6,62700.0,62795.9,0.0,0.0,0.0
BTCUSDT,1781851500,2026-06-19 06:45:00+00:00,62795.8,62888.7,62734.3,62865.1,0.0,0.0,0.0
BTCUSDT,1781852400,2026-06-19 07:00:00+00:00,62865.0,62896.8,62747.0,62747.0,0.0,0.0,0.0
BTCUSDT,1781853300,2026-06-19 07:15:00+00:00,62747.1,62806.7,62679.9,62710.0,0.0,0.0,0.0
BTCUSDT,1781854200,2026-06-19 07:30:00+00:00,62710.0,62799.9,62465.6,62517.6,0.0,0.0,0.0
BTCUSDT,1781855100,2026-06-19 07:45:00+00:00,62517.5,62650.0,62473.5,62592.4,0.0,0.0,0.0
BTCUSDT,1781856000,2026-06-19 08:00:00+00:00,62592.4,62647.2,62504.7,62638.5,0.0,0.0,0.0
BTCUSDT,1781856900,2026-06-19 08:15:00+00:00,62638.4,62689.2,62572.3,62637.6,0.0,0.0,0.0
BTCUSDT,1781857800,2026-06-19 08:30:00+00:00,62637.7,62758.1,62550.0,62619.2,0.0,0.0,0.0
BTCUSDT,1781858700,2026-06-19 08:45:00+00:00,62619.2,62642.0,62533.3,62575.7,0.0,0.0,0.0
BTCUSDT,1781859600,2026-06-19 09:00:00+00:00,62575.7,62623.2,62283.7,62391.8,0.0,0.0,0.0
BTCUSDT,1781860500,2026-06-19 09:15:00+00:00,62391.7,62439.9,62272.4,62344.2,0.0,0.0,0.0
BTCUSDT,1781861400,2026-06-19 09:30:00+00:00,62344.1,62465.3,62344.1,62390.0,0.0,0.0,0.0
BTCUSDT,1781862300,2026-06-19 09:45:00+00:00,62390.0,62400.6,62300.0,62353.0,0.0,0.0,0.0
BTCUSDT,1781863200,2026-06-19 10:00:00+00:00,62352.9,62538.7,62347.8,62521.0,0.0,0.0,0.0
BTCUSDT,1781864100,2026-06-19 10:15:00+00:00,62520.9,62520.9,62400.0,62473.5,0.0,0.0,0.0
BTCUSDT,1781865000,2026-06-19 10:30:00+00:00,62473.5,62473.6,62381.3,62389.9,0.0,0.0,0.0
BTCUSDT,1781865900,2026-06-19 10:45:00+00:00,62389.8,62570.1,62375.6,62506.2,0.0,0.0,0.0
BTCUSDT,1781866800,2026-06-19 11:00:00+00:00,62506.3,62543.9,62419.5,62465.8,0.0,0.0,0.0
BTCUSDT,1781867700,2026-06-19 11:15:00+00:00,62465.9,62664.3,62433.0,62616.3,0.0,0.0,0.0
BTCUSDT,1781868600,2026-06-19 11:30:00+00:00,62616.3,62657.1,62557.3,62625.2,0.0,0.0,0.0
BTCUSDT,1781869500,2026-06-19 11:45:00+00:00,62625.1,62658.5,62568.6,62600.0,0.0,0.0,0.0
BTCUSDT,1781870400,2026-06-19 12:00:00+00:00,62600.0,62661.7,62567.6,62594.3,0.0,0.0,0.0
BTCUSDT,1781871300,2026-06-19 12:15:00+00:00,62594.2,62594.2,62458.4,62528.2,0.0,0.0,0.0
BTCUSDT,1781872200,2026-06-19 12:30:00+00:00,62528.2,62577.0,62370.0,62478.4,0.0,0.0,0.0
BTCUSDT,1781873100,2026-06-19 12:45:00+00:00,62478.4,62844.8,62315.2,62799.4,0.0,0.0,0.0
BTCUSDT,1781874000,2026-06-19 13:00:00+00:00,62799.4,62974.9,62721.3,62752.8,0.0,0.0,0.0
BTCUSDT,1781874900,2026-06-19 13:15:00+00:00,62752.8,62784.9,62629.5,62758.9,0.0,0.0,0.0
BTCUSDT,1781875800,2026-06-19 13:30:00+00:00,62758.9,63099.8,62712.5,63062.3,0.0,0.0,0.0
BTCUSDT,1781876700,2026-06-19 13:45:00+00:00,63061.6,63410.3,63046.8,63174.2,0.0,0.0,0.0
BTCUSDT,1781877600,2026-06-19 14:00:00+00:00,63174.1,63230.0,63001.1,63060.3,0.0,0.0,0.0
BTCUSDT,1781878500,2026-06-19 14:15:00+00:00,63060.3,63267.0,62972.8,63239.9,0.0,0.0,0.0
BTCUSDT,1781879400,2026-06-19 14:30:00+00:00,63240.0,63398.3,63142.1,63280.0,0.0,0.0,0.0
BTCUSDT,1781880300,2026-06-19 14:45:00+00:00,63280.1,63339.6,63161.9,63174.8,0.0,0.0,0.0
BTCUSDT,1781881200,2026-06-19 15:00:00+00:00,63174.8,63229.9,63082.5,63158.5,0.0,0.0,0.0
BTCUSDT,1781882100,2026-06-19 15:15:00+00:00,63158.6,63188.6,62992.0,63034.5,0.0,0.0,0.0
BTCUSDT,1781883000,2026-06-19 15:30:00+00:00,63034.4,63266.3,63034.4,63220.8,0.0,0.0,0.0
BTCUSDT,1781883900,2026-06-19 15:45:00+00:00,63220.9,63260.1,63170.7,63193.0,0.0,0.0,0.0
BTCUSDT,1781884800,2026-06-19 16:00:00+00:00,63193.1,63376.6,63068.5,63359.5,0.0,0.0,0.0
BTCUSDT,1781885700,2026-06-19 16:15:00+00:00,63359.5,63367.1,63239.6,63286.3,0.0,0.0,0.0
BTCUSDT,1781886600,2026-06-19 16:30:00+00:00,63286.2,63363.6,63219.1,63219.1,0.0,0.0,0.0
BTCUSDT,1781887500,2026-06-19 16:45:00+00:00,63219.1,63219.2,62897.8,62943.7,0.0,0.0,0.0
BTCUSDT,1781888400,2026-06-19 17:00:00+00:00,62943.7,63004.9,62860.0,62974.0,0.0,0.0,0.0
BTCUSDT,1781889300,2026-06-19 17:15:00+00:00,62973.9,63099.0,62836.6,62899.9,0.0,0.0,0.0
BTCUSDT,1781890200,2026-06-19 17:30:00+00:00,62900.0,63087.0,62884.2,63073.2,0.0,0.0,0.0
BTCUSDT,1781891100,2026-06-19 17:45:00+00:00,63073.1,63213.0,63010.1,63166.7,0.0,0.0,0.0
BTCUSDT,1781892000,2026-06-19 18:00:00+00:00,63166.6,63175.3,63076.2,63133.9,0.0,0.0,0.0
BTCUSDT,1781892900,2026-06-19 18:15:00+00:00,63133.9,63137.8,63079.3,63083.9,0.0,0.0,0.0
BTCUSDT,1781893800,2026-06-19 18:30:00+00:00,63083.9,63159.2,62958.0,63029.4,0.0,0.0,0.0
BTCUSDT,1781894700,2026-06-19 18:45:00+00:00,63029.3,63115.0,62982.5,63079.3,0.0,0.0,0.0
BTCUSDT,1781895600,2026-06-19 19:00:00+00:00,63079.2,63088.0,62972.6,63030.0,0.0,0.0,0.0
BTCUSDT,1781896500,2026-06-19 19:15:00+00:00,63029.9,63035.9,62907.4,62968.9,0.0,0.0,0.0
BTCUSDT,1781897400,2026-06-19 19:30:00+00:00,62968.9,63001.5,62927.5,62973.8,0.0,0.0,0.0
BTCUSDT,1781898300,2026-06-19 19:45:00+00:00,62973.8,63117.0,62958.0,63001.9,0.0,0.0,0.0
BTCUSDT,1781899200,2026-06-19 20:00:00+00:00,63001.8,63055.5,62986.7,63053.1,0.0,0.0,0.0
BTCUSDT,1781900100,2026-06-19 20:15:00+00:00,63053.2,63056.5,62926.2,63056.5,0.0,0.0,0.0
BTCUSDT,1781901000,2026-06-19 20:30:00+00:00,63056.4,63077.4,63004.0,63069.4,0.0,0.0,0.0
BTCUSDT,1781901900,2026-06-19 20:45:00+00:00,63069.3,63245.9,63063.3,63217.4,0.0,0.0,0.0
BTCUSDT,1781902800,2026-06-19 21:00:00+00:00,63217.3,63253.6,63119.9,63238.4,0.0,0.0,0.0
BTCUSDT,1781903700,2026-06-19 21:15:00+00:00,63238.4,63238.4,63129.7,63131.6,0.0,0.0,0.0
BTCUSDT,1781904600,2026-06-19 21:30:00+00:00,63131.6,63140.2,63060.3,63060.4,0.0,0.0,0.0
BTCUSDT,1781905500,2026-06-19 21:45:00+00:00,63060.3,63104.9,63024.1,63048.0,0.0,0.0,0.0
BTCUSDT,1781906400,2026-06-19 22:00:00+00:00,63048.0,63080.0,63015.1,63067.0,0.0,0.0,0.0
BTCUSDT,1781907300,2026-06-19 22:15:00+00:00,63067.0,63272.7,63066.9,63233.6,0.0,0.0,0.0
BTCUSDT,1781908200,2026-06-19 22:30:00+00:00,63233.7,63321.7,63210.0,63291.7,0.0,0.0,0.0
BTCUSDT,1781909100,2026-06-19 22:45:00+00:00,63291.8,63345.1,63270.8,63287.8,0.0,0.0,0.0
BTCUSDT,1781910000,2026-06-19 23:00:00+00:00,63287.8,63312.2,63250.0,63263.7,0.0,0.0,0.0
BTCUSDT,1781910900,2026-06-19 23:15:00+00:00,63263.8,63307.2,63252.3,63289.2,0.0,0.0,0.0
BTCUSDT,1781911800,2026-06-19 23:30:00+00:00,63289.2,63337.3,63274.0,63296.9,0.0,0.0,0.0
BTCUSDT,1781912700,2026-06-19 23:45:00+00:00,63296.8,63645.0,63266.4,63512.6,0.0,0.0,0.0
BTCUSDT,1781913600,2026-06-20 00:00:00+00:00,63512.5,63585.7,63435.0,63493.8,0.0,0.0,0.0
BTCUSDT,1781914500,2026-06-20 00:15:00+00:00,63493.9,63621.0,63441.0,63590.3,0.0,0.0,0.0
BTCUSDT,1781915400,2026-06-20 00:30:00+00:00,63590.3,63757.2,63500.3,63575.6,0.0,0.0,0.0
BTCUSDT,1781916300,2026-06-20 00:45:00+00:00,63575.5,63578.8,63480.4,63496.8,0.0,0.0,0.0
BTCUSDT,1781917200,2026-06-20 01:00:00+00:00,63496.8,63513.6,63400.0,63422.2,0.0,0.0,0.0
BTCUSDT,1781918100,2026-06-20 01:15:00+00:00,63422.2,63488.5,63368.5,63474.6,0.0,0.0,0.0
BTCUSDT,1781919000,2026-06-20 01:30:00+00:00,63474.5,63594.2,63474.5,63540.7,0.0,0.0,0.0
BTCUSDT,1781919900,2026-06-20 01:45:00+00:00,63540.6,63558.8,63516.1,63550.9,0.0,0.0,0.0
BTCUSDT,1781920800,2026-06-20 02:00:00+00:00,63551.0,63551.0,63430.9,63441.8,0.0,0.0,0.0
BTCUSDT,1781921700,2026-06-20 02:15:00+00:00,63441.8,63441.9,63354.7,63382.3,0.0,0.0,0.0
BTCUSDT,1781922600,2026-06-20 02:30:00+00:00,63382.2,63469.6,63331.1,63372.3,0.0,0.0,0.0
BTCUSDT,1781923500,2026-06-20 02:45:00+00:00,63372.3,63400.0,63301.8,63305.7,0.0,0.0,0.0
BTCUSDT,1781924400,2026-06-20 03:00:00+00:00,63305.8,63353.5,63283.5,63319.7,0.0,0.0,0.0
BTCUSDT,1781925300,2026-06-20 03:15:00+00:00,63319.8,63425.0,63319.8,63417.0,0.0,0.0,0.0
BTCUSDT,1781926200,2026-06-20 03:30:00+00:00,63417.0,63487.2,63382.9,63456.3,0.0,0.0,0.0
BTCUSDT,1781927100,2026-06-20 03:45:00+00:00,63456.3,63466.2,63400.0,63440.5,0.0,0.0,0.0
BTCUSDT,1781928000,2026-06-20 04:00:00+00:00,63440.5,63444.0,63367.6,63399.2,0.0,0.0,0.0
BTCUSDT,1781928900,2026-06-20 04:15:00+00:00,63399.1,63547.0,63392.4,63542.2,0.0,0.0,0.0
BTCUSDT,1781929800,2026-06-20 04:30:00+00:00,63542.2,63588.0,63487.6,63578.1,0.0,0.0,0.0
BTCUSDT,1781930700,2026-06-20 04:45:00+00:00,63578.2,63590.0,63511.5,63553.9,0.0,0.0,0.0
BTCUSDT,1781931600,2026-06-20 05:00:00+00:00,63553.9,63894.0,63509.1,63781.0,0.0,0.0,0.0
BTCUSDT,1781932500,2026-06-20 05:15:00+00:00,63781.0,63812.7,63601.7,63604.5,0.0,0.0,0.0
BTCUSDT,1781933400,2026-06-20 05:30:00+00:00,63604.5,63705.2,63604.5,63609.6,0.0,0.0,0.0
BTCUSDT,1781934300,2026-06-20 05:45:00+00:00,63609.6,63685.0,63553.9,63645.5,0.0,0.0,0.0
BTCUSDT,1781935200,2026-06-20 06:00:00+00:00,63645.4,63692.3,63608.6,63656.7,0.0,0.0,0.0
BTCUSDT,1781936100,2026-06-20 06:15:00+00:00,63656.7,63724.3,63610.2,63672.2,0.0,0.0,0.0
BTCUSDT,1781937000,2026-06-20 06:30:00+00:00,63672.3,63723.3,63659.4,63723.1,0.0,0.0,0.0
BTCUSDT,1781937900,2026-06-20 06:45:00+00:00,63723.1,63730.0,63688.0,63710.0,0.0,0.0,0.0
BTCUSDT,1781938800,2026-06-20 07:00:00+00:00,63710.1,63710.1,63558.4,63636.4,0.0,0.0,0.0
BTCUSDT,1781939700,2026-06-20 07:15:00+00:00,63636.5,63763.2,63636.4,63763.0,0.0,0.0,0.0
BTCUSDT,1781940600,2026-06-20 07:30:00+00:00,63763.1,63774.2,63684.8,63720.5,0.0,0.0,0.0
BTCUSDT,1781941500,2026-06-20 07:45:00+00:00,63720.4,63742.2,63614.0,63625.0,0.0,0.0,0.0
BTCUSDT,1781942400,2026-06-20 08:00:00+00:00,63625.0,63630.0,63434.4,63523.4,0.0,0.0,0.0
BTCUSDT,1781943300,2026-06-20 08:15:00+00:00,63523.4,63553.7,63437.0,63450.0,0.0,0.0,0.0
BTCUSDT,1781944200,2026-06-20 08:30:00+00:00,63450.1,63466.3,63396.8,63422.9,0.0,0.0,0.0
BTCUSDT,1781945100,2026-06-20 08:45:00+00:00,63422.8,63430.6,63360.0,63390.8,0.0,0.0,0.0
BTCUSDT,1781946000,2026-06-20 09:00:00+00:00,63390.8,63505.2,63390.3,63488.3,0.0,0.0,0.0
BTCUSDT,1781946900,2026-06-20 09:15:00+00:00,63488.2,63565.4,63476.4,63535.5,0.0,0.0,0.0
BTCUSDT,1781947800,2026-06-20 09:30:00+00:00,63535.4,63686.2,63523.3,63669.9,0.0,0.0,0.0
BTCUSDT,1781948700,2026-06-20 09:45:00+00:00,63669.9,63760.8,63604.6,63700.8,0.0,0.0,0.0
BTCUSDT,1781949600,2026-06-20 10:00:00+00:00,63700.8,63747.7,63652.9,63657.4,0.0,0.0,0.0
BTCUSDT,1781950500,2026-06-20 10:15:00+00:00,63657.4,63693.9,63609.3,63649.3,0.0,0.0,0.0
BTCUSDT,1781951400,2026-06-20 10:30:00+00:00,63649.2,63670.4,63559.8,63574.6,0.0,0.0,0.0
BTCUSDT,1781952300,2026-06-20 10:45:00+00:00,63574.5,63650.2,63574.5,63649.7,0.0,0.0,0.0
BTCUSDT,1781953200,2026-06-20 11:00:00+00:00,63649.6,63685.1,63586.8,63636.7,0.0,0.0,0.0
BTCUSDT,1781954100,2026-06-20 11:15:00+00:00,63636.7,63718.4,63626.7,63661.7,0.0,0.0,0.0
BTCUSDT,1781955000,2026-06-20 11:30:00+00:00,63661.7,63708.6,63649.2,63695.0,0.0,0.0,0.0
BTCUSDT,1781955900,2026-06-20 11:45:00+00:00,63695.0,63770.0,63651.2,63651.3,0.0,0.0,0.0
BTCUSDT,1781956800,2026-06-20 12:00:00+00:00,63651.4,63756.0,63640.0,63723.3,0.0,0.0,0.0
BTCUSDT,1781957700,2026-06-20 12:15:00+00:00,63723.4,63743.8,63670.5,63705.8,0.0,0.0,0.0
BTCUSDT,1781958600,2026-06-20 12:30:00+00:00,63705.8,63720.5,63546.1,63590.0,0.0,0.0,0.0
BTCUSDT,1781959500,2026-06-20 12:45:00+00:00,63590.0,63630.2,63497.3,63627.8,0.0,0.0,0.0
BTCUSDT,1781960400,2026-06-20 13:00:00+00:00,63627.7,63627.8,63555.5,63555.6,0.0,0.0,0.0
BTCUSDT,1781961300,2026-06-20 13:15:00+00:00,63555.5,63592.1,63242.0,63315.1,0.0,0.0,0.0
BTCUSDT,1781962200,2026-06-20 13:30:00+00:00,63315.2,63441.3,63310.1,63422.9,0.0,0.0,0.0
BTCUSDT,1781963100,2026-06-20 13:45:00+00:00,63422.8,63467.9,63334.4,63368.0,0.0,0.0,0.0
BTCUSDT,1781964000,2026-06-20 14:00:00+00:00,63368.0,63388.8,63136.2,63185.1,0.0,0.0,0.0
BTCUSDT,1781964900,2026-06-20 14:15:00+00:00,63185.2,63347.4,63185.2,63347.4,0.0,0.0,0.0
BTCUSDT,1781965800,2026-06-20 14:30:00+00:00,63347.4,63515.0,63306.6,63477.3,0.0,0.0,0.0
BTCUSDT,1781966700,2026-06-20 14:45:00+00:00,63477.4,64150.0,63465.2,63929.5,0.0,0.0,0.0
BTCUSDT,1781967600,2026-06-20 15:00:00+00:00,63929.4,64023.1,63810.0,63983.5,0.0,0.0,0.0
BTCUSDT,1781968500,2026-06-20 15:15:00+00:00,63983.4,64370.9,63932.9,64167.0,0.0,0.0,0.0
BTCUSDT,1781969400,2026-06-20 15:30:00+00:00,64167.0,64182.0,64042.1,64086.6,0.0,0.0,0.0
BTCUSDT,1781970300,2026-06-20 15:45:00+00:00,64086.6,64178.8,64050.0,64139.5,0.0,0.0,0.0
BTCUSDT,1781971200,2026-06-20 16:00:00+00:00,64139.4,64150.0,63948.0,63973.9,0.0,0.0,0.0
BTCUSDT,1781972100,2026-06-20 16:15:00+00:00,63973.9,64077.0,63953.8,63966.7,0.0,0.0,0.0
BTCUSDT,1781973000,2026-06-20 16:30:00+00:00,63966.7,64037.9,63875.0,63974.4,0.0,0.0,0.0
BTCUSDT,1781973900,2026-06-20 16:45:00+00:00,63974.4,64019.6,63934.8,63999.9,0.0,0.0,0.0
BTCUSDT,1781974800,2026-06-20 17:00:00+00:00,63999.9,63999.9,63855.4,63925.9,0.0,0.0,0.0
BTCUSDT,1781975700,2026-06-20 17:15:00+00:00,63925.9,63963.0,63841.4,63962.9,0.0,0.0,0.0
BTCUSDT,1781976600,2026-06-20 17:30:00+00:00,63962.9,64015.0,63661.9,63828.1,0.0,0.0,0.0
BTCUSDT,1781977500,2026-06-20 17:45:00+00:00,63828.0,63864.9,63781.0,63810.7,0.0,0.0,0.0
BTCUSDT,1781978400,2026-06-20 18:00:00+00:00,63810.8,63899.0,63759.7,63796.4,0.0,0.0,0.0
BTCUSDT,1781979300,2026-06-20 18:15:00+00:00,63796.4,63854.4,63796.4,63835.8,0.0,0.0,0.0
BTCUSDT,1781980200,2026-06-20 18:30:00+00:00,63835.8,63859.0,63750.3,63788.1,0.0,0.0,0.0
BTCUSDT,1781981100,2026-06-20 18:45:00+00:00,63788.1,63813.5,63750.6,63776.4,0.0,0.0,0.0
BTCUSDT,1781982000,2026-06-20 19:00:00+00:00,63776.3,63893.7,63764.2,63868.2,0.0,0.0,0.0
BTCUSDT,1781982900,2026-06-20 19:15:00+00:00,63868.2,63899.0,63814.8,63835.5,0.0,0.0,0.0
BTCUSDT,1781983800,2026-06-20 19:30:00+00:00,63835.5,63940.3,63808.1,63907.9,0.0,0.0,0.0
BTCUSDT,1781984700,2026-06-20 19:45:00+00:00,63907.9,63919.1,63885.3,63905.5,0.0,0.0,0.0
BTCUSDT,1781985600,2026-06-20 20:00:00+00:00,63905.5,63945.0,63885.6,63932.6,0.0,0.0,0.0
BTCUSDT,1781986500,2026-06-20 20:15:00+00:00,63932.5,63944.5,63870.3,63880.9,0.0,0.0,0.0
BTCUSDT,1781987400,2026-06-20 20:30:00+00:00,63880.9,63890.0,63820.0,63847.4,0.0,0.0,0.0
BTCUSDT,1781988300,2026-06-20 20:45:00+00:00,63847.4,63908.1,63844.3,63899.4,0.0,0.0,0.0
BTCUSDT,1781989200,2026-06-20 21:00:00+00:00,63899.4,64029.9,63891.7,63956.7,0.0,0.0,0.0
BTCUSDT,1781990100,2026-06-20 21:15:00+00:00,63956.6,63969.5,63888.2,63902.8,0.0,0.0,0.0
BTCUSDT,1781991000,2026-06-20 21:30:00+00:00,63902.9,64020.0,63886.6,63999.9,0.0,0.0,0.0
BTCUSDT,1781991900,2026-06-20 21:45:00+00:00,64000.0,64066.6,63959.3,63983.0,0.0,0.0,0.0
BTCUSDT,1781992800,2026-06-20 22:00:00+00:00,63983.0,64143.4,63943.6,64108.4,0.0,0.0,0.0
BTCUSDT,1781993700,2026-06-20 22:15:00+00:00,64108.4,64306.9,64041.3,64272.9,0.0,0.0,0.0
BTCUSDT,1781994600,2026-06-20 22:30:00+00:00,64272.9,64326.0,64217.6,64252.6,0.0,0.0,0.0
BTCUSDT,1781995500,2026-06-20 22:45:00+00:00,64252.5,64297.8,64224.1,64245.9,0.0,0.0,0.0
BTCUSDT,1781996400,2026-06-20 23:00:00+00:00,64245.9,64277.6,64219.7,64225.9,0.0,0.0,0.0
BTCUSDT,1781997300,2026-06-20 23:15:00+00:00,64225.9,64292.9,64225.9,64240.0,0.0,0.0,0.0
BTCUSDT,1781998200,2026-06-20 23:30:00+00:00,64240.0,64310.3,64230.0,64305.6,0.0,0.0,0.0
BTCUSDT,1781999100,2026-06-20 23:45:00+00:00,64305.5,64317.6,64250.0,64270.0,0.0,0.0,0.0
BTCUSDT,1782000000,2026-06-21 00:00:00+00:00,64270.1,64277.8,64217.6,64235.0,0.0,0.0,0.0
BTCUSDT,1782000900,2026-06-21 00:15:00+00:00,64235.1,64286.0,64217.6,64238.6,0.0,0.0,0.0
BTCUSDT,1782001800,2026-06-21 00:30:00+00:00,64238.6,64303.0,64217.6,64264.9,0.0,0.0,0.0
BTCUSDT,1782002700,2026-06-21 00:45:00+00:00,64264.9,64290.0,64220.5,64264.3,0.0,0.0,0.0
BTCUSDT,1782003600,2026-06-21 01:00:00+00:00,64264.3,64295.8,64217.6,64224.3,0.0,0.0,0.0
BTCUSDT,1782004500,2026-06-21 01:15:00+00:00,64224.4,64230.6,64217.6,64218.5,0.0,0.0,0.0
BTCUSDT,1782005400,2026-06-21 01:30:00+00:00,64218.6,64266.5,64199.0,64227.4,0.0,0.0,0.0
BTCUSDT,1782006300,2026-06-21 01:45:00+00:00,64227.4,64297.0,64213.5,64221.3,0.0,0.0,0.0
BTCUSDT,1782007200,2026-06-21 02:00:00+00:00,64221.3,64236.0,64199.0,64235.9,0.0,0.0,0.0
BTCUSDT,1782008100,2026-06-21 02:15:00+00:00,64235.9,64235.9,64199.0,64208.1,0.0,0.0,0.0
BTCUSDT,1782009000,2026-06-21 02:30:00+00:00,64208.1,64244.7,64199.0,64216.4,0.0,0.0,0.0
BTCUSDT,1782009900,2026-06-21 02:45:00+00:00,64216.4,64251.2,64216.4,64219.5,0.0,0.0,0.0
BTCUSDT,1782010800,2026-06-21 03:00:00+00:00,64219.5,64276.3,64207.0,64276.2,0.0,0.0,0.0
BTCUSDT,1782011700,2026-06-21 03:15:00+00:00,64276.3,64450.0,64250.3,64323.5,0.0,0.0,0.0
BTCUSDT,1782012600,2026-06-21 03:30:00+00:00,64323.5,64436.2,64270.0,64417.2,0.0,0.0,0.0
BTCUSDT,1782013500,2026-06-21 03:45:00+00:00,64417.2,64417.2,64374.5,64398.8,0.0,0.0,0.0
BTCUSDT,1782014400,2026-06-21 04:00:00+00:00,64398.8,64404.0,64348.4,64374.8,0.0,0.0,0.0
BTCUSDT,1782015300,2026-06-21 04:15:00+00:00,64374.8,64562.5,64374.8,64500.1,0.0,0.0,0.0
BTCUSDT,1782016200,2026-06-21 04:30:00+00:00,64500.2,64568.0,64456.1,64456.1,0.0,0.0,0.0
BTCUSDT,1782017100,2026-06-21 04:45:00+00:00,64456.1,64456.2,64223.3,64252.7,0.0,0.0,0.0
BTCUSDT,1782018000,2026-06-21 05:00:00+00:00,64252.6,64278.8,64200.0,64205.1,0.0,0.0,0.0
BTCUSDT,1782018900,2026-06-21 05:15:00+00:00,64205.1,64275.6,64199.0,64271.2,0.0,0.0,0.0
BTCUSDT,1782019800,2026-06-21 05:30:00+00:00,64271.2,64339.7,64256.5,64269.6,0.0,0.0,0.0
BTCUSDT,1782020700,2026-06-21 05:45:00+00:00,64269.6,64269.7,64202.7,64226.5,0.0,0.0,0.0
BTCUSDT,1782021600,2026-06-21 06:00:00+00:00,64226.6,64231.6,64168.7,64186.1,0.0,0.0,0.0
BTCUSDT,1782022500,2026-06-21 06:15:00+00:00,64186.1,64278.3,64180.0,64253.4,0.0,0.0,0.0
BTCUSDT,1782023400,2026-06-21 06:30:00+00:00,64253.5,64300.0,64223.9,64283.2,0.0,0.0,0.0
BTCUSDT,1782024300,2026-06-21 06:45:00+00:00,64283.1,64295.3,64260.0,64270.0,0.0,0.0,0.0
BTCUSDT,1782025200,2026-06-21 07:00:00+00:00,64269.9,64270.0,64217.4,64222.7,0.0,0.0,0.0
BTCUSDT,1782026100,2026-06-21 07:15:00+00:00,64222.6,64240.0,64143.2,64147.4,0.0,0.0,0.0
BTCUSDT,1782027000,2026-06-21 07:30:00+00:00,64147.4,64222.8,64143.2,64222.8,0.0,0.0,0.0
BTCUSDT,1782027900,2026-06-21 07:45:00+00:00,64222.7,64233.3,64147.8,64170.1,0.0,0.0,0.0
BTCUSDT,1782028800,2026-06-21 08:00:00+00:00,64170.0,64204.8,64088.3,64098.4,0.0,0.0,0.0
BTCUSDT,1782029700,2026-06-21 08:15:00+00:00,64098.3,64100.0,64018.2,64022.5,0.0,0.0,0.0
BTCUSDT,1782030600,2026-06-21 08:30:00+00:00,64022.6,64044.8,63871.3,63960.0,0.0,0.0,0.0
BTCUSDT,1782031500,2026-06-21 08:45:00+00:00,63960.0,63988.0,63894.5,63987.9,0.0,0.0,0.0
BTCUSDT,1782032400,2026-06-21 09:00:00+00:00,63987.9,63998.0,63934.9,63945.2,0.0,0.0,0.0
BTCUSDT,1782033300,2026-06-21 09:15:00+00:00,63945.2,64066.7,63928.4,64020.1,0.0,0.0,0.0
BTCUSDT,1782034200,2026-06-21 09:30:00+00:00,64020.2,64224.5,64020.2,64115.1,0.0,0.0,0.0
BTCUSDT,1782035100,2026-06-21 09:45:00+00:00,64115.0,64209.8,64085.6,64189.8,0.0,0.0,0.0
BTCUSDT,1782036000,2026-06-21 10:00:00+00:00,64189.8,64264.0,64175.5,64249.7,0.0,0.0,0.0
BTCUSDT,1782036900,2026-06-21 10:15:00+00:00,64249.6,64364.3,64216.2,64277.9,0.0,0.0,0.0
BTCUSDT,1782037800,2026-06-21 10:30:00+00:00,64277.9,64363.2,64270.0,64317.4,0.0,0.0,0.0
BTCUSDT,1782038700,2026-06-21 10:45:00+00:00,64317.4,64384.0,64287.6,64338.9,0.0,0.0,0.0
BTCUSDT,1782039600,2026-06-21 11:00:00+00:00,64339.0,64453.3,64305.7,64386.3,0.0,0.0,0.0
BTCUSDT,1782040500,2026-06-21 11:15:00+00:00,64386.3,64386.3,64077.3,64355.5,0.0,0.0,0.0
BTCUSDT,1782041400,2026-06-21 11:30:00+00:00,64355.5,64377.3,64200.0,64262.3,0.0,0.0,0.0
BTCUSDT,1782042300,2026-06-21 11:45:00+00:00,64262.2,64262.3,64080.0,64149.9,0.0,0.0,0.0
BTCUSDT,1782043200,2026-06-21 12:00:00+00:00,64149.8,64208.7,64025.6,64052.6,0.0,0.0,0.0
BTCUSDT,1782044100,2026-06-21 12:15:00+00:00,64052.5,64083.0,63956.8,63985.9,0.0,0.0,0.0
BTCUSDT,1782045000,2026-06-21 12:30:00+00:00,63985.9,64064.3,63916.0,64022.6,0.0,0.0,0.0
BTCUSDT,1782045900,2026-06-21 12:45:00+00:00,64022.5,64197.3,64016.0,64161.1,0.0,0.0,0.0
BTCUSDT,1782046800,2026-06-21 13:00:00+00:00,64161.1,64161.1,64078.6,64090.0,0.0,0.0,0.0
BTCUSDT,1782047700,2026-06-21 13:15:00+00:00,64090.1,64157.7,64090.0,64136.2,0.0,0.0,0.0
BTCUSDT,1782048600,2026-06-21 13:30:00+00:00,64136.2,64140.0,63981.2,64020.1,0.0,0.0,0.0
BTCUSDT,1782049500,2026-06-21 13:45:00+00:00,64020.1,64123.9,64014.6,64123.2,0.0,0.0,0.0
BTCUSDT,1782050400,2026-06-21 14:00:00+00:00,64123.2,64128.3,64028.6,64046.3,0.0,0.0,0.0
BTCUSDT,1782051300,2026-06-21 14:15:00+00:00,64046.2,64065.2,63978.0,64009.2,0.0,0.0,0.0
BTCUSDT,1782052200,2026-06-21 14:30:00+00:00,64009.1,64063.6,63969.7,64028.1,0.0,0.0,0.0
BTCUSDT,1782053100,2026-06-21 14:45:00+00:00,64028.2,64123.8,63981.5,64120.0,0.0,0.0,0.0
BTCUSDT,1782054000,2026-06-21 15:00:00+00:00,64120.0,64273.6,64081.5,64174.8,0.0,0.0,0.0
BTCUSDT,1782054900,2026-06-21 15:15:00+00:00,64174.8,64250.0,64154.5,64227.5,0.0,0.0,0.0
BTCUSDT,1782055800,2026-06-21 15:30:00+00:00,64227.4,64337.3,64166.0,64268.8,0.0,0.0,0.0
BTCUSDT,1782056700,2026-06-21 15:45:00+00:00,64268.8,64286.9,64190.9,64200.3,0.0,0.0,0.0
BTCUSDT,1782057600,2026-06-21 16:00:00+00:00,64200.2,64225.5,64074.3,64118.9,0.0,0.0,0.0
BTCUSDT,1782058500,2026-06-21 16:15:00+00:00,64118.9,64231.6,64087.5,64159.9,0.0,0.0,0.0
BTCUSDT,1782059400,2026-06-21 16:30:00+00:00,64159.8,64170.6,64013.0,64084.0,0.0,0.0,0.0
BTCUSDT,1782060300,2026-06-21 16:45:00+00:00,64084.1,64188.0,64078.4,64122.3,0.0,0.0,0.0
BTCUSDT,1782061200,2026-06-21 17:00:00+00:00,64122.2,64197.1,64089.5,64179.9,0.0,0.0,0.0
BTCUSDT,1782062100,2026-06-21 17:15:00+00:00,64180.0,64184.8,64075.6,64075.6,0.0,0.0,0.0
BTCUSDT,1782063000,2026-06-21 17:30:00+00:00,64075.6,64107.5,64046.4,64100.9,0.0,0.0,0.0
BTCUSDT,1782063900,2026-06-21 17:45:00+00:00,64101.0,64163.6,64100.9,64114.6,0.0,0.0,0.0
BTCUSDT,1782064800,2026-06-21 18:00:00+00:00,64114.6,64133.8,63907.4,63979.4,0.0,0.0,0.0
BTCUSDT,1782065700,2026-06-21 18:15:00+00:00,63979.4,64037.1,63975.0,64014.4,0.0,0.0,0.0
BTCUSDT,1782066600,2026-06-21 18:30:00+00:00,64014.4,64221.0,64006.9,64153.2,0.0,0.0,0.0
BTCUSDT,1782067500,2026-06-21 18:45:00+00:00,64153.3,64188.0,64109.9,64180.0,0.0,0.0,0.0
BTCUSDT,1782068400,2026-06-21 19:00:00+00:00,64180.1,64284.9,64135.1,64187.0,0.0,0.0,0.0
BTCUSDT,1782069300,2026-06-21 19:15:00+00:00,64187.0,64214.7,64165.7,64195.1,0.0,0.0,0.0
BTCUSDT,1782070200,2026-06-21 19:30:00+00:00,64195.1,64214.9,64145.1,64185.6,0.0,0.0,0.0
BTCUSDT,1782071100,2026-06-21 19:45:00+00:00,64185.7,64204.2,64150.4,64173.6,0.0,0.0,0.0
BTCUSDT,1782072000,2026-06-21 20:00:00+00:00,64173.7,64243.4,64103.8,64139.6,0.0,0.0,0.0
BTCUSDT,1782072900,2026-06-21 20:15:00+00:00,64139.6,64142.5,64030.0,64088.5,0.0,0.0,0.0
BTCUSDT,1782073800,2026-06-21 20:30:00+00:00,64088.6,64106.9,63933.6,63949.9,0.0,0.0,0.0
BTCUSDT,1782074700,2026-06-21 20:45:00+00:00,63949.8,63954.7,63641.3,63824.8,0.0,0.0,0.0
BTCUSDT,1782075600,2026-06-21 21:00:00+00:00,63824.8,63849.8,63492.9,63601.6,0.0,0.0,0.0
BTCUSDT,1782076500,2026-06-21 21:15:00+00:00,63601.6,63762.1,63475.3,63668.1,0.0,0.0,0.0
BTCUSDT,1782077400,2026-06-21 21:30:00+00:00,63668.1,63950.0,63668.1,63864.0,0.0,0.0,0.0
BTCUSDT,1782078300,2026-06-21 21:45:00+00:00,63864.0,63904.4,63745.1,63778.2,0.0,0.0,0.0
BTCUSDT,1782079200,2026-06-21 22:00:00+00:00,63778.1,63832.8,63543.0,63608.9,0.0,0.0,0.0
BTCUSDT,1782080100,2026-06-21 22:15:00+00:00,63609.0,63762.9,63606.3,63701.0,0.0,0.0,0.0
BTCUSDT,1782081000,2026-06-21 22:30:00+00:00,63700.8,63700.8,63552.4,63648.7,0.0,0.0,0.0
BTCUSDT,1782081900,2026-06-21 22:45:00+00:00,63648.7,63840.0,63633.0,63775.3,0.0,0.0,0.0
BTCUSDT,1782082800,2026-06-21 23:00:00+00:00,63775.3,63775.3,63590.2,63681.7,0.0,0.0,0.0
BTCUSDT,1782083700,2026-06-21 23:15:00+00:00,63681.8,63771.5,63595.1,63604.1,0.0,0.0,0.0
BTCUSDT,1782084600,2026-06-21 23:30:00+00:00,63604.1,63631.8,63264.1,63295.1,0.0,0.0,0.0
BTCUSDT,1782085500,2026-06-21 23:45:00+00:00,63295.2,63362.0,63220.0,63287.1,0.0,0.0,0.0
BTCUSDT,1782086400,2026-06-22 00:00:00+00:00,63287.2,63569.4,63286.2,63482.4,0.0,0.0,0.0
BTCUSDT,1782087300,2026-06-22 00:15:00+00:00,63482.3,63737.8,63471.7,63698.9,0.0,0.0,0.0
BTCUSDT,1782088200,2026-06-22 00:30:00+00:00,63699.0,64076.0,63667.1,63884.1,0.0,0.0,0.0
BTCUSDT,1782089100,2026-06-22 00:45:00+00:00,63884.0,63978.5,63702.2,63867.2,0.0,0.0,0.0
BTCUSDT,1782090000,2026-06-22 01:00:00+00:00,63867.3,64030.4,63818.0,63864.7,0.0,0.0,0.0
BTCUSDT,1782090900,2026-06-22 01:15:00+00:00,63864.7,64788.0,63864.7,64618.4,0.0,0.0,0.0
BTCUSDT,1782091800,2026-06-22 01:30:00+00:00,64618.5,64688.0,64338.7,64487.6,0.0,0.0,0.0
BTCUSDT,1782092700,2026-06-22 01:45:00+00:00,64487.6,64666.6,64446.7,64574.5,0.0,0.0,0.0
BTCUSDT,1782093600,2026-06-22 02:00:00+00:00,64574.5,64643.7,64458.4,64519.9,0.0,0.0,0.0
BTCUSDT,1782094500,2026-06-22 02:15:00+00:00,64520.0,64615.9,64477.0,64510.2,0.0,0.0,0.0
BTCUSDT,1782095400,2026-06-22 02:30:00+00:00,64510.1,64555.0,64433.0,64460.2,0.0,0.0,0.0
BTCUSDT,1782096300,2026-06-22 02:45:00+00:00,64460.1,64470.0,64213.8,64226.5,0.0,0.0,0.0
BTCUSDT,1782097200,2026-06-22 03:00:00+00:00,64226.5,64228.5,63857.1,64017.1,0.0,0.0,0.0
BTCUSDT,1782098100,2026-06-22 03:15:00+00:00,64017.0,64434.6,64017.0,64255.1,0.0,0.0,0.0
BTCUSDT,1782099000,2026-06-22 03:30:00+00:00,64255.1,64412.4,64130.0,64147.7,0.0,0.0,0.0
BTCUSDT,1782099900,2026-06-22 03:45:00+00:00,64147.7,64180.0,63881.2,63935.1,0.0,0.0,0.0
BTCUSDT,1782100800,2026-06-22 04:00:00+00:00,63935.0,63985.1,63833.4,63935.2,0.0,0.0,0.0
BTCUSDT,1782101700,2026-06-22 04:15:00+00:00,63935.1,63999.0,63866.5,63935.5,0.0,0.0,0.0
BTCUSDT,1782102600,2026-06-22 04:30:00+00:00,63935.4,64031.2,63920.0,63925.2,0.0,0.0,0.0
BTCUSDT,1782103500,2026-06-22 04:45:00+00:00,63925.1,64085.4,63921.2,64063.6,0.0,0.0,0.0
BTCUSDT,1782104400,2026-06-22 05:00:00+00:00,64063.5,64263.0,64050.6,64253.8,0.0,0.0,0.0
BTCUSDT,1782105300,2026-06-22 05:15:00+00:00,64253.7,64254.9,64173.0,64209.3,0.0,0.0,0.0
BTCUSDT,1782106200,2026-06-22 05:30:00+00:00,64209.4,64311.8,64143.5,64236.4,0.0,0.0,0.0
BTCUSDT,1782107100,2026-06-22 05:45:00+00:00,64236.4,64238.8,64149.0,64219.5,0.0,0.0,0.0
BTCUSDT,1782108000,2026-06-22 06:00:00+00:00,64219.5,64299.0,64113.0,64190.6,0.0,0.0,0.0
BTCUSDT,1782108900,2026-06-22 06:15:00+00:00,64190.6,64205.1,64046.8,64093.9,0.0,0.0,0.0
BTCUSDT,1782109800,2026-06-22 06:30:00+00:00,64093.9,64123.1,63967.4,63977.3,0.0,0.0,0.0
BTCUSDT,1782110700,2026-06-22 06:45:00+00:00,63977.2,64021.3,63912.8,63960.7,0.0,0.0,0.0
BTCUSDT,1782111600,2026-06-22 07:00:00+00:00,63960.6,64230.1,63931.0,64184.8,0.0,0.0,0.0
BTCUSDT,1782112500,2026-06-22 07:15:00+00:00,64184.7,64278.7,64170.5,64232.5,0.0,0.0,0.0
BTCUSDT,1782113400,2026-06-22 07:30:00+00:00,64232.5,64384.3,64215.4,64228.2,0.0,0.0,0.0
BTCUSDT,1782114300,2026-06-22 07:45:00+00:00,64228.3,64248.9,64137.1,64187.9,0.0,0.0,0.0
BTCUSDT,1782115200,2026-06-22 08:00:00+00:00,64188.0,64295.6,64080.0,64295.5,0.0,0.0,0.0
BTCUSDT,1782116100,2026-06-22 08:15:00+00:00,64295.5,64332.4,64163.9,64168.8,0.0,0.0,0.0
BTCUSDT,1782117000,2026-06-22 08:30:00+00:00,64168.7,64242.8,64014.9,64235.4,0.0,0.0,0.0
BTCUSDT,1782117900,2026-06-22 08:45:00+00:00,64235.3,64265.0,64071.4,64133.8,0.0,0.0,0.0
BTCUSDT,1782118800,2026-06-22 09:00:00+00:00,64133.9,64232.5,64115.0,64157.9,0.0,0.0,0.0
BTCUSDT,1782119700,2026-06-22 09:15:00+00:00,64157.9,64174.0,64066.0,64086.7,0.0,0.0,0.0
BTCUSDT,1782120600,2026-06-22 09:30:00+00:00,64086.7,64160.9,64019.0,64094.8,0.0,0.0,0.0
BTCUSDT,1782121500,2026-06-22 09:45:00+00:00,64094.7,64119.2,64059.3,64114.8,0.0,0.0,0.0
BTCUSDT,1782122400,2026-06-22 10:00:00+00:00,64114.7,64250.0,64095.8,64186.9,0.0,0.0,0.0
BTCUSDT,1782123300,2026-06-22 10:15:00+00:00,64186.9,64215.1,64115.8,64148.9,0.0,0.0,0.0
BTCUSDT,1782124200,2026-06-22 10:30:00+00:00,64148.9,64184.2,64044.1,64055.1,0.0,0.0,0.0
BTCUSDT,1782125100,2026-06-22 10:45:00+00:00,64055.2,64147.7,64055.2,64109.8,0.0,0.0,0.0
BTCUSDT,1782126000,2026-06-22 11:00:00+00:00,64109.9,64382.6,64064.5,64280.4,0.0,0.0,0.0
BTCUSDT,1782126900,2026-06-22 11:15:00+00:00,64280.4,64447.9,64197.5,64337.1,0.0,0.0,0.0
BTCUSDT,1782127800,2026-06-22 11:30:00+00:00,64337.1,64732.5,64337.1,64592.2,0.0,0.0,0.0
BTCUSDT,1782128700,2026-06-22 11:45:00+00:00,64592.1,64750.0,64542.0,64624.3,0.0,0.0,0.0
BTCUSDT,1782129600,2026-06-22 12:00:00+00:00,64624.2,64880.0,64545.7,64719.9,0.0,0.0,0.0
BTCUSDT,1782130500,2026-06-22 12:15:00+00:00,64719.9,64957.9,64661.5,64920.0,0.0,0.0,0.0
BTCUSDT,1782131400,2026-06-22 12:30:00+00:00,64919.9,65152.4,64805.9,65030.7,0.0,0.0,0.0
BTCUSDT,1782132300,2026-06-22 12:45:00+00:00,65030.6,65199.0,64955.1,65120.1,0.0,0.0,0.0
BTCUSDT,1782133200,2026-06-22 13:00:00+00:00,65120.0,65175.0,65001.7,65113.0,0.0,0.0,0.0
BTCUSDT,1782134100,2026-06-22 13:15:00+00:00,65113.1,65132.2,64915.6,64966.8,0.0,0.0,0.0
BTCUSDT,1782135000,2026-06-22 13:30:00+00:00,64966.9,65454.6,64944.8,65373.7,0.0,0.0,0.0
BTCUSDT,1782135900,2026-06-22 13:45:00+00:00,65373.6,65565.7,65333.0,65548.0,0.0,0.0,0.0
BTCUSDT,1782136800,2026-06-22 14:00:00+00:00,65547.9,65597.2,65250.0,65269.9,0.0,0.0,0.0
BTCUSDT,1782137700,2026-06-22 14:15:00+00:00,65270.0,65278.4,64937.5,64937.5,0.0,0.0,0.0
BTCUSDT,1782138600,2026-06-22 14:30:00+00:00,64937.6,65050.1,64820.6,64880.1,0.0,0.0,0.0
BTCUSDT,1782139500,2026-06-22 14:45:00+00:00,64880.1,65021.9,64802.3,64943.0,0.0,0.0,0.0
BTCUSDT,1782140400,2026-06-22 15:00:00+00:00,64943.1,65117.2,64880.0,65050.7,0.0,0.0,0.0
BTCUSDT,1782141300,2026-06-22 15:15:00+00:00,65050.8,65086.8,64900.0,65022.2,0.0,0.0,0.0
BTCUSDT,1782142200,2026-06-22 15:30:00+00:00,65022.2,65098.4,64986.9,65034.5,0.0,0.0,0.0
BTCUSDT,1782143100,2026-06-22 15:45:00+00:00,65034.5,65048.8,64722.2,64808.0,0.0,0.0,0.0
BTCUSDT,1782144000,2026-06-22 16:00:00+00:00,64808.0,64835.6,64625.1,64705.6,0.0,0.0,0.0
BTCUSDT,1782144900,2026-06-22 16:15:00+00:00,64705.7,64766.9,64590.0,64661.4,0.0,0.0,0.0
BTCUSDT,1782145800,2026-06-22 16:30:00+00:00,64661.5,64669.8,64515.3,64555.1,0.0,0.0,0.0
BTCUSDT,1782146700,2026-06-22 16:45:00+00:00,64555.1,64779.2,64481.0,64695.7,0.0,0.0,0.0
BTCUSDT,1782147600,2026-06-22 17:00:00+00:00,64695.8,64746.4,64600.0,64652.9,0.0,0.0,0.0
BTCUSDT,1782148500,2026-06-22 17:15:00+00:00,64653.0,64676.3,64501.5,64504.6,0.0,0.0,0.0
BTCUSDT,1782149400,2026-06-22 17:30:00+00:00,64504.5,64504.5,64355.0,64399.9,0.0,0.0,0.0
BTCUSDT,1782150300,2026-06-22 17:45:00+00:00,64400.0,64624.7,64400.0,64580.6,0.0,0.0,0.0
BTCUSDT,1782151200,2026-06-22 18:00:00+00:00,64580.6,64708.0,64580.5,64650.0,0.0,0.0,0.0
BTCUSDT,1782152100,2026-06-22 18:15:00+00:00,64650.1,64697.4,64548.3,64578.2,0.0,0.0,0.0
BTCUSDT,1782153000,2026-06-22 18:30:00+00:00,64578.2,64600.0,64469.2,64491.1,0.0,0.0,0.0
BTCUSDT,1782153900,2026-06-22 18:45:00+00:00,64491.1,64500.0,64249.6,64312.9,0.0,0.0,0.0
BTCUSDT,1782154800,2026-06-22 19:00:00+00:00,64312.9,64396.8,64278.4,64382.7,0.0,0.0,0.0
BTCUSDT,1782155700,2026-06-22 19:15:00+00:00,64382.7,64413.3,64263.0,64323.7,0.0,0.0,0.0
BTCUSDT,1782156600,2026-06-22 19:30:00+00:00,64323.7,64426.9,64320.3,64374.6,0.0,0.0,0.0
BTCUSDT,1782157500,2026-06-22 19:45:00+00:00,64374.6,64475.8,64240.0,64447.9,0.0,0.0,0.0
BTCUSDT,1782158400,2026-06-22 20:00:00+00:00,64450.6,64637.1,64439.8,64496.2,0.0,0.0,0.0
BTCUSDT,1782159300,2026-06-22 20:15:00+00:00,64496.2,64519.1,64326.0,64382.5,0.0,0.0,0.0
BTCUSDT,1782160200,2026-06-22 20:30:00+00:00,64382.5,64474.6,64371.1,64457.4,0.0,0.0,0.0
BTCUSDT,1782161100,2026-06-22 20:45:00+00:00,64457.4,64457.4,64364.4,64409.8,0.0,0.0,0.0
BTCUSDT,1782162000,2026-06-22 21:00:00+00:00,64409.8,64461.0,64309.2,64371.8,0.0,0.0,0.0
BTCUSDT,1782162900,2026-06-22 21:15:00+00:00,64371.8,64371.9,64220.0,64273.0,0.0,0.0,0.0
BTCUSDT,1782163800,2026-06-22 21:30:00+00:00,64272.9,64304.4,64112.1,64155.6,0.0,0.0,0.0
BTCUSDT,1782164700,2026-06-22 21:45:00+00:00,64155.6,64291.0,64139.3,64291.0,0.0,0.0,0.0
BTCUSDT,1782165600,2026-06-22 22:00:00+00:00,64291.0,64370.8,64233.5,64273.7,0.0,0.0,0.0
BTCUSDT,1782166500,2026-06-22 22:15:00+00:00,64273.7,64285.2,63863.0,64007.0,0.0,0.0,0.0
BTCUSDT,1782167400,2026-06-22 22:30:00+00:00,64006.9,64115.0,63758.3,63817.4,0.0,0.0,0.0
BTCUSDT,1782168300,2026-06-22 22:45:00+00:00,63817.4,63976.8,63800.1,63948.4,0.0,0.0,0.0
BTCUSDT,1782169200,2026-06-22 23:00:00+00:00,63948.5,63989.4,63864.7,63910.8,0.0,0.0,0.0
BTCUSDT,1782170100,2026-06-22 23:15:00+00:00,63910.8,64030.7,63843.8,64012.1,0.0,0.0,0.0
BTCUSDT,1782171000,2026-06-22 23:30:00+00:00,64012.1,64012.1,63921.9,63959.0,0.0,0.0,0.0
BTCUSDT,1782171900,2026-06-22 23:45:00+00:00,63959.0,64019.4,63919.5,63990.2,0.0,0.0,0.0
BTCUSDT,1782172800,2026-06-23 00:00:00+00:00,63990.1,64005.9,63862.7,63931.0,0.0,0.0,0.0
BTCUSDT,1782173700,2026-06-23 00:15:00+00:00,63931.1,63981.2,63803.2,63831.2,0.0,0.0,0.0
BTCUSDT,1782174600,2026-06-23 00:30:00+00:00,63831.2,64086.2,63831.2,64078.2,0.0,0.0,0.0
BTCUSDT,1782175500,2026-06-23 00:45:00+00:00,64078.3,64130.0,64016.4,64119.4,0.0,0.0,0.0
BTCUSDT,1782176400,2026-06-23 01:00:00+00:00,64119.4,64242.8,64100.0,64179.8,0.0,0.0,0.0
BTCUSDT,1782177300,2026-06-23 01:15:00+00:00,64179.8,64234.7,64110.8,64172.9,0.0,0.0,0.0
BTCUSDT,1782178200,2026-06-23 01:30:00+00:00,64172.9,64209.5,63968.0,64026.4,0.0,0.0,0.0
BTCUSDT,1782179100,2026-06-23 01:45:00+00:00,64026.4,64153.3,63852.5,64125.2,0.0,0.0,0.0
BTCUSDT,1782180000,2026-06-23 02:00:00+00:00,64125.1,64159.3,64005.5,64086.2,0.0,0.0,0.0
BTCUSDT,1782180900,2026-06-23 02:15:00+00:00,64086.1,64196.9,64086.1,64137.6,0.0,0.0,0.0
BTCUSDT,1782181800,2026-06-23 02:30:00+00:00,64137.6,64221.8,64124.6,64170.9,0.0,0.0,0.0
BTCUSDT,1782182700,2026-06-23 02:45:00+00:00,64170.8,64247.2,64126.3,64165.9,0.0,0.0,0.0
BTCUSDT,1782183600,2026-06-23 03:00:00+00:00,64165.8,64172.2,63933.3,63990.3,0.0,0.0,0.0
BTCUSDT,1782184500,2026-06-23 03:15:00+00:00,63990.2,64076.1,63980.2,64068.7,0.0,0.0,0.0
BTCUSDT,1782185400,2026-06-23 03:30:00+00:00,64068.8,64068.8,63934.2,63964.9,0.0,0.0,0.0
BTCUSDT,1782186300,2026-06-23 03:45:00+00:00,63964.8,64056.4,63960.9,64037.3,0.0,0.0,0.0
BTCUSDT,1782187200,2026-06-23 04:00:00+00:00,64037.2,64068.0,63979.3,64026.4,0.0,0.0,0.0
BTCUSDT,1782188100,2026-06-23 04:15:00+00:00,64026.5,64027.4,63874.0,63954.2,0.0,0.0,0.0
BTCUSDT,1782189000,2026-06-23 04:30:00+00:00,63954.1,63954.1,63770.0,63783.4,0.0,0.0,0.0
BTCUSDT,1782189900,2026-06-23 04:45:00+00:00,63783.4,63840.2,63569.2,63594.9,0.0,0.0,0.0
BTCUSDT,1782190800,2026-06-23 05:00:00+00:00,63594.8,63707.5,63577.0,63593.8,0.0,0.0,0.0
BTCUSDT,1782191700,2026-06-23 05:15:00+00:00,63593.8,63656.0,63365.2,63450.0,0.0,0.0,0.0
BTCUSDT,1782192600,2026-06-23 05:30:00+00:00,63449.9,63494.0,63350.0,63409.8,0.0,0.0,0.0
BTCUSDT,1782193500,2026-06-23 05:45:00+00:00,63409.9,63428.7,63322.0,63372.1,0.0,0.0,0.0
BTCUSDT,1782194400,2026-06-23 06:00:00+00:00,63372.0,63374.4,63086.0,63184.6,0.0,0.0,0.0
BTCUSDT,1782195300,2026-06-23 06:15:00+00:00,63184.6,63259.4,62532.4,62740.0,0.0,0.0,0.0
BTCUSDT,1782196200,2026-06-23 06:30:00+00:00,62740.1,62962.8,62638.4,62913.3,0.0,0.0,0.0
BTCUSDT,1782197100,2026-06-23 06:45:00+00:00,62913.2,63047.0,62876.9,62905.5,0.0,0.0,0.0
BTCUSDT,1782198000,2026-06-23 07:00:00+00:00,62905.5,63036.9,62850.3,62998.4,0.0,0.0,0.0
BTCUSDT,1782198900,2026-06-23 07:15:00+00:00,62998.4,63070.1,62945.0,62966.3,0.0,0.0,0.0
BTCUSDT,1782199800,2026-06-23 07:30:00+00:00,62966.3,63003.6,62838.4,62863.2,0.0,0.0,0.0
BTCUSDT,1782200700,2026-06-23 07:45:00+00:00,62863.3,62960.6,62828.0,62849.2,0.0,0.0,0.0
BTCUSDT,1782201600,2026-06-23 08:00:00+00:00,62849.3,62916.5,62606.1,62638.8,0.0,0.0,0.0
BTCUSDT,1782202500,2026-06-23 08:15:00+00:00,62638.8,62655.8,61870.0,61999.7,0.0,0.0,0.0
BTCUSDT,1782203400,2026-06-23 08:30:00+00:00,61999.7,62423.2,61988.1,62350.1,0.0,0.0,0.0
BTCUSDT,1782204300,2026-06-23 08:45:00+00:00,62350.1,62433.0,62272.3,62353.7,0.0,0.0,0.0
BTCUSDT,1782205200,2026-06-23 09:00:00+00:00,62353.6,62435.9,62313.3,62405.7,0.0,0.0,0.0
BTCUSDT,1782206100,2026-06-23 09:15:00+00:00,62405.8,62482.0,62405.7,62480.1,0.0,0.0,0.0
BTCUSDT,1782207000,2026-06-23 09:30:00+00:00,62480.0,62480.1,62309.0,62333.1,0.0,0.0,0.0
BTCUSDT,1782207900,2026-06-23 09:45:00+00:00,62333.1,62392.8,62313.3,62350.2,0.0,0.0,0.0
BTCUSDT,1782208800,2026-06-23 10:00:00+00:00,62350.3,62563.9,62350.2,62430.0,0.0,0.0,0.0
BTCUSDT,1782209700,2026-06-23 10:15:00+00:00,62430.0,62430.0,62282.5,62332.8,0.0,0.0,0.0
BTCUSDT,1782210600,2026-06-23 10:30:00+00:00,62332.8,62354.0,62207.1,62234.2,0.0,0.0,0.0
BTCUSDT,1782211500,2026-06-23 10:45:00+00:00,62234.2,62324.7,62215.3,62290.4,0.0,0.0,0.0
BTCUSDT,1782212400,2026-06-23 11:00:00+00:00,62290.4,62387.0,62289.2,62355.1,0.0,0.0,0.0
BTCUSDT,1782213300,2026-06-23 11:15:00+00:00,62355.1,62559.9,62355.0,62515.1,0.0,0.0,0.0
BTCUSDT,1782214200,2026-06-23 11:30:00+00:00,62515.1,62600.0,62510.2,62533.3,0.0,0.0,0.0
BTCUSDT,1782215100,2026-06-23 11:45:00+00:00,62533.2,62576.0,62390.5,62478.5,0.0,0.0,0.0
BTCUSDT,1782216000,2026-06-23 12:00:00+00:00,62478.4,62531.6,62356.9,62404.0,0.0,0.0,0.0
BTCUSDT,1782216900,2026-06-23 12:15:00+00:00,62404.0,62424.5,62308.2,62380.0,0.0,0.0,0.0
BTCUSDT,1782217800,2026-06-23 12:30:00+00:00,62380.0,62452.4,62268.4,62308.7,0.0,0.0,0.0
BTCUSDT,1782218700,2026-06-23 12:45:00+00:00,62308.7,62313.4,62157.0,62227.9,0.0,0.0,0.0
BTCUSDT,1782219600,2026-06-23 13:00:00+00:00,62228.0,62260.7,62041.0,62154.9,0.0,0.0,0.0
BTCUSDT,1782220500,2026-06-23 13:15:00+00:00,62154.9,62155.0,61978.0,62023.5,0.0,0.0,0.0
BTCUSDT,1782221400,2026-06-23 13:30:00+00:00,62023.6,62431.3,61916.9,62366.0,0.0,0.0,0.0
BTCUSDT,1782222300,2026-06-23 13:45:00+00:00,62365.9,62513.4,62236.8,62446.6,0.0,0.0,0.0
BTCUSDT,1782223200,2026-06-23 14:00:00+00:00,62446.5,62734.8,62396.2,62702.5,0.0,0.0,0.0
BTCUSDT,1782224100,2026-06-23 14:15:00+00:00,62702.4,62837.1,62420.4,62547.5,0.0,0.0,0.0
BTCUSDT,1782225000,2026-06-23 14:30:00+00:00,62547.6,62757.8,62422.2,62488.2,0.0,0.0,0.0
BTCUSDT,1782225900,2026-06-23 14:45:00+00:00,62488.3,62581.9,62359.2,62462.8,0.0,0.0,0.0
BTCUSDT,1782226800,2026-06-23 15:00:00+00:00,62462.7,62480.3,62280.0,62355.2,0.0,0.0,0.0
BTCUSDT,1782227700,2026-06-23 15:15:00+00:00,62355.1,62355.1,62161.2,62247.5,0.0,0.0,0.0
BTCUSDT,1782228600,2026-06-23 15:30:00+00:00,62247.4,62466.5,62242.0,62262.3,0.0,0.0,0.0
BTCUSDT,1782229500,2026-06-23 15:45:00+00:00,62262.3,62457.4,62171.2,62455.8,0.0,0.0,0.0
BTCUSDT,1782230400,2026-06-23 16:00:00+00:00,62455.9,62812.2,62393.4,62759.0,0.0,0.0,0.0
BTCUSDT,1782231300,2026-06-23 16:15:00+00:00,62758.9,62801.0,62541.1,62557.0,0.0,0.0,0.0
BTCUSDT,1782232200,2026-06-23 16:30:00+00:00,62557.0,62634.9,62550.0,62595.1,0.0,0.0,0.0
BTCUSDT,1782233100,2026-06-23 16:45:00+00:00,62595.2,62614.7,62458.4,62522.9,0.0,0.0,0.0
BTCUSDT,1782234000,2026-06-23 17:00:00+00:00,62522.9,62529.1,62340.0,62401.5,0.0,0.0,0.0
BTCUSDT,1782234900,2026-06-23 17:15:00+00:00,62401.4,62642.3,62400.0,62616.8,0.0,0.0,0.0
BTCUSDT,1782235800,2026-06-23 17:30:00+00:00,62616.8,62668.7,62466.6,62500.1,0.0,0.0,0.0
BTCUSDT,1782236700,2026-06-23 17:45:00+00:00,62500.1,62528.3,62301.7,62330.0,0.0,0.0,0.0
BTCUSDT,1782237600,2026-06-23 18:00:00+00:00,62330.0,62420.0,62242.2,62340.5,0.0,0.0,0.0
BTCUSDT,1782238500,2026-06-23 18:15:00+00:00,62340.5,62383.6,62291.6,62322.2,0.0,0.0,0.0
BTCUSDT,1782239400,2026-06-23 18:30:00+00:00,62322.2,62322.2,62118.4,62125.5,0.0,0.0,0.0
BTCUSDT,1782240300,2026-06-23 18:45:00+00:00,62125.5,62242.9,62075.6,62215.3,0.0,0.0,0.0
BTCUSDT,1782241200,2026-06-23 19:00:00+00:00,62215.3,62407.5,62201.3,62343.1,0.0,0.0,0.0
BTCUSDT,1782242100,2026-06-23 19:15:00+00:00,62343.0,62421.5,62225.0,62417.2,0.0,0.0,0.0
BTCUSDT,1782243000,2026-06-23 19:30:00+00:00,62417.2,62467.2,62272.9,62272.9,0.0,0.0,0.0
BTCUSDT,1782243900,2026-06-23 19:45:00+00:00,62273.0,62400.0,62250.0,62365.7,0.0,0.0,0.0
BTCUSDT,1782244800,2026-06-23 20:00:00+00:00,62365.7,62518.5,62365.7,62416.0,0.0,0.0,0.0
BTCUSDT,1782245700,2026-06-23 20:15:00+00:00,62416.1,62495.9,62383.6,62464.5,0.0,0.0,0.0
BTCUSDT,1782246600,2026-06-23 20:30:00+00:00,62464.5,62473.5,62420.1,62448.7,0.0,0.0,0.0
BTCUSDT,1782247500,2026-06-23 20:45:00+00:00,62448.7,62450.5,62344.2,62439.8,0.0,0.0,0.0
BTCUSDT,1782248400,2026-06-23 21:00:00+00:00,62439.9,62587.6,62439.9,62488.6,0.0,0.0,0.0
BTCUSDT,1782249300,2026-06-23 21:15:00+00:00,62488.5,62544.9,62434.9,62543.4,0.0,0.0,0.0
BTCUSDT,1782250200,2026-06-23 21:30:00+00:00,62543.4,62606.0,62523.4,62592.1,0.0,0.0,0.0
BTCUSDT,1782251100,2026-06-23 21:45:00+00:00,62592.0,62629.9,62550.0,62563.1,0.0,0.0,0.0
BTCUSDT,1782252000,2026-06-23 22:00:00+00:00,62563.1,62746.4,62553.0,62714.5,0.0,0.0,0.0
BTCUSDT,1782252900,2026-06-23 22:15:00+00:00,62714.4,62749.9,62526.3,62581.6,0.0,0.0,0.0
BTCUSDT,1782253800,2026-06-23 22:30:00+00:00,62581.7,62599.0,62501.1,62515.7,0.0,0.0,0.0
BTCUSDT,1782254700,2026-06-23 22:45:00+00:00,62515.7,62589.7,62488.1,62560.1,0.0,0.0,0.0
BTCUSDT,1782255600,2026-06-23 23:00:00+00:00,62560.1,62583.0,62463.7,62485.9,0.0,0.0,0.0
BTCUSDT,1782256500,2026-06-23 23:15:00+00:00,62486.0,62657.9,62486.0,62630.7,0.0,0.0,0.0
BTCUSDT,1782257400,2026-06-23 23:30:00+00:00,62630.8,62647.0,62562.4,62585.9,0.0,0.0,0.0
BTCUSDT,1782258300,2026-06-23 23:45:00+00:00,62585.8,62770.6,62579.8,62696.7,0.0,0.0,0.0
BTCUSDT,1782259200,2026-06-24 00:00:00+00:00,62696.7,62890.0,62696.7,62862.5,0.0,0.0,0.0
BTCUSDT,1782260100,2026-06-24 00:15:00+00:00,62862.6,62893.1,62781.2,62819.3,0.0,0.0,0.0
BTCUSDT,1782261000,2026-06-24 00:30:00+00:00,62819.3,62999.9,62762.8,62925.0,0.0,0.0,0.0
BTCUSDT,1782261900,2026-06-24 00:45:00+00:00,62925.0,62999.9,62866.8,62982.1,0.0,0.0,0.0
BTCUSDT,1782262800,2026-06-24 01:00:00+00:00,62982.1,62994.6,62815.1,62950.0,0.0,0.0,0.0
BTCUSDT,1782263700,2026-06-24 01:15:00+00:00,62950.0,62950.1,62737.0,62883.1,0.0,0.0,0.0
BTCUSDT,1782264600,2026-06-24 01:30:00+00:00,62883.2,63090.9,62881.8,62916.5,0.0,0.0,0.0
BTCUSDT,1782265500,2026-06-24 01:45:00+00:00,62916.6,62997.6,62899.0,62904.6,0.0,0.0,0.0
BTCUSDT,1782266400,2026-06-24 02:00:00+00:00,62904.6,62994.6,62776.0,62845.5,0.0,0.0,0.0
BTCUSDT,1782267300,2026-06-24 02:15:00+00:00,62845.6,62845.6,62641.2,62733.5,0.0,0.0,0.0
BTCUSDT,1782268200,2026-06-24 02:30:00+00:00,62733.4,62779.2,62572.1,62700.1,0.0,0.0,0.0
BTCUSDT,1782269100,2026-06-24 02:45:00+00:00,62700.1,62749.2,62574.5,62598.0,0.0,0.0,0.0
BTCUSDT,1782270000,2026-06-24 03:00:00+00:00,62598.0,62656.6,62523.9,62555.9,0.0,0.0,0.0
BTCUSDT,1782270900,2026-06-24 03:15:00+00:00,62555.9,62647.9,62402.8,62642.5,0.0,0.0,0.0
BTCUSDT,1782271800,2026-06-24 03:30:00+00:00,62642.4,62800.0,62641.7,62771.2,0.0,0.0,0.0
BTCUSDT,1782272700,2026-06-24 03:45:00+00:00,62771.3,62804.0,62695.0,62704.6,0.0,0.0,0.0
BTCUSDT,1782273600,2026-06-24 04:00:00+00:00,62704.6,62729.0,62595.2,62639.9,0.0,0.0,0.0
BTCUSDT,1782274500,2026-06-24 04:15:00+00:00,62640.0,62672.7,62500.0,62564.4,0.0,0.0,0.0
BTCUSDT,1782275400,2026-06-24 04:30:00+00:00,62564.5,62723.4,62560.1,62629.8,0.0,0.0,0.0
BTCUSDT,1782276300,2026-06-24 04:45:00+00:00,62629.9,62779.9,62629.8,62720.6,0.0,0.0,0.0
BTCUSDT,1782277200,2026-06-24 05:00:00+00:00,62720.7,62818.0,62678.0,62759.7,0.0,0.0,0.0
BTCUSDT,1782278100,2026-06-24 05:15:00+00:00,62759.7,62862.9,62737.5,62848.5,0.0,0.0,0.0
BTCUSDT,1782279000,2026-06-24 05:30:00+00:00,62848.5,63053.5,62827.0,62900.9,0.0,0.0,0.0
BTCUSDT,1782279900,2026-06-24 05:45:00+00:00,62900.9,62936.4,62830.0,62859.9,0.0,0.0,0.0
BTCUSDT,1782280800,2026-06-24 06:00:00+00:00,62859.8,62873.4,62735.2,62811.8,0.0,0.0,0.0
BTCUSDT,1782281700,2026-06-24 06:15:00+00:00,62811.5,62888.0,62757.5,62829.8,0.0,0.0,0.0
BTCUSDT,1782282600,2026-06-24 06:30:00+00:00,62829.8,62851.9,62756.8,62756.8,0.0,0.0,0.0
BTCUSDT,1782283500,2026-06-24 06:45:00+00:00,62756.7,62770.7,62700.0,62754.6,0.0,0.0,0.0
BTCUSDT,1782284400,2026-06-24 07:00:00+00:00,62754.7,62822.0,62656.5,62788.8,0.0,0.0,0.0
BTCUSDT,1782285300,2026-06-24 07:15:00+00:00,62788.7,62792.9,62640.0,62640.5,0.0,0.0,0.0
BTCUSDT,1782286200,2026-06-24 07:30:00+00:00,62640.5,62707.1,62600.8,62668.8,0.0,0.0,0.0
BTCUSDT,1782287100,2026-06-24 07:45:00+00:00,62668.7,62705.4,62570.8,62630.3,0.0,0.0,0.0
BTCUSDT,1782288000,2026-06-24 08:00:00+00:00,62630.4,62673.6,62574.0,62637.0,0.0,0.0,0.0
BTCUSDT,1782288900,2026-06-24 08:15:00+00:00,62637.0,62697.9,62613.2,62683.5,0.0,0.0,0.0
BTCUSDT,1782289800,2026-06-24 08:30:00+00:00,62683.5,62776.7,62645.3,62767.6,0.0,0.0,0.0
BTCUSDT,1782290700,2026-06-24 08:45:00+00:00,62767.6,62786.2,62714.0,62773.0,0.0,0.0,0.0
BTCUSDT,1782291600,2026-06-24 09:00:00+00:00,62773.0,62773.0,62650.1,62750.1,0.0,0.0,0.0
BTCUSDT,1782292500,2026-06-24 09:15:00+00:00,62750.1,62757.8,62650.0,62655.3,0.0,0.0,0.0
BTCUSDT,1782293400,2026-06-24 09:30:00+00:00,62655.3,62680.6,62609.1,62636.0,0.0,0.0,0.0
BTCUSDT,1782294300,2026-06-24 09:45:00+00:00,62635.9,62693.3,62608.6,62650.2,0.0,0.0,0.0
BTCUSDT,1782295200,2026-06-24 10:00:00+00:00,62650.2,62657.8,62528.7,62584.5,0.0,0.0,0.0
BTCUSDT,1782296100,2026-06-24 10:15:00+00:00,62584.4,62610.0,62426.1,62515.7,0.0,0.0,0.0
BTCUSDT,1782297000,2026-06-24 10:30:00+00:00,62515.9,62600.0,62485.0,62569.3,0.0,0.0,0.0
BTCUSDT,1782297900,2026-06-24 10:45:00+00:00,62569.3,62574.0,62365.4,62416.8,0.0,0.0,0.0
BTCUSDT,1782298800,2026-06-24 11:00:00+00:00,62416.9,62450.0,62272.1,62349.5,0.0,0.0,0.0
BTCUSDT,1782299700,2026-06-24 11:15:00+00:00,62349.5,62390.0,62289.7,62351.8,0.0,0.0,0.0
BTCUSDT,1782300600,2026-06-24 11:30:00+00:00,62351.9,62728.9,62351.8,62706.7,0.0,0.0,0.0
BTCUSDT,1782301500,2026-06-24 11:45:00+00:00,62706.7,63209.6,62688.1,62887.7,0.0,0.0,0.0
BTCUSDT,1782302400,2026-06-24 12:00:00+00:00,62887.8,62939.3,62774.5,62800.0,0.0,0.0,0.0
BTCUSDT,1782303300,2026-06-24 12:15:00+00:00,62800.0,62874.6,62720.4,62790.0,0.0,0.0,0.0
BTCUSDT,1782304200,2026-06-24 12:30:00+00:00,62790.0,62874.0,62727.6,62812.9,0.0,0.0,0.0
BTCUSDT,1782305100,2026-06-24 12:45:00+00:00,62812.9,62829.0,62543.4,62589.5,0.0,0.0,0.0
BTCUSDT,1782306000,2026-06-24 13:00:00+00:00,62589.5,62604.0,61952.8,62012.7,0.0,0.0,0.0
BTCUSDT,1782306900,2026-06-24 13:15:00+00:00,62012.6,62208.0,61642.5,61824.5,0.0,0.0,0.0
BTCUSDT,1782307800,2026-06-24 13:30:00+00:00,61824.4,62127.5,61348.5,61464.2,0.0,0.0,0.0
BTCUSDT,1782308700,2026-06-24 13:45:00+00:00,61464.1,61624.7,61220.7,61308.2,0.0,0.0,0.0
BTCUSDT,1782309600,2026-06-24 14:00:00+00:00,61308.2,61434.5,61077.6,61211.1,0.0,0.0,0.0
BTCUSDT,1782310500,2026-06-24 14:15:00+00:00,61211.0,61292.7,60866.0,61209.3,0.0,0.0,0.0
BTCUSDT,1782311400,2026-06-24 14:30:00+00:00,61209.4,61359.0,61032.8,61132.8,0.0,0.0,0.0
BTCUSDT,1782312300,2026-06-24 14:45:00+00:00,61132.8,61226.8,60915.0,61085.3,0.0,0.0,0.0
BTCUSDT,1782313200,2026-06-24 15:00:00+00:00,61085.3,61096.3,60815.1,60871.8,0.0,0.0,0.0
BTCUSDT,1782314100,2026-06-24 15:15:00+00:00,60871.9,61128.9,60800.0,60854.4,0.0,0.0,0.0
BTCUSDT,1782315000,2026-06-24 15:30:00+00:00,60854.4,60860.0,60509.7,60549.9,0.0,0.0,0.0
BTCUSDT,1782315900,2026-06-24 15:45:00+00:00,60549.9,60560.5,60238.0,60254.9,0.0,0.0,0.0
BTCUSDT,1782316800,2026-06-24 16:00:00+00:00,60254.9,60529.9,60193.0,60492.3,0.0,0.0,0.0
BTCUSDT,1782317700,2026-06-24 16:15:00+00:00,60492.2,60649.1,60388.5,60519.0,0.0,0.0,0.0
BTCUSDT,1782318600,2026-06-24 16:30:00+00:00,60519.1,60539.1,60113.2,60231.8,0.0,0.0,0.0
BTCUSDT,1782319500,2026-06-24 16:45:00+00:00,60231.7,60231.7,59260.0,59808.2,0.0,0.0,0.0
BTCUSDT,1782320400,2026-06-24 17:00:00+00:00,59808.3,60025.2,59670.0,59802.0,0.0,0.0,0.0
BTCUSDT,1782321300,2026-06-24 17:15:00+00:00,59802.1,59840.2,59300.0,59645.3,0.0,0.0,0.0
BTCUSDT,1782322200,2026-06-24 17:30:00+00:00,59645.3,59720.6,59226.5,59293.2,0.0,0.0,0.0
BTCUSDT,1782323100,2026-06-24 17:45:00+00:00,59293.2,59468.7,59060.0,59363.7,0.0,0.0,0.0
BTCUSDT,1782324000,2026-06-24 18:00:00+00:00,59363.6,59588.0,59269.4,59563.4,0.0,0.0,0.0
BTCUSDT,1782324900,2026-06-24 18:15:00+00:00,59563.4,59895.3,59537.7,59677.9,0.0,0.0,0.0
BTCUSDT,1782325800,2026-06-24 18:30:00+00:00,59678.0,59720.0,59455.6,59528.1,0.0,0.0,0.0
BTCUSDT,1782326700,2026-06-24 18:45:00+00:00,59528.0,59617.8,59380.0,59569.5,0.0,0.0,0.0
BTCUSDT,1782327600,2026-06-24 19:00:00+00:00,59569.5,59710.0,59484.7,59648.6,0.0,0.0,0.0
BTCUSDT,1782328500,2026-06-24 19:15:00+00:00,59648.5,59814.4,59558.2,59802.6,0.0,0.0,0.0
BTCUSDT,1782329400,2026-06-24 19:30:00+00:00,59802.5,59879.1,59693.8,59752.7,0.0,0.0,0.0
BTCUSDT,1782330300,2026-06-24 19:45:00+00:00,59752.7,59973.3,59711.8,59923.8,0.0,0.0,0.0
BTCUSDT,1782331200,2026-06-24 20:00:00+00:00,59923.7,60800.0,59813.9,60648.7,0.0,0.0,0.0
BTCUSDT,1782332100,2026-06-24 20:15:00+00:00,60648.6,60800.0,60556.5,60745.0,0.0,0.0,0.0
BTCUSDT,1782333000,2026-06-24 20:30:00+00:00,60744.9,60898.4,60650.0,60845.4,0.0,0.0,0.0
BTCUSDT,1782333900,2026-06-24 20:45:00+00:00,60845.4,61188.0,60837.6,60926.5,0.0,0.0,0.0
BTCUSDT,1782334800,2026-06-24 21:00:00+00:00,60926.5,60996.0,60633.1,60691.4,0.0,0.0,0.0
BTCUSDT,1782335700,2026-06-24 21:15:00+00:00,60691.3,60880.0,60650.8,60822.3,0.0,0.0,0.0
BTCUSDT,1782336600,2026-06-24 21:30:00+00:00,60822.2,61110.4,60762.7,61058.1,0.0,0.0,0.0
BTCUSDT,1782337500,2026-06-24 21:45:00+00:00,61058.1,61115.2,60969.9,61073.6,0.0,0.0,0.0
BTCUSDT,1782338400,2026-06-24 22:00:00+00:00,61073.6,61256.0,60971.0,60973.4,0.0,0.0,0.0
BTCUSDT,1782339300,2026-06-24 22:15:00+00:00,60973.3,60988.0,60851.3,60858.3,0.0,0.0,0.0
BTCUSDT,1782340200,2026-06-24 22:30:00+00:00,60858.3,60932.2,60752.8,60894.4,0.0,0.0,0.0
BTCUSDT,1782341100,2026-06-24 22:45:00+00:00,60894.3,60894.4,60789.1,60850.2,0.0,0.0,0.0
BTCUSDT,1782342000,2026-06-24 23:00:00+00:00,60850.3,60936.7,60799.9,60859.9,0.0,0.0,0.0
BTCUSDT,1782342900,2026-06-24 23:15:00+00:00,60859.9,61006.8,60811.6,60956.1,0.0,0.0,0.0
BTCUSDT,1782343800,2026-06-24 23:30:00+00:00,60956.0,61038.0,60925.0,61000.0,0.0,0.0,0.0
BTCUSDT,1782344700,2026-06-24 23:45:00+00:00,61000.0,61086.3,60911.2,61051.2,0.0,0.0,0.0
BTCUSDT,1782345600,2026-06-25 00:00:00+00:00,61051.2,61138.9,61000.1,61067.3,0.0,0.0,0.0
BTCUSDT,1782346500,2026-06-25 00:15:00+00:00,61067.3,61079.5,60890.6,60895.7,0.0,0.0,0.0
BTCUSDT,1782347400,2026-06-25 00:30:00+00:00,60895.7,60964.7,60808.1,60813.3,0.0,0.0,0.0
BTCUSDT,1782348300,2026-06-25 00:45:00+00:00,60813.3,60895.4,60666.0,60786.9,0.0,0.0,0.0
BTCUSDT,1782349200,2026-06-25 01:00:00+00:00,60786.9,60854.3,60703.2,60745.4,0.0,0.0,0.0
BTCUSDT,1782350100,2026-06-25 01:15:00+00:00,60745.5,60909.4,60686.8,60827.8,0.0,0.0,0.0
BTCUSDT,1782351000,2026-06-25 01:30:00+00:00,60827.7,60879.9,60780.0,60794.5,0.0,0.0,0.0
BTCUSDT,1782351900,2026-06-25 01:45:00+00:00,60794.4,60960.5,60770.7,60892.9,0.0,0.0,0.0
BTCUSDT,1782352800,2026-06-25 02:00:00+00:00,60892.9,60939.0,60690.6,60751.9,0.0,0.0,0.0
BTCUSDT,1782353700,2026-06-25 02:15:00+00:00,60752.0,60918.3,60720.0,60901.5,0.0,0.0,0.0
BTCUSDT,1782354600,2026-06-25 02:30:00+00:00,60901.5,60906.6,60719.9,60732.8,0.0,0.0,0.0
BTCUSDT,1782355500,2026-06-25 02:45:00+00:00,60732.8,60792.9,60660.0,60763.2,0.0,0.0,0.0
BTCUSDT,1782356400,2026-06-25 03:00:00+00:00,60763.3,60842.1,60689.5,60730.0,0.0,0.0,0.0
BTCUSDT,1782357300,2026-06-25 03:15:00+00:00,60730.1,60812.0,60648.0,60764.3,0.0,0.0,0.0
BTCUSDT,1782358200,2026-06-25 03:30:00+00:00,60764.3,60821.6,60715.5,60718.6,0.0,0.0,0.0
BTCUSDT,1782359100,2026-06-25 03:45:00+00:00,60718.5,60877.7,60715.6,60853.9,0.0,0.0,0.0
BTCUSDT,1782360000,2026-06-25 04:00:00+00:00,60854.0,60878.6,60788.0,60789.7,0.0,0.0,0.0
BTCUSDT,1782360900,2026-06-25 04:15:00+00:00,60789.7,60888.0,60756.4,60865.5,0.0,0.0,0.0
BTCUSDT,1782361800,2026-06-25 04:30:00+00:00,60865.5,60949.9,60780.0,60949.8,0.0,0.0,0.0
BTCUSDT,1782362700,2026-06-25 04:45:00+00:00,60949.8,61389.0,60940.9,61323.2,0.0,0.0,0.0
BTCUSDT,1782363600,2026-06-25 05:00:00+00:00,61323.3,61733.9,61241.9,61615.9,0.0,0.0,0.0
BTCUSDT,1782364500,2026-06-25 05:15:00+00:00,61615.8,61800.0,61437.6,61579.5,0.0,0.0,0.0
BTCUSDT,1782365400,2026-06-25 05:30:00+00:00,61579.4,61629.9,61494.4,61499.8,0.0,0.0,0.0
BTCUSDT,1782366300,2026-06-25 05:45:00+00:00,61499.8,61650.0,61480.0,61567.1,0.0,0.0,0.0
BTCUSDT,1782367200,2026-06-25 06:00:00+00:00,61567.2,61733.0,61567.1,61681.1,0.0,0.0,0.0
BTCUSDT,1782368100,2026-06-25 06:15:00+00:00,61681.0,61773.4,61606.7,61638.6,0.0,0.0,0.0
BTCUSDT,1782369000,2026-06-25 06:30:00+00:00,61638.6,61732.0,61620.6,61728.8,0.0,0.0,0.0
BTCUSDT,1782369900,2026-06-25 06:45:00+00:00,61728.7,61829.1,61681.6,61693.5,0.0,0.0,0.0
BTCUSDT,1782370800,2026-06-25 07:00:00+00:00,61693.5,61800.0,61632.2,61724.2,0.0,0.0,0.0
BTCUSDT,1782371700,2026-06-25 07:15:00+00:00,61724.2,61866.0,61724.1,61774.2,0.0,0.0,0.0
BTCUSDT,1782372600,2026-06-25 07:30:00+00:00,61774.1,61931.1,61774.1,61886.0,0.0,0.0,0.0
BTCUSDT,1782373500,2026-06-25 07:45:00+00:00,61886.0,61915.3,61780.1,61886.7,0.0,0.0,0.0
BTCUSDT,1782374400,2026-06-25 08:00:00+00:00,61886.8,61897.6,61726.7,61770.5,0.0,0.0,0.0
BTCUSDT,1782375300,2026-06-25 08:15:00+00:00,61770.5,61771.0,61677.1,61753.8,0.0,0.0,0.0
BTCUSDT,1782376200,2026-06-25 08:30:00+00:00,61753.7,61753.8,61688.6,61729.5,0.0,0.0,0.0
BTCUSDT,1782377100,2026-06-25 08:45:00+00:00,61729.5,61774.2,61653.0,61686.4,0.0,0.0,0.0
BTCUSDT,1782378000,2026-06-25 09:00:00+00:00,61686.5,61764.9,61653.0,61715.2,0.0,0.0,0.0
BTCUSDT,1782378900,2026-06-25 09:15:00+00:00,61715.1,61741.2,61578.4,61665.3,0.0,0.0,0.0
BTCUSDT,1782379800,2026-06-25 09:30:00+00:00,61665.3,61748.7,61655.8,61724.4,0.0,0.0,0.0
BTCUSDT,1782380700,2026-06-25 09:45:00+00:00,61724.5,61756.0,61672.3,61707.8,0.0,0.0,0.0
BTCUSDT,1782381600,2026-06-25 10:00:00+00:00,61707.9,61727.9,61626.3,61657.4,0.0,0.0,0.0
BTCUSDT,1782382500,2026-06-25 10:15:00+00:00,61657.4,61725.1,61540.0,61550.4,0.0,0.0,0.0
BTCUSDT,1782383400,2026-06-25 10:30:00+00:00,61550.4,61564.9,61362.2,61369.0,0.0,0.0,0.0
BTCUSDT,1782384300,2026-06-25 10:45:00+00:00,61369.1,61378.8,61228.4,61245.3,0.0,0.0,0.0
BTCUSDT,1782385200,2026-06-25 11:00:00+00:00,61245.4,61339.8,61033.5,61330.1,0.0,0.0,0.0
BTCUSDT,1782386100,2026-06-25 11:15:00+00:00,61330.1,61395.3,61220.0,61220.0,0.0,0.0,0.0
BTCUSDT,1782387000,2026-06-25 11:30:00+00:00,61220.0,61373.8,61220.0,61297.7,0.0,0.0,0.0
BTCUSDT,1782387900,2026-06-25 11:45:00+00:00,61297.7,61297.7,61125.4,61258.2,0.0,0.0,0.0
BTCUSDT,1782388800,2026-06-25 12:00:00+00:00,61258.2,61352.0,61126.1,61194.1,0.0,0.0,0.0
BTCUSDT,1782389700,2026-06-25 12:15:00+00:00,61194.1,61245.3,61048.5,61077.0,0.0,0.0,0.0
BTCUSDT,1782390600,2026-06-25 12:30:00+00:00,61076.9,61742.9,61076.9,61352.6,0.0,0.0,0.0
BTCUSDT,1782391500,2026-06-25 12:45:00+00:00,61352.5,61384.3,61117.9,61216.4,0.0,0.0,0.0
BTCUSDT,1782392400,2026-06-25 13:00:00+00:00,61216.4,61339.9,61140.3,61296.5,0.0,0.0,0.0
BTCUSDT,1782393300,2026-06-25 13:15:00+00:00,61296.6,61346.4,61163.9,61210.1,0.0,0.0,0.0
BTCUSDT,1782394200,2026-06-25 13:30:00+00:00,61210.2,61319.8,60050.6,60054.1,0.0,0.0,0.0
BTCUSDT,1782395100,2026-06-25 13:45:00+00:00,60054.2,60227.6,58030.0,58248.4,0.0,0.0,0.0
BTCUSDT,1782396000,2026-06-25 14:00:00+00:00,58249.2,59713.0,58249.2,59228.7,0.0,0.0,0.0
BTCUSDT,1782396900,2026-06-25 14:15:00+00:00,59228.6,59530.0,58755.0,59292.8,0.0,0.0,0.0
BTCUSDT,1782397800,2026-06-25 14:30:00+00:00,59292.9,60466.9,59145.7,59459.9,0.0,0.0,0.0
BTCUSDT,1782398700,2026-06-25 14:45:00+00:00,59459.9,59773.1,59322.0,59448.7,0.0,0.0,0.0
BTCUSDT,1782399600,2026-06-25 15:00:00+00:00,59448.7,59457.5,59022.7,59032.9,0.0,0.0,0.0
BTCUSDT,1782400500,2026-06-25 15:15:00+00:00,59032.9,59362.8,58835.2,59241.4,0.0,0.0,0.0
BTCUSDT,1782401400,2026-06-25 15:30:00+00:00,59241.4,59527.1,59050.0,59172.4,0.0,0.0,0.0
BTCUSDT,1782402300,2026-06-25 15:45:00+00:00,59172.3,59630.2,59146.0,59536.2,0.0,0.0,0.0
BTCUSDT,1782403200,2026-06-25 16:00:00+00:00,59536.2,60035.7,59439.0,59727.3,0.0,0.0,0.0
BTCUSDT,1782404100,2026-06-25 16:15:00+00:00,59727.4,59820.3,59650.0,59718.7,0.0,0.0,0.0
BTCUSDT,1782405000,2026-06-25 16:30:00+00:00,59718.6,59718.7,59215.4,59248.5,0.0,0.0,0.0
BTCUSDT,1782405900,2026-06-25 16:45:00+00:00,59248.7,59372.7,59130.0,59284.0,0.0,0.0,0.0
BTCUSDT,1782406800,2026-06-25 17:00:00+00:00,59284.1,59447.8,59114.4,59381.0,0.0,0.0,0.0
BTCUSDT,1782407700,2026-06-25 17:15:00+00:00,59380.9,59584.7,59312.7,59534.1,0.0,0.0,0.0
BTCUSDT,1782408600,2026-06-25 17:30:00+00:00,59534.0,59720.0,59466.5,59505.2,0.0,0.0,0.0
BTCUSDT,1782409500,2026-06-25 17:45:00+00:00,59505.1,59666.1,59417.8,59656.3,0.0,0.0,0.0
BTCUSDT,1782410400,2026-06-25 18:00:00+00:00,59656.2,59775.0,59366.0,59375.3,0.0,0.0,0.0
BTCUSDT,1782411300,2026-06-25 18:15:00+00:00,59375.4,59728.0,59375.0,59693.0,0.0,0.0,0.0
BTCUSDT,1782412200,2026-06-25 18:30:00+00:00,59693.1,59693.1,59364.5,59403.7,0.0,0.0,0.0
BTCUSDT,1782413100,2026-06-25 18:45:00+00:00,59403.6,59572.8,59333.0,59491.0,0.0,0.0,0.0
BTCUSDT,1782414000,2026-06-25 19:00:00+00:00,59491.2,59496.6,59200.0,59217.6,0.0,0.0,0.0
BTCUSDT,1782414900,2026-06-25 19:15:00+00:00,59217.3,59339.4,59152.7,59323.3,0.0,0.0,0.0
BTCUSDT,1782415800,2026-06-25 19:30:00+00:00,59323.3,59416.2,59265.5,59275.4,0.0,0.0,0.0
BTCUSDT,1782416700,2026-06-25 19:45:00+00:00,59275.3,59342.3,59153.2,59299.8,0.0,0.0,0.0
BTCUSDT,1782417600,2026-06-25 20:00:00+00:00,59299.9,59723.5,59298.7,59553.4,0.0,0.0,0.0
BTCUSDT,1782418500,2026-06-25 20:15:00+00:00,59553.4,59711.5,59524.4,59600.0,0.0,0.0,0.0
BTCUSDT,1782419400,2026-06-25 20:30:00+00:00,59600.1,59639.7,59387.6,59499.0,0.0,0.0,0.0
BTCUSDT,1782420300,2026-06-25 20:45:00+00:00,59498.9,59501.4,59312.8,59428.8,0.0,0.0,0.0
BTCUSDT,1782421200,2026-06-25 21:00:00+00:00,59428.9,59595.7,59422.7,59595.6,0.0,0.0,0.0
BTCUSDT,1782422100,2026-06-25 21:15:00+00:00,59595.6,59686.7,59526.6,59686.1,0.0,0.0,0.0
BTCUSDT,1782423000,2026-06-25 21:30:00+00:00,59686.1,59985.5,59672.8,59935.3,0.0,0.0,0.0
BTCUSDT,1782423900,2026-06-25 21:45:00+00:00,59935.2,60245.0,59863.4,60180.7,0.0,0.0,0.0
BTCUSDT,1782424800,2026-06-25 22:00:00+00:00,60180.7,60180.8,59840.0,59859.3,0.0,0.0,0.0
BTCUSDT,1782425700,2026-06-25 22:15:00+00:00,59859.4,59984.6,59753.8,59763.5,0.0,0.0,0.0
BTCUSDT,1782426600,2026-06-25 22:30:00+00:00,59763.5,59850.0,59718.6,59765.0,0.0,0.0,0.0
BTCUSDT,1782427500,2026-06-25 22:45:00+00:00,59765.0,59899.6,59705.4,59815.1,0.0,0.0,0.0
BTCUSDT,1782428400,2026-06-25 23:00:00+00:00,59815.1,59924.9,59761.0,59917.7,0.0,0.0,0.0
BTCUSDT,1782429300,2026-06-25 23:15:00+00:00,59917.7,60149.3,59895.3,60068.7,0.0,0.0,0.0
BTCUSDT,1782430200,2026-06-25 23:30:00+00:00,60068.7,60164.3,59932.6,59950.7,0.0,0.0,0.0
BTCUSDT,1782431100,2026-06-25 23:45:00+00:00,59950.7,59950.7,59709.1,59771.9,0.0,0.0,0.0
BTCUSDT,1782432000,2026-06-26 00:00:00+00:00,59772.0,59882.2,59740.9,59860.2,0.0,0.0,0.0
BTCUSDT,1782432900,2026-06-26 00:15:00+00:00,59860.1,59860.2,59671.3,59748.9,0.0,0.0,0.0
BTCUSDT,1782433800,2026-06-26 00:30:00+00:00,59748.8,59850.0,59670.0,59760.0,0.0,0.0,0.0
BTCUSDT,1782434700,2026-06-26 00:45:00+00:00,59760.1,59801.0,59608.1,59638.2,0.0,0.0,0.0
BTCUSDT,1782435600,2026-06-26 01:00:00+00:00,59638.2,59761.3,59417.3,59574.0,0.0,0.0,0.0
BTCUSDT,1782436500,2026-06-26 01:15:00+00:00,59574.0,59643.3,59267.0,59272.4,0.0,0.0,0.0
BTCUSDT,1782437400,2026-06-26 01:30:00+00:00,59272.4,59356.0,59200.0,59293.3,0.0,0.0,0.0
BTCUSDT,1782438300,2026-06-26 01:45:00+00:00,59293.2,59417.0,59250.0,59413.0,0.0,0.0,0.0
BTCUSDT,1782439200,2026-06-26 02:00:00+00:00,59413.1,59432.3,58620.0,58650.1,0.0,0.0,0.0
BTCUSDT,1782440100,2026-06-26 02:15:00+00:00,58650.1,58864.0,58325.6,58857.5,0.0,0.0,0.0
BTCUSDT,1782441000,2026-06-26 02:30:00+00:00,58857.5,58990.3,58648.9,58788.4,0.0,0.0,0.0
BTCUSDT,1782441900,2026-06-26 02:45:00+00:00,58788.3,58806.4,58403.4,58536.0,0.0,0.0,0.0
BTCUSDT,1782442800,2026-06-26 03:00:00+00:00,58536.0,58944.0,58288.0,58867.6,0.0,0.0,0.0
BTCUSDT,1782443700,2026-06-26 03:15:00+00:00,58867.2,59166.5,58771.8,59070.9,0.0,0.0,0.0
BTCUSDT,1782444600,2026-06-26 03:30:00+00:00,59070.8,59525.0,58983.4,59470.0,0.0,0.0,0.0
BTCUSDT,1782445500,2026-06-26 03:45:00+00:00,59470.0,60125.7,59464.0,60015.0,0.0,0.0,0.0
BTCUSDT,1782446400,2026-06-26 04:00:00+00:00,60015.0,60078.3,59802.3,59885.8,0.0,0.0,0.0
BTCUSDT,1782447300,2026-06-26 04:15:00+00:00,59885.9,60234.8,59860.6,59965.2,0.0,0.0,0.0
BTCUSDT,1782448200,2026-06-26 04:30:00+00:00,59965.2,59999.0,59866.0,59949.5,0.0,0.0,0.0
BTCUSDT,1782449100,2026-06-26 04:45:00+00:00,59949.4,59958.0,59810.1,59899.9,0.0,0.0,0.0
BTCUSDT,1782450000,2026-06-26 05:00:00+00:00,59899.8,59952.4,59813.8,59952.4,0.0,0.0,0.0
BTCUSDT,1782450900,2026-06-26 05:15:00+00:00,59952.4,60024.0,59703.1,59937.0,0.0,0.0,0.0
BTCUSDT,1782451800,2026-06-26 05:30:00+00:00,59937.0,60039.1,59809.2,59861.2,0.0,0.0,0.0
BTCUSDT,1782452700,2026-06-26 05:45:00+00:00,59861.2,59948.0,59761.2,59921.8,0.0,0.0,0.0
BTCUSDT,1782453600,2026-06-26 06:00:00+00:00,59921.9,59921.9,59666.2,59686.0,0.0,0.0,0.0
BTCUSDT,1782454500,2026-06-26 06:15:00+00:00,59686.1,60073.7,59686.0,60017.6,0.0,0.0,0.0
BTCUSDT,1782455400,2026-06-26 06:30:00+00:00,60017.7,60409.8,59925.1,60361.7,0.0,0.0,0.0
BTCUSDT,1782456300,2026-06-26 06:45:00+00:00,60361.7,60440.0,60204.6,60298.9,0.0,0.0,0.0
BTCUSDT,1782457200,2026-06-26 07:00:00+00:00,60298.9,60518.0,60252.6,60491.7,0.0,0.0,0.0
BTCUSDT,1782458100,2026-06-26 07:15:00+00:00,60491.7,60681.0,60441.0,60560.4,0.0,0.0,0.0
BTCUSDT,1782459000,2026-06-26 07:30:00+00:00,60560.5,60734.0,60522.0,60555.0,0.0,0.0,0.0
BTCUSDT,1782459900,2026-06-26 07:45:00+00:00,60554.9,60607.1,60458.8,60491.0,0.0,0.0,0.0
BTCUSDT,1782460800,2026-06-26 08:00:00+00:00,60491.0,60542.6,60187.8,60242.9,0.0,0.0,0.0
BTCUSDT,1782461700,2026-06-26 08:15:00+00:00,60243.0,60345.4,60156.0,60280.9,0.0,0.0,0.0
BTCUSDT,1782462600,2026-06-26 08:30:00+00:00,60280.8,60316.9,60112.0,60184.8,0.0,0.0,0.0
BTCUSDT,1782463500,2026-06-26 08:45:00+00:00,60184.8,60249.7,60114.1,60215.3,0.0,0.0,0.0
BTCUSDT,1782464400,2026-06-26 09:00:00+00:00,60215.3,60229.8,60040.0,60141.1,0.0,0.0,0.0
BTCUSDT,1782465300,2026-06-26 09:15:00+00:00,60141.1,60152.0,60052.3,60096.5,0.0,0.0,0.0
BTCUSDT,1782466200,2026-06-26 09:30:00+00:00,60096.5,60104.3,59918.6,59974.7,0.0,0.0,0.0
BTCUSDT,1782467100,2026-06-26 09:45:00+00:00,59974.8,60004.4,59544.7,59709.3,0.0,0.0,0.0
BTCUSDT,1782468000,2026-06-26 10:00:00+00:00,59709.3,59799.5,59625.2,59717.9,0.0,0.0,0.0
BTCUSDT,1782468900,2026-06-26 10:15:00+00:00,59717.9,59834.2,59688.8,59701.3,0.0,0.0,0.0
BTCUSDT,1782469800,2026-06-26 10:30:00+00:00,59701.4,59787.9,59427.4,59532.0,0.0,0.0,0.0
BTCUSDT,1782470700,2026-06-26 10:45:00+00:00,59532.1,59547.0,59210.4,59290.0,0.0,0.0,0.0
BTCUSDT,1782471600,2026-06-26 11:00:00+00:00,59290.0,59569.0,59233.1,59465.8,0.0,0.0,0.0
BTCUSDT,1782472500,2026-06-26 11:15:00+00:00,59465.8,59478.8,59340.0,59393.6,0.0,0.0,0.0
BTCUSDT,1782473400,2026-06-26 11:30:00+00:00,59393.6,59515.3,59361.1,59419.2,0.0,0.0,0.0
BTCUSDT,1782474300,2026-06-26 11:45:00+00:00,59419.2,59431.6,59252.6,59392.4,0.0,0.0,0.0
BTCUSDT,1782475200,2026-06-26 12:00:00+00:00,59392.4,59494.3,59321.0,59436.7,0.0,0.0,0.0
BTCUSDT,1782476100,2026-06-26 12:15:00+00:00,59436.7,59714.3,59425.5,59709.9,0.0,0.0,0.0
BTCUSDT,1782477000,2026-06-26 12:30:00+00:00,59710.0,59998.4,58940.0,59118.9,0.0,0.0,0.0
BTCUSDT,1782477900,2026-06-26 12:45:00+00:00,59118.8,59577.8,59041.1,59167.6,0.0,0.0,0.0
BTCUSDT,1782478800,2026-06-26 13:00:00+00:00,59167.6,59261.6,58924.4,59076.0,0.0,0.0,0.0
BTCUSDT,1782479700,2026-06-26 13:15:00+00:00,59075.9,59153.9,58388.0,58887.4,0.0,0.0,0.0
BTCUSDT,1782480600,2026-06-26 13:30:00+00:00,58887.3,59493.2,58810.0,59455.0,0.0,0.0,0.0
BTCUSDT,1782481500,2026-06-26 13:45:00+00:00,59454.9,60189.5,59300.8,60153.3,0.0,0.0,0.0
BTCUSDT,1782482400,2026-06-26 14:00:00+00:00,60153.5,60274.2,59781.0,59954.8,0.0,0.0,0.0
BTCUSDT,1782483300,2026-06-26 14:15:00+00:00,59954.6,60222.0,59793.1,60032.6,0.0,0.0,0.0
BTCUSDT,1782484200,2026-06-26 14:30:00+00:00,60032.5,60048.4,59520.4,59578.1,0.0,0.0,0.0
BTCUSDT,1782485100,2026-06-26 14:45:00+00:00,59578.1,59887.0,59358.8,59568.9,0.0,0.0,0.0
BTCUSDT,1782486000,2026-06-26 15:00:00+00:00,59569.0,60083.0,59560.0,59802.0,0.0,0.0,0.0
BTCUSDT,1782486900,2026-06-26 15:15:00+00:00,59802.1,60350.7,59755.0,60163.3,0.0,0.0,0.0
BTCUSDT,1782487800,2026-06-26 15:30:00+00:00,60163.3,60494.1,60116.4,60400.1,0.0,0.0,0.0
BTCUSDT,1782488700,2026-06-26 15:45:00+00:00,60400.2,60421.0,60116.4,60296.6,0.0,0.0,0.0
BTCUSDT,1782489600,2026-06-26 16:00:00+00:00,60296.9,60580.0,60125.4,60154.5,0.0,0.0,0.0
BTCUSDT,1782490500,2026-06-26 16:15:00+00:00,60154.5,60260.0,59933.1,60024.6,0.0,0.0,0.0
BTCUSDT,1782491400,2026-06-26 16:30:00+00:00,60024.6,60368.4,60014.7,60040.2,0.0,0.0,0.0
BTCUSDT,1782492300,2026-06-26 16:45:00+00:00,60040.1,60170.0,59983.5,60017.8,0.0,0.0,0.0
BTCUSDT,1782493200,2026-06-26 17:00:00+00:00,60017.8,60276.5,59978.5,60190.0,0.0,0.0,0.0
BTCUSDT,1782494100,2026-06-26 17:15:00+00:00,60190.0,60229.9,60008.7,60157.0,0.0,0.0,0.0
BTCUSDT,1782495000,2026-06-26 17:30:00+00:00,60157.1,60194.6,59921.4,60043.2,0.0,0.0,0.0
BTCUSDT,1782495900,2026-06-26 17:45:00+00:00,60043.2,60091.6,59930.0,60000.0,0.0,0.0,0.0
BTCUSDT,1782496800,2026-06-26 18:00:00+00:00,60000.0,60140.7,59988.9,60067.0,0.0,0.0,0.0
BTCUSDT,1782497700,2026-06-26 18:15:00+00:00,60067.0,60091.6,59769.6,59807.6,0.0,0.0,0.0
BTCUSDT,1782498600,2026-06-26 18:30:00+00:00,59807.7,59864.0,59717.9,59755.0,0.0,0.0,0.0
BTCUSDT,1782499500,2026-06-26 18:45:00+00:00,59755.1,59755.2,59530.7,59648.9,0.0,0.0,0.0
BTCUSDT,1782500400,2026-06-26 19:00:00+00:00,59648.9,60077.8,59586.3,60002.1,0.0,0.0,0.0
BTCUSDT,1782501300,2026-06-26 19:15:00+00:00,60002.1,60002.1,59850.0,59914.5,0.0,0.0,0.0
BTCUSDT,1782502200,2026-06-26 19:30:00+00:00,59914.6,60073.0,59855.0,59857.6,0.0,0.0,0.0
BTCUSDT,1782503100,2026-06-26 19:45:00+00:00,59857.7,59905.6,59710.0,59719.7,0.0,0.0,0.0
BTCUSDT,1782504000,2026-06-26 20:00:00+00:00,59719.9,59970.0,59658.0,59702.2,0.0,0.0,0.0
BTCUSDT,1782504900,2026-06-26 20:15:00+00:00,59702.2,59791.0,59669.3,59755.6,0.0,0.0,0.0
BTCUSDT,1782505800,2026-06-26 20:30:00+00:00,59755.6,59762.3,59556.0,59627.1,0.0,0.0,0.0
BTCUSDT,1782506700,2026-06-26 20:45:00+00:00,59627.1,59779.6,59616.3,59694.7,0.0,0.0,0.0
BTCUSDT,1782507600,2026-06-26 21:00:00+00:00,59694.7,59746.7,59649.2,59737.8,0.0,0.0,0.0
BTCUSDT,1782508500,2026-06-26 21:15:00+00:00,59737.7,59868.1,59658.6,59851.1,0.0,0.0,0.0
BTCUSDT,1782509400,2026-06-26 21:30:00+00:00,59851.2,60028.0,59835.1,59999.9,0.0,0.0,0.0
BTCUSDT,1782510300,2026-06-26 21:45:00+00:00,59999.9,60020.0,59887.6,59887.6,0.0,0.0,0.0
BTCUSDT,1782511200,2026-06-26 22:00:00+00:00,59887.6,59927.9,59717.1,59881.8,0.0,0.0,0.0
BTCUSDT,1782512100,2026-06-26 22:15:00+00:00,59881.7,59955.6,59861.5,59861.5,0.0,0.0,0.0
BTCUSDT,1782513000,2026-06-26 22:30:00+00:00,59861.5,59956.0,59834.2,59934.2,0.0,0.0,0.0
BTCUSDT,1782513900,2026-06-26 22:45:00+00:00,59934.2,60051.0,59892.3,60007.5,0.0,0.0,0.0
BTCUSDT,1782514800,2026-06-26 23:00:00+00:00,60007.6,60090.8,59983.8,60052.8,0.0,0.0,0.0
BTCUSDT,1782515700,2026-06-26 23:15:00+00:00,60053.3,60055.8,59942.9,59943.0,0.0,0.0,0.0
BTCUSDT,1782516600,2026-06-26 23:30:00+00:00,59942.9,60064.3,59871.9,60034.5,0.0,0.0,0.0
BTCUSDT,1782517500,2026-06-26 23:45:00+00:00,60034.5,60087.7,60025.0,60072.0,0.0,0.0,0.0
BTCUSDT,1782518400,2026-06-27 00:00:00+00:00,60071.9,60167.3,60035.6,60084.6,0.0,0.0,0.0
BTCUSDT,1782519300,2026-06-27 00:15:00+00:00,60084.6,60099.6,59999.4,60018.9,0.0,0.0,0.0
BTCUSDT,1782520200,2026-06-27 00:30:00+00:00,60018.9,60019.9,59846.2,59949.1,0.0,0.0,0.0
BTCUSDT,1782521100,2026-06-27 00:45:00+00:00,59949.0,60048.0,59923.2,60033.4,0.0,0.0,0.0
BTCUSDT,1782522000,2026-06-27 01:00:00+00:00,60033.4,60046.9,59937.2,59945.4,0.0,0.0,0.0
BTCUSDT,1782522900,2026-06-27 01:15:00+00:00,59945.4,59989.9,59911.3,59974.1,0.0,0.0,0.0
BTCUSDT,1782523800,2026-06-27 01:30:00+00:00,59974.1,59981.1,59904.8,59946.0,0.0,0.0,0.0
BTCUSDT,1782524700,2026-06-27 01:45:00+00:00,59946.1,59972.0,59909.6,59919.1,0.0,0.0,0.0
BTCUSDT,1782525600,2026-06-27 02:00:00+00:00,59919.0,60100.0,59888.7,60090.0,0.0,0.0,0.0
BTCUSDT,1782526500,2026-06-27 02:15:00+00:00,60090.1,60349.0,60046.5,60275.4,0.0,0.0,0.0
BTCUSDT,1782527400,2026-06-27 02:30:00+00:00,60275.5,60297.1,60168.3,60260.5,0.0,0.0,0.0
BTCUSDT,1782528300,2026-06-27 02:45:00+00:00,60260.5,60333.0,60240.0,60256.6,0.0,0.0,0.0
BTCUSDT,1782529200,2026-06-27 03:00:00+00:00,60256.6,60387.8,60134.8,60144.1,0.0,0.0,0.0
BTCUSDT,1782530100,2026-06-27 03:15:00+00:00,60144.0,60325.9,60134.5,60283.1,0.0,0.0,0.0
BTCUSDT,1782531000,2026-06-27 03:30:00+00:00,60283.2,60366.0,60254.1,60282.8,0.0,0.0,0.0
BTCUSDT,1782531900,2026-06-27 03:45:00+00:00,60282.8,60333.0,60231.2,60274.7,0.0,0.0,0.0
BTCUSDT,1782532800,2026-06-27 04:00:00+00:00,60274.8,60443.0,60274.7,60381.1,0.0,0.0,0.0
BTCUSDT,1782533700,2026-06-27 04:15:00+00:00,60381.1,60472.2,60350.0,60366.1,0.0,0.0,0.0
BTCUSDT,1782534600,2026-06-27 04:30:00+00:00,60366.1,60419.7,60323.2,60347.8,0.0,0.0,0.0
BTCUSDT,1782535500,2026-06-27 04:45:00+00:00,60347.9,60350.0,60189.4,60215.9,0.0,0.0,0.0
BTCUSDT,1782536400,2026-06-27 05:00:00+00:00,60215.9,60286.0,60167.1,60276.9,0.0,0.0,0.0
BTCUSDT,1782537300,2026-06-27 05:15:00+00:00,60276.9,60276.9,60132.7,60132.8,0.0,0.0,0.0
BTCUSDT,1782538200,2026-06-27 05:30:00+00:00,60132.8,60206.7,60101.9,60198.8,0.0,0.0,0.0
BTCUSDT,1782539100,2026-06-27 05:45:00+00:00,60198.8,60247.6,60192.0,60208.3,0.0,0.0,0.0
BTCUSDT,1782540000,2026-06-27 06:00:00+00:00,60208.4,60214.7,60083.7,60121.0,0.0,0.0,0.0
BTCUSDT,1782540900,2026-06-27 06:15:00+00:00,60121.0,60205.0,60074.5,60178.8,0.0,0.0,0.0
BTCUSDT,1782541800,2026-06-27 06:30:00+00:00,60178.8,60420.0,60178.8,60383.0,0.0,0.0,0.0
BTCUSDT,1782542700,2026-06-27 06:45:00+00:00,60383.0,60492.2,60321.7,60345.3,0.0,0.0,0.0
BTCUSDT,1782543600,2026-06-27 07:00:00+00:00,60345.2,60369.2,60266.0,60293.8,0.0,0.0,0.0
BTCUSDT,1782544500,2026-06-27 07:15:00+00:00,60293.8,60424.6,60282.7,60400.1,0.0,0.0,0.0
BTCUSDT,1782545400,2026-06-27 07:30:00+00:00,60400.1,60440.5,60354.1,60417.9,0.0,0.0,0.0
BTCUSDT,1782546300,2026-06-27 07:45:00+00:00,60417.8,60557.8,60417.8,60522.3,0.0,0.0,0.0
BTCUSDT,1782547200,2026-06-27 08:00:00+00:00,60522.4,60522.5,60420.6,60463.5,0.0,0.0,0.0
BTCUSDT,1782548100,2026-06-27 08:15:00+00:00,60463.5,60512.7,60420.6,60429.1,0.0,0.0,0.0
BTCUSDT,1782549000,2026-06-27 08:30:00+00:00,60429.1,60438.8,60336.2,60351.2,0.0,0.0,0.0
BTCUSDT,1782549900,2026-06-27 08:45:00+00:00,60351.1,60500.0,60348.3,60425.1,0.0,0.0,0.0
BTCUSDT,1782550800,2026-06-27 09:00:00+00:00,60425.2,60482.9,60314.9,60332.1,0.0,0.0,0.0
BTCUSDT,1782551700,2026-06-27 09:15:00+00:00,60332.1,60347.9,60261.0,60342.4,0.0,0.0,0.0
BTCUSDT,1782552600,2026-06-27 09:30:00+00:00,60342.4,60420.2,60342.3,60372.6,0.0,0.0,0.0
BTCUSDT,1782553500,2026-06-27 09:45:00+00:00,60372.6,60414.6,60359.6,60391.2,0.0,0.0,0.0
BTCUSDT,1782554400,2026-06-27 10:00:00+00:00,60391.3,60450.0,60369.3,60449.9,0.0,0.0,0.0
BTCUSDT,1782555300,2026-06-27 10:15:00+00:00,60450.0,60466.5,60414.5,60430.8,0.0,0.0,0.0
BTCUSDT,1782556200,2026-06-27 10:30:00+00:00,60430.8,60430.9,60378.0,60401.7,0.0,0.0,0.0
BTCUSDT,1782557100,2026-06-27 10:45:00+00:00,60401.7,60401.7,60350.0,60390.3,0.0,0.0,0.0
BTCUSDT,1782558000,2026-06-27 11:00:00+00:00,60390.3,60425.4,60335.6,60371.7,0.0,0.0,0.0
BTCUSDT,1782558900,2026-06-27 11:15:00+00:00,60371.7,60371.8,60195.4,60234.5,0.0,0.0,0.0
BTCUSDT,1782559800,2026-06-27 11:30:00+00:00,60234.5,60275.0,60162.0,60240.0,0.0,0.0,0.0
BTCUSDT,1782560700,2026-06-27 11:45:00+00:00,60240.0,60391.3,60239.9,60331.9,0.0,0.0,0.0
BTCUSDT,1782561600,2026-06-27 12:00:00+00:00,60331.9,60332.0,60222.6,60265.6,0.0,0.0,0.0
BTCUSDT,1782562500,2026-06-27 12:15:00+00:00,60265.5,60320.5,60260.9,60306.4,0.0,0.0,0.0
BTCUSDT,1782563400,2026-06-27 12:30:00+00:00,60306.4,60359.9,60273.4,60295.0,0.0,0.0,0.0
BTCUSDT,1782564300,2026-06-27 12:45:00+00:00,60295.0,60407.1,60277.3,60394.0,0.0,0.0,0.0
BTCUSDT,1782565200,2026-06-27 13:00:00+00:00,60394.0,60450.1,60356.1,60405.6,0.0,0.0,0.0
BTCUSDT,1782566100,2026-06-27 13:15:00+00:00,60405.7,60466.0,60362.5,60443.2,0.0,0.0,0.0
BTCUSDT,1782567000,2026-06-27 13:30:00+00:00,60443.2,60643.1,60419.9,60576.1,0.0,0.0,0.0
BTCUSDT,1782567900,2026-06-27 13:45:00+00:00,60576.1,60606.5,60511.6,60554.6,0.0,0.0,0.0
BTCUSDT,1782568800,2026-06-27 14:00:00+00:00,60554.6,60697.6,60480.0,60645.7,0.0,0.0,0.0
BTCUSDT,1782569700,2026-06-27 14:15:00+00:00,60645.6,60645.6,60561.8,60570.0,0.0,0.0,0.0
BTCUSDT,1782570600,2026-06-27 14:30:00+00:00,60570.1,60639.5,60500.0,60607.3,0.0,0.0,0.0
BTCUSDT,1782571500,2026-06-27 14:45:00+00:00,60607.3,60650.0,60580.0,60588.9,0.0,0.0,0.0
BTCUSDT,1782572400,2026-06-27 15:00:00+00:00,60589.0,60905.3,60541.1,60851.6,0.0,0.0,0.0
BTCUSDT,1782573300,2026-06-27 15:15:00+00:00,60851.7,60854.4,60688.0,60789.0,0.0,0.0,0.0
BTCUSDT,1782574200,2026-06-27 15:30:00+00:00,60789.0,60924.7,60725.6,60762.2,0.0,0.0,0.0
BTCUSDT,1782575100,2026-06-27 15:45:00+00:00,60762.1,60834.4,60722.0,60817.2,0.0,0.0,0.0
BTCUSDT,1782576000,2026-06-27 16:00:00+00:00,60817.3,60850.0,60712.0,60725.5,0.0,0.0,0.0
BTCUSDT,1782576900,2026-06-27 16:15:00+00:00,60725.5,60725.6,60659.1,60692.9,0.0,0.0,0.0
BTCUSDT,1782577800,2026-06-27 16:30:00+00:00,60692.9,60770.0,60648.2,60770.0,0.0,0.0,0.0
BTCUSDT,1782578700,2026-06-27 16:45:00+00:00,60769.9,60800.0,60740.5,60785.0,0.0,0.0,0.0
BTCUSDT,1782579600,2026-06-27 17:00:00+00:00,60784.9,60796.6,60383.0,60544.1,0.0,0.0,0.0
BTCUSDT,1782580500,2026-06-27 17:15:00+00:00,60544.2,60595.6,60435.2,60552.2,0.0,0.0,0.0
BTCUSDT,1782581400,2026-06-27 17:30:00+00:00,60552.2,60630.0,60474.8,60572.2,0.0,0.0,0.0
BTCUSDT,1782582300,2026-06-27 17:45:00+00:00,60572.1,60599.2,60492.3,60495.6,0.0,0.0,0.0
BTCUSDT,1782583200,2026-06-27 18:00:00+00:00,60495.6,60539.9,60420.2,60494.5,0.0,0.0,0.0
BTCUSDT,1782584100,2026-06-27 18:15:00+00:00,60494.5,60535.8,60432.1,60487.9,0.0,0.0,0.0
BTCUSDT,1782585000,2026-06-27 18:30:00+00:00,60487.8,60541.6,60472.1,60538.4,0.0,0.0,0.0
BTCUSDT,1782585900,2026-06-27 18:45:00+00:00,60538.5,60547.3,60488.4,60537.8,0.0,0.0,0.0
BTCUSDT,1782586800,2026-06-27 19:00:00+00:00,60537.9,60576.9,60530.0,60568.1,0.0,0.0,0.0
BTCUSDT,1782587700,2026-06-27 19:15:00+00:00,60568.2,60570.3,60202.4,60298.6,0.0,0.0,0.0
BTCUSDT,1782588600,2026-06-27 19:30:00+00:00,60298.5,60301.0,60050.0,60169.9,0.0,0.0,0.0
BTCUSDT,1782589500,2026-06-27 19:45:00+00:00,60170.0,60220.2,60113.8,60149.9,0.0,0.0,0.0
BTCUSDT,1782590400,2026-06-27 20:00:00+00:00,60149.9,60266.3,60141.7,60236.6,0.0,0.0,0.0
BTCUSDT,1782591300,2026-06-27 20:15:00+00:00,60236.6,60283.4,60222.8,60242.8,0.0,0.0,0.0
BTCUSDT,1782592200,2026-06-27 20:30:00+00:00,60242.7,60252.6,60223.2,60224.1,0.0,0.0,0.0
BTCUSDT,1782593100,2026-06-27 20:45:00+00:00,60224.1,60275.3,60224.0,60272.8,0.0,0.0,0.0
BTCUSDT,1782594000,2026-06-27 21:00:00+00:00,60272.8,60378.9,60272.8,60365.7,0.0,0.0,0.0
BTCUSDT,1782594900,2026-06-27 21:15:00+00:00,60365.6,60443.3,60330.2,60424.5,0.0,0.0,0.0
BTCUSDT,1782595800,2026-06-27 21:30:00+00:00,60424.5,60469.8,60203.3,60219.4,0.0,0.0,0.0
BTCUSDT,1782596700,2026-06-27 21:45:00+00:00,60219.4,60270.0,60108.9,60173.4,0.0,0.0,0.0
BTCUSDT,1782597600,2026-06-27 22:00:00+00:00,60173.4,60173.4,60015.3,60098.0,0.0,0.0,0.0
BTCUSDT,1782598500,2026-06-27 22:15:00+00:00,60098.1,60143.1,59819.8,60105.2,0.0,0.0,0.0
BTCUSDT,1782599400,2026-06-27 22:30:00+00:00,60105.2,60230.0,60096.8,60147.1,0.0,0.0,0.0
BTCUSDT,1782600300,2026-06-27 22:45:00+00:00,60147.1,60217.8,60131.1,60204.3,0.0,0.0,0.0
BTCUSDT,1782601200,2026-06-27 23:00:00+00:00,60204.3,60303.2,59988.9,60009.1,0.0,0.0,0.0
BTCUSDT,1782602100,2026-06-27 23:15:00+00:00,60009.1,60071.4,59913.9,59962.7,0.0,0.0,0.0
BTCUSDT,1782603000,2026-06-27 23:30:00+00:00,59962.8,60071.3,59937.9,60030.5,0.0,0.0,0.0
BTCUSDT,1782603900,2026-06-27 23:45:00+00:00,60030.5,60054.0,59979.6,60000.3,0.0,0.0,0.0
BTCUSDT,1782604800,2026-06-28 00:00:00+00:00,60000.4,60123.0,59983.3,60107.3,0.0,0.0,0.0
BTCUSDT,1782605700,2026-06-28 00:15:00+00:00,60107.2,60165.8,60099.8,60141.8,0.0,0.0,0.0
BTCUSDT,1782606600,2026-06-28 00:30:00+00:00,60141.9,60150.0,60057.1,60149.9,0.0,0.0,0.0
BTCUSDT,1782607500,2026-06-28 00:45:00+00:00,60150.0,60168.7,60110.2,60125.1,0.0,0.0,0.0
BTCUSDT,1782608400,2026-06-28 01:00:00+00:00,60125.1,60140.6,59950.0,60055.8,0.0,0.0,0.0
BTCUSDT,1782609300,2026-06-28 01:15:00+00:00,60055.8,60217.2,60034.8,60181.1,0.0,0.0,0.0
BTCUSDT,1782610200,2026-06-28 01:30:00+00:00,60181.0,60245.5,60159.8,60231.2,0.0,0.0,0.0
BTCUSDT,1782611100,2026-06-28 01:45:00+00:00,60231.1,60256.8,60175.2,60193.0,0.0,0.0,0.0
BTCUSDT,1782612000,2026-06-28 02:00:00+00:00,60193.1,60260.0,60193.0,60256.0,0.0,0.0,0.0
BTCUSDT,1782612900,2026-06-28 02:15:00+00:00,60256.0,60314.3,60017.2,60087.2,0.0,0.0,0.0
BTCUSDT,1782613800,2026-06-28 02:30:00+00:00,60087.2,60125.0,60066.4,60099.9,0.0,0.0,0.0
BTCUSDT,1782614700,2026-06-28 02:45:00+00:00,60100.0,60156.2,60074.1,60121.2,0.0,0.0,0.0
BTCUSDT,1782615600,2026-06-28 03:00:00+00:00,60121.2,60243.1,60121.2,60230.4,0.0,0.0,0.0
BTCUSDT,1782616500,2026-06-28 03:15:00+00:00,60230.5,60249.9,60145.9,60229.3,0.0,0.0,0.0
BTCUSDT,1782617400,2026-06-28 03:30:00+00:00,60229.4,60250.4,60146.9,60166.4,0.0,0.0,0.0
BTCUSDT,1782618300,2026-06-28 03:45:00+00:00,60166.4,60194.6,60128.2,60169.5,0.0,0.0,0.0
BTCUSDT,1782619200,2026-06-28 04:00:00+00:00,60169.5,60203.2,60105.7,60186.1,0.0,0.0,0.0
BTCUSDT,1782620100,2026-06-28 04:15:00+00:00,60186.2,60205.4,60165.1,60172.6,0.0,0.0,0.0
BTCUSDT,1782621000,2026-06-28 04:30:00+00:00,60172.5,60172.6,60060.0,60146.3,0.0,0.0,0.0
BTCUSDT,1782621900,2026-06-28 04:45:00+00:00,60146.3,60167.7,60093.0,60108.1,0.0,0.0,0.0
BTCUSDT,1782622800,2026-06-28 05:00:00+00:00,60108.0,60112.3,59934.3,59990.2,0.0,0.0,0.0
BTCUSDT,1782623700,2026-06-28 05:15:00+00:00,59990.2,59999.2,59714.8,59802.7,0.0,0.0,0.0
BTCUSDT,1782624600,2026-06-28 05:30:00+00:00,59802.7,59934.4,59760.1,59892.8,0.0,0.0,0.0
BTCUSDT,1782625500,2026-06-28 05:45:00+00:00,59892.8,59987.2,59891.7,59956.6,0.0,0.0,0.0
BTCUSDT,1782626400,2026-06-28 06:00:00+00:00,59956.6,59997.4,59810.1,59811.8,0.0,0.0,0.0
BTCUSDT,1782627300,2026-06-28 06:15:00+00:00,59811.7,59938.1,59772.9,59900.0,0.0,0.0,0.0
BTCUSDT,1782628200,2026-06-28 06:30:00+00:00,59899.9,59968.5,59893.6,59937.9,0.0,0.0,0.0
BTCUSDT,1782629100,2026-06-28 06:45:00+00:00,59937.9,60020.0,59928.1,59970.0,0.0,0.0,0.0
BTCUSDT,1782630000,2026-06-28 07:00:00+00:00,59970.0,60165.8,59965.8,60112.9,0.0,0.0,0.0
BTCUSDT,1782630900,2026-06-28 07:15:00+00:00,60112.9,60114.9,60073.3,60075.9,0.0,0.0,0.0
BTCUSDT,1782631800,2026-06-28 07:30:00+00:00,60076.0,60247.1,60073.4,60193.7,0.0,0.0,0.0
BTCUSDT,1782632700,2026-06-28 07:45:00+00:00,60193.7,60244.3,60166.6,60192.5,0.0,0.0,0.0
BTCUSDT,1782633600,2026-06-28 08:00:00+00:00,60192.4,60227.0,60109.5,60159.4,0.0,0.0,0.0
BTCUSDT,1782634500,2026-06-28 08:15:00+00:00,60159.5,60209.7,60132.5,60196.5,0.0,0.0,0.0
BTCUSDT,1782635400,2026-06-28 08:30:00+00:00,60196.4,60543.3,60196.4,60424.0,0.0,0.0,0.0
BTCUSDT,1782636300,2026-06-28 08:45:00+00:00,60424.0,60465.0,60340.0,60340.1,0.0,0.0,0.0
BTCUSDT,1782637200,2026-06-28 09:00:00+00:00,60340.1,60444.0,60263.4,60340.6,0.0,0.0,0.0
BTCUSDT,1782638100,2026-06-28 09:15:00+00:00,60340.6,60373.1,60286.2,60303.1,0.0,0.0,0.0
BTCUSDT,1782639000,2026-06-28 09:30:00+00:00,60303.1,60386.9,60283.0,60351.2,0.0,0.0,0.0
BTCUSDT,1782639900,2026-06-28 09:45:00+00:00,60351.2,60371.1,60223.1,60230.0,0.0,0.0,0.0
BTCUSDT,1782640800,2026-06-28 10:00:00+00:00,60230.0,60271.8,60154.4,60232.5,0.0,0.0,0.0
BTCUSDT,1782641700,2026-06-28 10:15:00+00:00,60232.4,60263.5,60037.0,60079.4,0.0,0.0,0.0
BTCUSDT,1782642600,2026-06-28 10:30:00+00:00,60079.5,60117.0,60046.0,60100.2,0.0,0.0,0.0
BTCUSDT,1782643500,2026-06-28 10:45:00+00:00,60100.3,60150.0,60100.2,60138.5,0.0,0.0,0.0
BTCUSDT,1782644400,2026-06-28 11:00:00+00:00,60138.4,60244.6,60091.4,60100.9,0.0,0.0,0.0
BTCUSDT,1782645300,2026-06-28 11:15:00+00:00,60100.9,60346.0,60098.8,60288.6,0.0,0.0,0.0
BTCUSDT,1782646200,2026-06-28 11:30:00+00:00,60288.5,60304.3,60235.4,60280.0,0.0,0.0,0.0
BTCUSDT,1782647100,2026-06-28 11:45:00+00:00,60279.9,60351.3,60228.6,60314.9,0.0,0.0,0.0
BTCUSDT,1782648000,2026-06-28 12:00:00+00:00,60315.0,60379.8,60265.1,60279.1,0.0,0.0,0.0
BTCUSDT,1782648900,2026-06-28 12:15:00+00:00,60279.1,60319.3,60161.2,60314.6,0.0,0.0,0.0
BTCUSDT,1782649800,2026-06-28 12:30:00+00:00,60314.7,60435.8,60174.6,60213.2,0.0,0.0,0.0
BTCUSDT,1782650700,2026-06-28 12:45:00+00:00,60213.3,60291.0,60213.2,60270.0,0.0,0.0,0.0
BTCUSDT,1782651600,2026-06-28 13:00:00+00:00,60269.9,60269.9,59934.3,60099.7,0.0,0.0,0.0
BTCUSDT,1782652500,2026-06-28 13:15:00+00:00,60099.7,60142.0,60045.0,60097.6,0.0,0.0,0.0
BTCUSDT,1782653400,2026-06-28 13:30:00+00:00,60097.6,60160.7,60012.2,60100.1,0.0,0.0,0.0
BTCUSDT,1782654300,2026-06-28 13:45:00+00:00,60100.1,60108.6,60031.5,60044.5,0.0,0.0,0.0
BTCUSDT,1782655200,2026-06-28 14:00:00+00:00,60044.6,60150.0,60003.6,60150.0,0.0,0.0,0.0
BTCUSDT,1782656100,2026-06-28 14:15:00+00:00,60150.0,60228.5,60070.3,60130.1,0.0,0.0,0.0
BTCUSDT,1782657000,2026-06-28 14:30:00+00:00,60130.2,60170.0,60050.4,60085.0,0.0,0.0,0.0
BTCUSDT,1782657900,2026-06-28 14:45:00+00:00,60085.0,60151.5,59983.0,59995.3,0.0,0.0,0.0
BTCUSDT,1782658800,2026-06-28 15:00:00+00:00,59995.2,60068.1,59852.0,60046.4,0.0,0.0,0.0
BTCUSDT,1782659700,2026-06-28 15:15:00+00:00,60046.3,60103.2,59971.8,60008.6,0.0,0.0,0.0
BTCUSDT,1782660600,2026-06-28 15:30:00+00:00,60008.6,60070.1,59866.6,59939.1,0.0,0.0,0.0
BTCUSDT,1782661500,2026-06-28 15:45:00+00:00,59939.0,59971.8,59781.8,59849.9,0.0,0.0,0.0
BTCUSDT,1782662400,2026-06-28 16:00:00+00:00,59850.0,59915.7,59770.9,59800.0,0.0,0.0,0.0
BTCUSDT,1782663300,2026-06-28 16:15:00+00:00,59800.1,59873.9,59645.0,59741.3,0.0,0.0,0.0
BTCUSDT,1782664200,2026-06-28 16:30:00+00:00,59741.3,59768.3,59573.8,59589.9,0.0,0.0,0.0
BTCUSDT,1782665100,2026-06-28 16:45:00+00:00,59589.9,59708.0,59550.0,59655.9,0.0,0.0,0.0
BTCUSDT,1782666000,2026-06-28 17:00:00+00:00,59655.9,59821.9,59523.0,59608.8,0.0,0.0,0.0
BTCUSDT,1782666900,2026-06-28 17:15:00+00:00,59608.9,59659.5,59563.6,59567.7,0.0,0.0,0.0
BTCUSDT,1782667800,2026-06-28 17:30:00+00:00,59567.8,59615.0,59366.6,59505.1,0.0,0.0,0.0
BTCUSDT,1782668700,2026-06-28 17:45:00+00:00,59505.0,59608.0,59488.0,59557.3,0.0,0.0,0.0
BTCUSDT,1782669600,2026-06-28 18:00:00+00:00,59557.3,59678.8,59544.8,59616.4,0.0,0.0,0.0
BTCUSDT,1782670500,2026-06-28 18:15:00+00:00,59616.4,59646.3,59566.0,59579.2,0.0,0.0,0.0
BTCUSDT,1782671400,2026-06-28 18:30:00+00:00,59579.1,59649.4,59544.3,59568.2,0.0,0.0,0.0
BTCUSDT,1782672300,2026-06-28 18:45:00+00:00,59568.3,59599.6,59466.9,59580.7,0.0,0.0,0.0
BTCUSDT,1782673200,2026-06-28 19:00:00+00:00,59580.7,59584.2,59430.2,59478.6,0.0,0.0,0.0
BTCUSDT,1782674100,2026-06-28 19:15:00+00:00,59478.6,59520.0,59407.6,59520.0,0.0,0.0,0.0
BTCUSDT,1782675000,2026-06-28 19:30:00+00:00,59520.0,59658.2,59388.0,59408.1,0.0,0.0,0.0
BTCUSDT,1782675900,2026-06-28 19:45:00+00:00,59408.1,59478.0,59224.6,59451.4,0.0,0.0,0.0
BTCUSDT,1782676800,2026-06-28 20:00:00+00:00,59451.3,59657.5,59443.8,59637.5,0.0,0.0,0.0
BTCUSDT,1782677700,2026-06-28 20:15:00+00:00,59637.4,59747.7,59627.6,59693.5,0.0,0.0,0.0
BTCUSDT,1782678600,2026-06-28 20:30:00+00:00,59693.5,59700.3,59606.3,59646.2,0.0,0.0,0.0
BTCUSDT,1782679500,2026-06-28 20:45:00+00:00,59646.2,59701.5,59623.3,59634.0,0.0,0.0,0.0
BTCUSDT,1782680400,2026-06-28 21:00:00+00:00,59634.1,59681.8,59623.0,59670.0,0.0,0.0,0.0
BTCUSDT,1782681300,2026-06-28 21:15:00+00:00,59670.0,59720.1,59633.9,59680.9,0.0,0.0,0.0
BTCUSDT,1782682200,2026-06-28 21:30:00+00:00,59681.0,59773.8,59628.6,59628.6,0.0,0.0,0.0
BTCUSDT,1782683100,2026-06-28 21:45:00+00:00,59628.6,59655.0,59300.0,59418.1,0.0,0.0,0.0
BTCUSDT,1782684000,2026-06-28 22:00:00+00:00,59418.1,59883.2,59418.1,59606.7,0.0,0.0,0.0
BTCUSDT,1782684900,2026-06-28 22:15:00+00:00,59606.7,59617.3,59121.8,59356.0,0.0,0.0,0.0
BTCUSDT,1782685800,2026-06-28 22:30:00+00:00,59356.1,59433.8,59041.8,59077.1,0.0,0.0,0.0
BTCUSDT,1782686700,2026-06-28 22:45:00+00:00,59077.1,59193.6,58888.0,59040.1,0.0,0.0,0.0
BTCUSDT,1782687600,2026-06-28 23:00:00+00:00,59040.0,59341.2,58975.0,59235.3,0.0,0.0,0.0
BTCUSDT,1782688500,2026-06-28 23:15:00+00:00,59235.3,59560.0,59218.7,59508.4,0.0,0.0,0.0
BTCUSDT,1782689400,2026-06-28 23:30:00+00:00,59508.3,59820.4,59496.4,59699.9,0.0,0.0,0.0
BTCUSDT,1782690300,2026-06-28 23:45:00+00:00,59699.9,59775.0,59544.7,59550.2,0.0,0.0,0.0
BTCUSDT,1782691200,2026-06-29 00:00:00+00:00,59550.2,59673.3,59237.6,59557.1,0.0,0.0,0.0
BTCUSDT,1782692100,2026-06-29 00:15:00+00:00,59557.1,59575.0,59165.3,59181.0,0.0,0.0,0.0
BTCUSDT,1782693000,2026-06-29 00:30:00+00:00,59181.0,59361.4,58978.2,59355.5,0.0,0.0,0.0
BTCUSDT,1782693900,2026-06-29 00:45:00+00:00,59355.4,59678.1,59145.1,59637.3,0.0,0.0,0.0
BTCUSDT,1782694800,2026-06-29 01:00:00+00:00,59637.3,59674.3,59427.4,59462.5,0.0,0.0,0.0
BTCUSDT,1782695700,2026-06-29 01:15:00+00:00,59462.5,59493.8,59204.5,59276.3,0.0,0.0,0.0
BTCUSDT,1782696600,2026-06-29 01:30:00+00:00,59276.3,59550.0,59170.5,59523.6,0.0,0.0,0.0
BTCUSDT,1782697500,2026-06-29 01:45:00+00:00,59523.6,59551.7,59403.8,59413.0,0.0,0.0,0.0
BTCUSDT,1782698400,2026-06-29 02:00:00+00:00,59413.0,59493.9,58850.0,58998.3,0.0,0.0,0.0
BTCUSDT,1782699300,2026-06-29 02:15:00+00:00,58998.3,59576.8,58950.3,59522.8,0.0,0.0,0.0
BTCUSDT,1782700200,2026-06-29 02:30:00+00:00,59522.8,59784.9,59477.0,59751.4,0.0,0.0,0.0
BTCUSDT,1782701100,2026-06-29 02:45:00+00:00,59751.4,59788.0,59679.9,59731.7,0.0,0.0,0.0
BTCUSDT,1782702000,2026-06-29 03:00:00+00:00,59731.8,60166.0,59731.8,59978.3,0.0,0.0,0.0
BTCUSDT,1782702900,2026-06-29 03:15:00+00:00,59978.2,60219.4,59942.3,60151.7,0.0,0.0,0.0
BTCUSDT,1782703800,2026-06-29 03:30:00+00:00,60151.8,60188.0,59846.6,59891.1,0.0,0.0,0.0
BTCUSDT,1782704700,2026-06-29 03:45:00+00:00,59891.0,60057.8,59850.3,60019.8,0.0,0.0,0.0
BTCUSDT,1782705600,2026-06-29 04:00:00+00:00,60019.9,60031.5,59875.0,59897.4,0.0,0.0,0.0
BTCUSDT,1782706500,2026-06-29 04:15:00+00:00,59897.4,59975.1,59810.5,59931.7,0.0,0.0,0.0
BTCUSDT,1782707400,2026-06-29 04:30:00+00:00,59931.8,59939.8,59717.0,59814.5,0.0,0.0,0.0
BTCUSDT,1782708300,2026-06-29 04:45:00+00:00,59814.5,59885.5,59756.8,59806.2,0.0,0.0,0.0
BTCUSDT,1782709200,2026-06-29 05:00:00+00:00,59806.2,59839.9,59360.3,59504.8,0.0,0.0,0.0
BTCUSDT,1782710100,2026-06-29 05:15:00+00:00,59504.9,59694.6,59500.9,59662.2,0.0,0.0,0.0
BTCUSDT,1782711000,2026-06-29 05:30:00+00:00,59662.1,59904.8,59616.5,59888.7,0.0,0.0,0.0
BTCUSDT,1782711900,2026-06-29 05:45:00+00:00,59888.6,60088.0,59873.8,60082.7,0.0,0.0,0.0
BTCUSDT,1782712800,2026-06-29 06:00:00+00:00,60082.7,60200.0,60056.9,60149.7,0.0,0.0,0.0
BTCUSDT,1782713700,2026-06-29 06:15:00+00:00,60149.7,60325.0,60094.3,60140.4,0.0,0.0,0.0
BTCUSDT,1782714600,2026-06-29 06:30:00+00:00,60140.4,60180.0,60043.6,60048.1,0.0,0.0,0.0
BTCUSDT,1782715500,2026-06-29 06:45:00+00:00,60048.2,60138.7,60022.2,60051.0,0.0,0.0,0.0
BTCUSDT,1782716400,2026-06-29 07:00:00+00:00,60051.1,60054.1,59900.7,60053.0,0.0,0.0,0.0
BTCUSDT,1782717300,2026-06-29 07:15:00+00:00,60053.0,60162.5,59992.6,60072.1,0.0,0.0,0.0
BTCUSDT,1782718200,2026-06-29 07:30:00+00:00,60072.2,60110.8,60017.8,60026.8,0.0,0.0,0.0
BTCUSDT,1782719100,2026-06-29 07:45:00+00:00,60026.8,60108.8,59998.9,59998.9,0.0,0.0,0.0
BTCUSDT,1782720000,2026-06-29 08:00:00+00:00,59998.9,60070.1,59868.5,59938.3,0.0,0.0,0.0
BTCUSDT,1782720900,2026-06-29 08:15:00+00:00,59938.2,60038.3,59781.8,59803.0,0.0,0.0,0.0
BTCUSDT,1782721800,2026-06-29 08:30:00+00:00,59802.8,59888.0,59712.8,59840.2,0.0,0.0,0.0
BTCUSDT,1782722700,2026-06-29 08:45:00+00:00,59840.1,59927.6,59805.0,59806.9,0.0,0.0,0.0
BTCUSDT,1782723600,2026-06-29 09:00:00+00:00,59806.9,59932.7,59777.8,59921.0,0.0,0.0,0.0
BTCUSDT,1782724500,2026-06-29 09:15:00+00:00,59921.0,60089.1,59750.1,59906.0,0.0,0.0,0.0
BTCUSDT,1782725400,2026-06-29 09:30:00+00:00,59906.0,59977.4,59856.2,59946.7,0.0,0.0,0.0
BTCUSDT,1782726300,2026-06-29 09:45:00+00:00,59946.7,60050.0,59895.2,60031.3,0.0,0.0,0.0
BTCUSDT,1782727200,2026-06-29 10:00:00+00:00,60031.3,60287.1,60031.3,60207.1,0.0,0.0,0.0
BTCUSDT,1782728100,2026-06-29 10:15:00+00:00,60207.1,60287.0,60154.2,60191.2,0.0,0.0,0.0
BTCUSDT,1782729000,2026-06-29 10:30:00+00:00,60191.3,60195.9,60048.3,60106.3,0.0,0.0,0.0
BTCUSDT,1782729900,2026-06-29 10:45:00+00:00,60106.3,60132.0,60037.0,60062.4,0.0,0.0,0.0
BTCUSDT,1782730800,2026-06-29 11:00:00+00:00,60062.3,60075.9,59919.0,59919.1,0.0,0.0,0.0
BTCUSDT,1782731700,2026-06-29 11:15:00+00:00,59919.1,59974.2,59850.2,59965.8,0.0,0.0,0.0
BTCUSDT,1782732600,2026-06-29 11:30:00+00:00,59965.7,60193.2,59784.0,59830.4,0.0,0.0,0.0
BTCUSDT,1782733500,2026-06-29 11:45:00+00:00,59830.4,59979.5,59770.4,59927.2,0.0,0.0,0.0
BTCUSDT,1782734400,2026-06-29 12:00:00+00:00,59927.2,60758.3,59552.6,60651.0,0.0,0.0,0.0
BTCUSDT,1782735300,2026-06-29 12:15:00+00:00,60651.1,60742.1,60383.8,60412.2,0.0,0.0,0.0
BTCUSDT,1782736200,2026-06-29 12:30:00+00:00,60412.3,60438.8,59774.0,59919.9,0.0,0.0,0.0
BTCUSDT,1782737100,2026-06-29 12:45:00+00:00,59920.0,60025.9,59749.0,59923.5,0.0,0.0,0.0
BTCUSDT,1782738000,2026-06-29 13:00:00+00:00,59923.5,60313.0,59923.5,60191.9,0.0,0.0,0.0
BTCUSDT,1782738900,2026-06-29 13:15:00+00:00,60191.9,60281.9,59933.8,59950.1,0.0,0.0,0.0
BTCUSDT,1782739800,2026-06-29 13:30:00+00:00,59950.0,60253.3,59421.0,59432.2,0.0,0.0,0.0
BTCUSDT,1782740700,2026-06-29 13:45:00+00:00,59432.2,59577.6,59302.8,59559.3,0.0,0.0,0.0
BTCUSDT,1782741600,2026-06-29 14:00:00+00:00,59559.4,59575.0,59063.0,59070.2,0.0,0.0,0.0
BTCUSDT,1782742500,2026-06-29 14:15:00+00:00,59070.1,59546.3,58988.0,59481.6,0.0,0.0,0.0
BTCUSDT,1782743400,2026-06-29 14:30:00+00:00,59481.6,59689.6,59285.7,59289.2,0.0,0.0,0.0
BTCUSDT,1782744300,2026-06-29 14:45:00+00:00,59289.1,59587.6,59221.2,59444.0,0.0,0.0,0.0
BTCUSDT,1782745200,2026-06-29 15:00:00+00:00,59444.1,59456.6,59067.6,59236.6,0.0,0.0,0.0
BTCUSDT,1782746100,2026-06-29 15:15:00+00:00,59236.7,59475.0,59111.4,59470.4,0.0,0.0,0.0
BTCUSDT,1782747000,2026-06-29 15:30:00+00:00,59470.5,59855.0,59470.5,59809.4,0.0,0.0,0.0
BTCUSDT,1782747900,2026-06-29 15:45:00+00:00,59809.4,59939.2,59735.5,59800.2,0.0,0.0,0.0
BTCUSDT,1782748800,2026-06-29 16:00:00+00:00,59800.3,59925.3,59684.2,59709.9,0.0,0.0,0.0
BTCUSDT,1782749700,2026-06-29 16:15:00+00:00,59709.9,59765.9,59562.6,59583.6,0.0,0.0,0.0
BTCUSDT,1782750600,2026-06-29 16:30:00+00:00,59583.6,59872.8,59583.6,59859.4,0.0,0.0,0.0
BTCUSDT,1782751500,2026-06-29 16:45:00+00:00,59859.5,59999.0,59803.0,59870.9,0.0,0.0,0.0
BTCUSDT,1782752400,2026-06-29 17:00:00+00:00,59870.9,60480.0,59870.9,60440.7,0.0,0.0,0.0
BTCUSDT,1782753300,2026-06-29 17:15:00+00:00,60440.7,60624.1,60380.2,60526.8,0.0,0.0,0.0
BTCUSDT,1782754200,2026-06-29 17:30:00+00:00,60526.8,60666.6,60368.0,60594.5,0.0,0.0,0.0
BTCUSDT,1782755100,2026-06-29 17:45:00+00:00,60594.6,60637.6,60376.8,60396.0,0.0,0.0,0.0
BTCUSDT,1782756000,2026-06-29 18:00:00+00:00,60396.0,60500.1,60300.3,60499.9,0.0,0.0,0.0
BTCUSDT,1782756900,2026-06-29 18:15:00+00:00,60500.0,60500.0,60200.5,60254.4,0.0,0.0,0.0
BTCUSDT,1782757800,2026-06-29 18:30:00+00:00,60254.4,60317.8,60179.8,60265.6,0.0,0.0,0.0
BTCUSDT,1782758700,2026-06-29 18:45:00+00:00,60265.5,60275.4,60150.2,60275.4,0.0,0.0,0.0
BTCUSDT,1782759600,2026-06-29 19:00:00+00:00,60275.4,60288.5,60127.4,60178.9,0.0,0.0,0.0
BTCUSDT,1782760500,2026-06-29 19:15:00+00:00,60178.9,60459.0,60164.0,60430.2,0.0,0.0,0.0
BTCUSDT,1782761400,2026-06-29 19:30:00+00:00,60430.2,60451.9,60284.0,60443.1,0.0,0.0,0.0
BTCUSDT,1782762300,2026-06-29 19:45:00+00:00,60443.0,60540.0,60389.8,60409.3,0.0,0.0,0.0
BTCUSDT,1782763200,2026-06-29 20:00:00+00:00,60409.3,60535.0,60400.0,60410.0,0.0,0.0,0.0
BTCUSDT,1782764100,2026-06-29 20:15:00+00:00,60409.9,60464.7,60334.4,60380.6,0.0,0.0,0.0
BTCUSDT,1782765000,2026-06-29 20:30:00+00:00,60380.6,60456.1,60371.9,60392.6,0.0,0.0,0.0
BTCUSDT,1782765900,2026-06-29 20:45:00+00:00,60392.7,60392.7,60265.1,60271.2,0.0,0.0,0.0
BTCUSDT,1782766800,2026-06-29 21:00:00+00:00,60271.2,60390.5,60232.1,60383.7,0.0,0.0,0.0
BTCUSDT,1782767700,2026-06-29 21:15:00+00:00,60383.8,60383.9,60276.1,60325.1,0.0,0.0,0.0
BTCUSDT,1782768600,2026-06-29 21:30:00+00:00,60325.1,60470.0,60325.1,60436.1,0.0,0.0,0.0
BTCUSDT,1782769500,2026-06-29 21:45:00+00:00,60436.1,60565.6,60434.3,60454.9,0.0,0.0,0.0
BTCUSDT,1782770400,2026-06-29 22:00:00+00:00,60454.9,60471.4,60333.1,60426.0,0.0,0.0,0.0
BTCUSDT,1782771300,2026-06-29 22:15:00+00:00,60426.0,60493.2,60400.0,60414.6,0.0,0.0,0.0
BTCUSDT,1782772200,2026-06-29 22:30:00+00:00,60414.5,60433.5,60314.0,60360.0,0.0,0.0,0.0
BTCUSDT,1782773100,2026-06-29 22:45:00+00:00,60360.0,60406.0,60319.0,60326.5,0.0,0.0,0.0
BTCUSDT,1782774000,2026-06-29 23:00:00+00:00,60326.4,60353.9,60300.0,60316.0,0.0,0.0,0.0
BTCUSDT,1782774900,2026-06-29 23:15:00+00:00,60316.1,60339.1,60134.0,60199.5,0.0,0.0,0.0
BTCUSDT,1782775800,2026-06-29 23:30:00+00:00,60199.5,60267.6,60185.6,60219.5,0.0,0.0,0.0
BTCUSDT,1782776700,2026-06-29 23:45:00+00:00,60219.5,60265.5,60185.0,60224.7,0.0,0.0,0.0
BTCUSDT,1782777600,2026-06-30 00:00:00+00:00,60224.7,60250.0,60110.0,60171.0,0.0,0.0,0.0
BTCUSDT,1782778500,2026-06-30 00:15:00+00:00,60171.1,60207.0,59888.0,59908.5,0.0,0.0,0.0
BTCUSDT,1782779400,2026-06-30 00:30:00+00:00,59908.4,59911.3,59667.5,59747.6,0.0,0.0,0.0
BTCUSDT,1782780300,2026-06-30 00:45:00+00:00,59747.5,59920.8,59721.9,59806.1,0.0,0.0,0.0
BTCUSDT,1782781200,2026-06-30 01:00:00+00:00,59806.1,59841.0,59740.0,59797.8,0.0,0.0,0.0
BTCUSDT,1782782100,2026-06-30 01:15:00+00:00,59797.8,60023.9,59779.2,60010.2,0.0,0.0,0.0
BTCUSDT,1782783000,2026-06-30 01:30:00+00:00,60010.2,60024.9,59759.8,59804.0,0.0,0.0,0.0
BTCUSDT,1782783900,2026-06-30 01:45:00+00:00,59804.0,59922.2,59801.2,59919.6,0.0,0.0,0.0
BTCUSDT,1782784800,2026-06-30 02:00:00+00:00,59919.6,59928.0,59740.1,59761.2,0.0,0.0,0.0
BTCUSDT,1782785700,2026-06-30 02:15:00+00:00,59761.3,59968.0,59719.6,59947.2,0.0,0.0,0.0
BTCUSDT,1782786600,2026-06-30 02:30:00+00:00,59947.3,60004.3,59892.0,59985.6,0.0,0.0,0.0
BTCUSDT,1782787500,2026-06-30 02:45:00+00:00,59985.5,60021.4,59907.4,59920.4,0.0,0.0,0.0
BTCUSDT,1782788400,2026-06-30 03:00:00+00:00,59920.4,59959.7,59832.1,59877.8,0.0,0.0,0.0
BTCUSDT,1782789300,2026-06-30 03:15:00+00:00,59877.8,60007.9,59791.3,59832.9,0.0,0.0,0.0
BTCUSDT,1782790200,2026-06-30 03:30:00+00:00,59832.8,59832.9,59713.8,59714.0,0.0,0.0,0.0
BTCUSDT,1782791100,2026-06-30 03:45:00+00:00,59714.0,59714.0,59570.0,59596.1,0.0,0.0,0.0
BTCUSDT,1782792000,2026-06-30 04:00:00+00:00,59596.1,59601.4,59400.0,59529.6,0.0,0.0,0.0
BTCUSDT,1782792900,2026-06-30 04:15:00+00:00,59529.6,59554.5,59410.0,59521.6,0.0,0.0,0.0
BTCUSDT,1782793800,2026-06-30 04:30:00+00:00,59521.5,59672.1,59509.9,59580.2,0.0,0.0,0.0
BTCUSDT,1782794700,2026-06-30 04:45:00+00:00,59580.2,59580.2,59418.3,59458.3,0.0,0.0,0.0
BTCUSDT,1782795600,2026-06-30 05:00:00+00:00,59458.3,59511.1,59329.2,59410.7,0.0,0.0,0.0
BTCUSDT,1782796500,2026-06-30 05:15:00+00:00,59410.8,59470.3,59343.0,59356.4,0.0,0.0,0.0
BTCUSDT,1782797400,2026-06-30 05:30:00+00:00,59356.4,59550.7,59330.0,59541.2,0.0,0.0,0.0
BTCUSDT,1782798300,2026-06-30 05:45:00+00:00,59541.2,59633.5,59523.4,59627.7,0.0,0.0,0.0
BTCUSDT,1782799200,2026-06-30 06:00:00+00:00,59627.8,59649.7,59508.8,59546.9,0.0,0.0,0.0
BTCUSDT,1782800100,2026-06-30 06:15:00+00:00,59546.9,59698.9,59488.6,59669.2,0.0,0.0,0.0
BTCUSDT,1782801000,2026-06-30 06:30:00+00:00,59669.1,59691.6,59520.5,59541.6,0.0,0.0,0.0
BTCUSDT,1782801900,2026-06-30 06:45:00+00:00,59541.7,59585.3,59524.9,59571.7,0.0,0.0,0.0
BTCUSDT,1782802800,2026-06-30 07:00:00+00:00,59571.6,59611.7,59423.3,59471.6,0.0,0.0,0.0
BTCUSDT,1782803700,2026-06-30 07:15:00+00:00,59471.6,59556.8,59430.0,59450.8,0.0,0.0,0.0
BTCUSDT,1782804600,2026-06-30 07:30:00+00:00,59450.8,59547.0,59441.6,59490.3,0.0,0.0,0.0
BTCUSDT,1782805500,2026-06-30 07:45:00+00:00,59490.3,59541.1,59440.5,59497.7,0.0,0.0,0.0
BTCUSDT,1782806400,2026-06-30 08:00:00+00:00,59497.7,59532.7,59405.0,59405.0,0.0,0.0,0.0
BTCUSDT,1782807300,2026-06-30 08:15:00+00:00,59405.0,59419.2,59335.0,59383.9,0.0,0.0,0.0
BTCUSDT,1782808200,2026-06-30 08:30:00+00:00,59384.0,59420.2,59188.0,59250.2,0.0,0.0,0.0
BTCUSDT,1782809100,2026-06-30 08:45:00+00:00,59250.1,59362.7,59159.0,59285.8,0.0,0.0,0.0
BTCUSDT,1782810000,2026-06-30 09:00:00+00:00,59285.8,59379.0,59256.5,59323.3,0.0,0.0,0.0
BTCUSDT,1782810900,2026-06-30 09:15:00+00:00,59323.3,59349.9,59236.6,59275.3,0.0,0.0,0.0
BTCUSDT,1782811800,2026-06-30 09:30:00+00:00,59275.4,59370.1,59225.0,59331.4,0.0,0.0,0.0
BTCUSDT,1782812700,2026-06-30 09:45:00+00:00,59331.5,59397.0,59331.4,59348.7,0.0,0.0,0.0
BTCUSDT,1782813600,2026-06-30 10:00:00+00:00,59348.7,59403.0,59285.7,59342.4,0.0,0.0,0.0
BTCUSDT,1782814500,2026-06-30 10:15:00+00:00,59342.4,59400.0,59308.6,59344.4,0.0,0.0,0.0
BTCUSDT,1782815400,2026-06-30 10:30:00+00:00,59344.3,59347.7,59264.5,59308.8,0.0,0.0,0.0
BTCUSDT,1782816300,2026-06-30 10:45:00+00:00,59308.9,59378.8,59265.0,59303.6,0.0,0.0,0.0
BTCUSDT,1782817200,2026-06-30 11:00:00+00:00,59303.7,59399.3,59294.5,59357.8,0.0,0.0,0.0
BTCUSDT,1782818100,2026-06-30 11:15:00+00:00,59357.9,59367.7,59161.7,59191.1,0.0,0.0,0.0
BTCUSDT,1782819000,2026-06-30 11:30:00+00:00,59191.2,59247.7,59100.0,59218.6,0.0,0.0,0.0
BTCUSDT,1782819900,2026-06-30 11:45:00+00:00,59218.6,59316.3,59130.0,59162.3,0.0,0.0,0.0
BTCUSDT,1782820800,2026-06-30 12:00:00+00:00,59162.2,59162.3,58955.6,58987.8,0.0,0.0,0.0
BTCUSDT,1782821700,2026-06-30 12:15:00+00:00,58987.7,59046.3,58724.5,58832.8,0.0,0.0,0.0
BTCUSDT,1782822600,2026-06-30 12:30:00+00:00,58832.9,58861.7,58745.0,58813.2,0.0,0.0,0.0
BTCUSDT,1782823500,2026-06-30 12:45:00+00:00,58813.3,58828.8,58351.0,58374.8,0.0,0.0,0.0
BTCUSDT,1782824400,2026-06-30 13:00:00+00:00,58374.9,58621.2,58285.0,58430.3,0.0,0.0,0.0
BTCUSDT,1782825300,2026-06-30 13:15:00+00:00,58430.4,58570.1,58401.5,58484.9,0.0,0.0,0.0
BTCUSDT,1782826200,2026-06-30 13:30:00+00:00,58484.9,58732.0,58200.0,58535.1,0.0,0.0,0.0
BTCUSDT,1782827100,2026-06-30 13:45:00+00:00,58535.0,58791.7,58431.4,58711.9,0.0,0.0,0.0
BTCUSDT,1782828000,2026-06-30 14:00:00+00:00,58711.8,59264.4,58627.6,58971.7,0.0,0.0,0.0
BTCUSDT,1782828900,2026-06-30 14:15:00+00:00,58971.7,59125.4,58858.0,59014.2,0.0,0.0,0.0
BTCUSDT,1782829800,2026-06-30 14:30:00+00:00,59014.1,59079.8,58550.0,58894.8,0.0,0.0,0.0
BTCUSDT,1782830700,2026-06-30 14:45:00+00:00,58894.8,58894.8,58400.1,58458.6,0.0,0.0,0.0
BTCUSDT,1782831600,2026-06-30 15:00:00+00:00,58458.7,58579.4,58171.0,58419.9,0.0,0.0,0.0
BTCUSDT,1782832500,2026-06-30 15:15:00+00:00,58420.0,58452.4,58160.0,58359.3,0.0,0.0,0.0
BTCUSDT,1782833400,2026-06-30 15:30:00+00:00,58359.4,58479.6,58232.0,58415.2,0.0,0.0,0.0
BTCUSDT,1782834300,2026-06-30 15:45:00+00:00,58415.2,58785.6,58318.2,58356.2,0.0,0.0,0.0
BTCUSDT,1782835200,2026-06-30 16:00:00+00:00,58356.2,58617.4,58330.8,58383.2,0.0,0.0,0.0
BTCUSDT,1782836100,2026-06-30 16:15:00+00:00,58383.1,58453.6,58223.3,58293.7,0.0,0.0,0.0
BTCUSDT,1782837000,2026-06-30 16:30:00+00:00,58293.7,58460.9,58232.3,58307.1,0.0,0.0,0.0
BTCUSDT,1782837900,2026-06-30 16:45:00+00:00,58307.2,58555.3,58307.2,58479.3,0.0,0.0,0.0
BTCUSDT,1782838800,2026-06-30 17:00:00+00:00,58479.2,58604.8,58364.0,58387.9,0.0,0.0,0.0
BTCUSDT,1782839700,2026-06-30 17:15:00+00:00,58387.9,58464.9,58341.6,58372.4,0.0,0.0,0.0
BTCUSDT,1782840600,2026-06-30 17:30:00+00:00,58372.5,58439.5,58311.0,58355.5,0.0,0.0,0.0
BTCUSDT,1782841500,2026-06-30 17:45:00+00:00,58355.5,58410.8,58290.0,58396.7,0.0,0.0,0.0
BTCUSDT,1782842400,2026-06-30 18:00:00+00:00,58396.8,58476.7,58334.0,58451.8,0.0,0.0,0.0
BTCUSDT,1782843300,2026-06-30 18:15:00+00:00,58451.8,58675.0,58401.4,58513.3,0.0,0.0,0.0
BTCUSDT,1782844200,2026-06-30 18:30:00+00:00,58513.3,58536.9,58358.1,58436.4,0.0,0.0,0.0
BTCUSDT,1782845100,2026-06-30 18:45:00+00:00,58436.4,58667.1,58436.4,58659.8,0.0,0.0,0.0
BTCUSDT,1782846000,2026-06-30 19:00:00+00:00,58659.9,58722.4,58566.3,58633.0,0.0,0.0,0.0
BTCUSDT,1782846900,2026-06-30 19:15:00+00:00,58633.0,58650.0,58560.0,58649.4,0.0,0.0,0.0
BTCUSDT,1782847800,2026-06-30 19:30:00+00:00,58649.3,58797.3,58634.3,58734.2,0.0,0.0,0.0
BTCUSDT,1782848700,2026-06-30 19:45:00+00:00,58734.2,58819.9,58668.9,58794.4,0.0,0.0,0.0
BTCUSDT,1782849600,2026-06-30 20:00:00+00:00,58794.0,58850.0,58712.5,58838.4,0.0,0.0,0.0
BTCUSDT,1782850500,2026-06-30 20:15:00+00:00,58838.3,58839.8,58670.9,58718.9,0.0,0.0,0.0
BTCUSDT,1782851400,2026-06-30 20:30:00+00:00,58718.9,58718.9,58621.3,58633.1,0.0,0.0,0.0
BTCUSDT,1782852300,2026-06-30 20:45:00+00:00,58633.2,58770.3,58621.7,58708.0,0.0,0.0,0.0
BTCUSDT,1782853200,2026-06-30 21:00:00+00:00,58708.0,58744.3,58525.7,58555.8,0.0,0.0,0.0
BTCUSDT,1782854100,2026-06-30 21:15:00+00:00,58555.7,58614.6,58472.3,58567.8,0.0,0.0,0.0
BTCUSDT,1782855000,2026-06-30 21:30:00+00:00,58567.7,58636.9,58552.0,58560.3,0.0,0.0,0.0
BTCUSDT,1782855900,2026-06-30 21:45:00+00:00,58560.3,58627.8,58486.3,58612.1,0.0,0.0,0.0
BTCUSDT,1782856800,2026-06-30 22:00:00+00:00,58612.3,58718.5,58612.3,58703.8,0.0,0.0,0.0
BTCUSDT,1782857700,2026-06-30 22:15:00+00:00,58703.8,58780.0,58618.0,58623.6,0.0,0.0,0.0
BTCUSDT,1782858600,2026-06-30 22:30:00+00:00,58623.7,58623.7,58477.1,58572.7,0.0,0.0,0.0
BTCUSDT,1782859500,2026-06-30 22:45:00+00:00,58572.8,58600.0,58512.0,58575.8,0.0,0.0,0.0
BTCUSDT,1782860400,2026-06-30 23:00:00+00:00,58575.7,58620.0,58518.8,58580.0,0.0,0.0,0.0
BTCUSDT,1782861300,2026-06-30 23:15:00+00:00,58579.9,58629.5,58550.0,58586.0,0.0,0.0,0.0
BTCUSDT,1782862200,2026-06-30 23:30:00+00:00,58586.0,58616.3,58536.4,58581.8,0.0,0.0,0.0
BTCUSDT,1782863100,2026-06-30 23:45:00+00:00,58581.8,58636.7,58556.2,58605.4,0.0,0.0,0.0
BTCUSDT,1782864000,2026-07-01 00:00:00+00:00,58605.4,58720.0,58571.6,58618.1,0.0,0.0,0.0
BTCUSDT,1782864900,2026-07-01 00:15:00+00:00,58618.1,58653.8,58270.0,58360.6,0.0,0.0,0.0
BTCUSDT,1782865800,2026-07-01 00:30:00+00:00,58360.6,58553.5,58360.6,58454.9,0.0,0.0,0.0
BTCUSDT,1782866700,2026-07-01 00:45:00+00:00,58454.8,58598.2,58439.5,58548.7,0.0,0.0,0.0
BTCUSDT,1782867600,2026-07-01 01:00:00+00:00,58548.7,58557.1,57758.6,58137.2,0.0,0.0,0.0
BTCUSDT,1782868500,2026-07-01 01:15:00+00:00,58137.3,58377.0,58000.0,58318.2,0.0,0.0,0.0
BTCUSDT,1782869400,2026-07-01 01:30:00+00:00,58318.3,58981.0,58300.0,58872.0,0.0,0.0,0.0
BTCUSDT,1782870300,2026-07-01 01:45:00+00:00,58872.1,58991.6,58685.4,58741.7,0.0,0.0,0.0
BTCUSDT,1782871200,2026-07-01 02:00:00+00:00,58741.8,58843.1,58632.4,58774.0,0.0,0.0,0.0
BTCUSDT,1782872100,2026-07-01 02:15:00+00:00,58774.0,58999.0,58755.0,58923.7,0.0,0.0,0.0
BTCUSDT,1782873000,2026-07-01 02:30:00+00:00,58923.7,59151.9,58887.9,59111.2,0.0,0.0,0.0
BTCUSDT,1782873900,2026-07-01 02:45:00+00:00,59111.3,59152.0,58979.4,59063.3,0.0,0.0,0.0
BTCUSDT,1782874800,2026-07-01 03:00:00+00:00,59063.3,59097.1,58965.2,58968.0,0.0,0.0,0.0
BTCUSDT,1782875700,2026-07-01 03:15:00+00:00,58968.1,58982.0,58861.5,58901.6,0.0,0.0,0.0
BTCUSDT,1782876600,2026-07-01 03:30:00+00:00,58901.7,59126.0,58823.9,58915.7,0.0,0.0,0.0
BTCUSDT,1782877500,2026-07-01 03:45:00+00:00,58915.7,59298.4,58903.4,59169.6,0.0,0.0,0.0
BTCUSDT,1782878400,2026-07-01 04:00:00+00:00,59169.7,59171.2,59030.9,59087.7,0.0,0.0,0.0
BTCUSDT,1782879300,2026-07-01 04:15:00+00:00,59087.7,59250.0,59069.0,59248.3,0.0,0.0,0.0
BTCUSDT,1782880200,2026-07-01 04:30:00+00:00,59248.4,59349.6,59172.2,59329.4,0.0,0.0,0.0
BTCUSDT,1782881100,2026-07-01 04:45:00+00:00,59329.3,59444.5,59270.9,59311.2,0.0,0.0,0.0
BTCUSDT,1782882000,2026-07-01 05:00:00+00:00,59311.1,59350.0,59214.0,59257.9,0.0,0.0,0.0
BTCUSDT,1782882900,2026-07-01 05:15:00+00:00,59258.0,59329.8,59085.0,59148.8,0.0,0.0,0.0
BTCUSDT,1782883800,2026-07-01 05:30:00+00:00,59148.8,59178.5,59090.9,59163.3,0.0,0.0,0.0
BTCUSDT,1782884700,2026-07-01 05:45:00+00:00,59163.3,59177.3,59100.4,59122.4,0.0,0.0,0.0
BTCUSDT,1782885600,2026-07-01 06:00:00+00:00,59122.3,59130.0,58881.0,58920.9,0.0,0.0,0.0
BTCUSDT,1782886500,2026-07-01 06:15:00+00:00,58920.9,58943.5,58655.3,58759.9,0.0,0.0,0.0
BTCUSDT,1782887400,2026-07-01 06:30:00+00:00,58760.0,58804.8,58500.1,58670.9,0.0,0.0,0.0
BTCUSDT,1782888300,2026-07-01 06:45:00+00:00,58670.8,58752.9,58582.6,58726.8,0.0,0.0,0.0
BTCUSDT,1782889200,2026-07-01 07:00:00+00:00,58726.7,58765.6,58567.2,58651.9,0.0,0.0,0.0
BTCUSDT,1782890100,2026-07-01 07:15:00+00:00,58652.0,58797.6,58606.3,58709.3,0.0,0.0,0.0
BTCUSDT,1782891000,2026-07-01 07:30:00+00:00,58709.3,58728.8,58611.2,58663.1,0.0,0.0,0.0
BTCUSDT,1782891900,2026-07-01 07:45:00+00:00,58663.1,58778.2,58638.0,58744.4,0.0,0.0,0.0
BTCUSDT,1782892800,2026-07-01 08:00:00+00:00,58744.4,58789.1,58628.5,58667.6,0.0,0.0,0.0
BTCUSDT,1782893700,2026-07-01 08:15:00+00:00,58667.6,58698.5,58568.1,58590.3,0.0,0.0,0.0
BTCUSDT,1782894600,2026-07-01 08:30:00+00:00,58590.3,58723.0,58450.7,58713.4,0.0,0.0,0.0
BTCUSDT,1782895500,2026-07-01 08:45:00+00:00,58713.4,58965.0,58651.0,58950.8,0.0,0.0,0.0
BTCUSDT,1782896400,2026-07-01 09:00:00+00:00,58950.8,59069.7,58865.9,58929.9,0.0,0.0,0.0
BTCUSDT,1782897300,2026-07-01 09:15:00+00:00,58930.0,58976.0,58841.3,58869.4,0.0,0.0,0.0
BTCUSDT,1782898200,2026-07-01 09:30:00+00:00,58869.3,58920.7,58792.8,58859.6,0.0,0.0,0.0
BTCUSDT,1782899100,2026-07-01 09:45:00+00:00,58859.7,58950.0,58818.1,58921.4,0.0,0.0,0.0
BTCUSDT,1782900000,2026-07-01 10:00:00+00:00,58921.4,58923.3,58724.2,58733.7,0.0,0.0,0.0
BTCUSDT,1782900900,2026-07-01 10:15:00+00:00,58733.8,58768.5,58634.0,58715.4,0.0,0.0,0.0
BTCUSDT,1782901800,2026-07-01 10:30:00+00:00,58715.5,58730.6,58590.9,58593.6,0.0,0.0,0.0
BTCUSDT,1782902700,2026-07-01 10:45:00+00:00,58593.6,58685.4,58591.5,58631.6,0.0,0.0,0.0
BTCUSDT,1782903600,2026-07-01 11:00:00+00:00,58631.6,58719.7,58560.0,58679.9,0.0,0.0,0.0
BTCUSDT,1782904500,2026-07-01 11:15:00+00:00,58679.9,58733.5,58650.0,58673.6,0.0,0.0,0.0
BTCUSDT,1782905400,2026-07-01 11:30:00+00:00,58673.7,58717.1,58600.1,58656.9,0.0,0.0,0.0
BTCUSDT,1782906300,2026-07-01 11:45:00+00:00,58656.9,58678.1,58524.2,58592.9,0.0,0.0,0.0
BTCUSDT,1782907200,2026-07-01 12:00:00+00:00,58592.8,58655.6,58350.9,58422.9,0.0,0.0,0.0
BTCUSDT,1782908100,2026-07-01 12:15:00+00:00,58422.9,58569.3,58422.9,58526.0,0.0,0.0,0.0
BTCUSDT,1782909000,2026-07-01 12:30:00+00:00,58526.1,58570.2,58344.2,58373.0,0.0,0.0,0.0
BTCUSDT,1782909900,2026-07-01 12:45:00+00:00,58373.0,58510.4,58294.1,58495.6,0.0,0.0,0.0
BTCUSDT,1782910800,2026-07-01 13:00:00+00:00,58495.6,58738.9,58495.5,58639.2,0.0,0.0,0.0
BTCUSDT,1782911700,2026-07-01 13:15:00+00:00,58639.2,58879.6,58623.8,58790.6,0.0,0.0,0.0
BTCUSDT,1782912600,2026-07-01 13:30:00+00:00,58790.5,59051.0,58571.0,58989.1,0.0,0.0,0.0
BTCUSDT,1782913500,2026-07-01 13:45:00+00:00,58989.0,59486.7,58906.6,59463.1,0.0,0.0,0.0
BTCUSDT,1782914400,2026-07-01 14:00:00+00:00,59463.0,59966.0,59239.9,59948.6,0.0,0.0,0.0
BTCUSDT,1782915300,2026-07-01 14:15:00+00:00,59948.8,60067.9,59753.1,59756.4,0.0,0.0,0.0
BTCUSDT,1782916200,2026-07-01 14:30:00+00:00,59756.5,59794.2,59510.1,59583.0,0.0,0.0,0.0
BTCUSDT,1782917100,2026-07-01 14:45:00+00:00,59582.9,59746.1,59392.8,59523.8,0.0,0.0,0.0
BTCUSDT,1782918000,2026-07-01 15:00:00+00:00,59523.7,59971.7,59496.9,59895.0,0.0,0.0,0.0
BTCUSDT,1782918900,2026-07-01 15:15:00+00:00,59895.1,60520.0,59822.2,60288.4,0.0,0.0,0.0
BTCUSDT,1782919800,2026-07-01 15:30:00+00:00,60288.5,60355.9,60099.1,60192.9,0.0,0.0,0.0
BTCUSDT,1782920700,2026-07-01 15:45:00+00:00,60192.9,60223.8,60050.9,60118.5,0.0,0.0,0.0
BTCUSDT,1782921600,2026-07-01 16:00:00+00:00,60118.6,60207.4,60041.1,60111.4,0.0,0.0,0.0
BTCUSDT,1782922500,2026-07-01 16:15:00+00:00,60111.4,60244.0,59925.0,60114.6,0.0,0.0,0.0
BTCUSDT,1782923400,2026-07-01 16:30:00+00:00,60114.6,60152.9,60000.0,60060.1,0.0,0.0,0.0
BTCUSDT,1782924300,2026-07-01 16:45:00+00:00,60060.0,60070.0,59836.1,59902.8,0.0,0.0,0.0
BTCUSDT,1782925200,2026-07-01 17:00:00+00:00,59902.9,59917.0,59762.6,59876.1,0.0,0.0,0.0
BTCUSDT,1782926100,2026-07-01 17:15:00+00:00,59876.1,60186.1,59876.1,60126.0,0.0,0.0,0.0
BTCUSDT,1782927000,2026-07-01 17:30:00+00:00,60126.1,60218.2,60060.7,60128.3,0.0,0.0,0.0
BTCUSDT,1782927900,2026-07-01 17:45:00+00:00,60128.4,60213.1,60119.6,60166.5,0.0,0.0,0.0
BTCUSDT,1782928800,2026-07-01 18:00:00+00:00,60166.5,60198.6,59992.7,60050.3,0.0,0.0,0.0
BTCUSDT,1782929700,2026-07-01 18:15:00+00:00,60050.3,60169.2,60017.7,60120.0,0.0,0.0,0.0
BTCUSDT,1782930600,2026-07-01 18:30:00+00:00,60120.0,60219.1,60055.1,60199.8,0.0,0.0,0.0
BTCUSDT,1782931500,2026-07-01 18:45:00+00:00,60199.8,60278.9,60050.0,60141.5,0.0,0.0,0.0
BTCUSDT,1782932400,2026-07-01 19:00:00+00:00,60141.5,60276.6,60136.7,60256.7,0.0,0.0,0.0
BTCUSDT,1782933300,2026-07-01 19:15:00+00:00,60256.7,60332.8,60075.0,60130.4,0.0,0.0,0.0
BTCUSDT,1782934200,2026-07-01 19:30:00+00:00,60130.3,60255.3,60120.5,60185.9,0.0,0.0,0.0
BTCUSDT,1782935100,2026-07-01 19:45:00+00:00,60185.9,60185.9,59952.3,60000.0,0.0,0.0,0.0
BTCUSDT,1782936000,2026-07-01 20:00:00+00:00,60000.0,60030.1,59875.2,59969.3,0.0,0.0,0.0
BTCUSDT,1782936900,2026-07-01 20:15:00+00:00,59969.3,59997.0,59844.5,59948.1,0.0,0.0,0.0
BTCUSDT,1782937800,2026-07-01 20:30:00+00:00,59948.1,60049.1,59930.0,60010.5,0.0,0.0,0.0
BTCUSDT,1782938700,2026-07-01 20:45:00+00:00,60010.5,60170.3,60003.5,60100.3,0.0,0.0,0.0
BTCUSDT,1782939600,2026-07-01 21:00:00+00:00,60100.3,60443.7,60092.7,60427.1,0.0,0.0,0.0
BTCUSDT,1782940500,2026-07-01 21:15:00+00:00,60427.1,60595.0,60304.1,60504.5,0.0,0.0,0.0
BTCUSDT,1782941400,2026-07-01 21:30:00+00:00,60504.5,60827.8,60504.4,60788.8,0.0,0.0,0.0
BTCUSDT,1782942300,2026-07-01 21:45:00+00:00,60788.7,60800.0,60749.6,60799.9,0.0,0.0,0.0
BTCUSDT,1782943200,2026-07-01 22:00:00+00:00,60799.9,60800.0,60766.6,60799.9,0.0,0.0,0.0
BTCUSDT,1782944100,2026-07-01 22:15:00+00:00,60799.9,61322.0,60512.2,60521.6,0.0,0.0,0.0
BTCUSDT,1782945000,2026-07-01 22:30:00+00:00,60521.6,60655.9,60422.8,60469.0,0.0,0.0,0.0
BTCUSDT,1782945900,2026-07-01 22:45:00+00:00,60468.9,60484.8,60319.3,60446.3,0.0,0.0,0.0
BTCUSDT,1782946800,2026-07-01 23:00:00+00:00,60446.3,60446.3,60202.6,60217.2,0.0,0.0,0.0
BTCUSDT,1782947700,2026-07-01 23:15:00+00:00,60217.1,60345.2,60168.8,60182.8,0.0,0.0,0.0
BTCUSDT,1782948600,2026-07-01 23:30:00+00:00,60182.8,60237.2,60015.8,60120.5,0.0,0.0,0.0
BTCUSDT,1782949500,2026-07-01 23:45:00+00:00,60120.6,60137.6,59949.2,59999.6,0.0,0.0,0.0
BTCUSDT,1782950400,2026-07-02 00:00:00+00:00,59999.7,60005.7,59867.2,59914.6,0.0,0.0,0.0
BTCUSDT,1782951300,2026-07-02 00:15:00+00:00,59914.6,59943.0,59708.2,59752.6,0.0,0.0,0.0
BTCUSDT,1782952200,2026-07-02 00:30:00+00:00,59752.5,59763.6,59555.0,59593.8,0.0,0.0,0.0
BTCUSDT,1782953100,2026-07-02 00:45:00+00:00,59593.9,59827.4,59593.9,59719.7,0.0,0.0,0.0
BTCUSDT,1782954000,2026-07-02 01:00:00+00:00,59719.7,59910.0,59688.9,59895.2,0.0,0.0,0.0
BTCUSDT,1782954900,2026-07-02 01:15:00+00:00,59895.2,59994.2,59807.7,59993.0,0.0,0.0,0.0
BTCUSDT,1782955800,2026-07-02 01:30:00+00:00,59992.9,60298.0,59992.9,60167.2,0.0,0.0,0.0
BTCUSDT,1782956700,2026-07-02 01:45:00+00:00,60167.2,60290.6,60056.9,60150.0,0.0,0.0,0.0
BTCUSDT,1782957600,2026-07-02 02:00:00+00:00,60149.9,60172.0,59978.3,60115.7,0.0,0.0,0.0
BTCUSDT,1782958500,2026-07-02 02:15:00+00:00,60115.7,60240.0,60106.9,60180.0,0.0,0.0,0.0
BTCUSDT,1782959400,2026-07-02 02:30:00+00:00,60180.1,60387.9,60149.9,60379.4,0.0,0.0,0.0
BTCUSDT,1782960300,2026-07-02 02:45:00+00:00,60379.4,60467.2,60302.0,60392.5,0.0,0.0,0.0
BTCUSDT,1782961200,2026-07-02 03:00:00+00:00,60392.4,60450.0,60358.3,60450.0,0.0,0.0,0.0
BTCUSDT,1782962100,2026-07-02 03:15:00+00:00,60449.9,60690.9,60259.1,60520.4,0.0,0.0,0.0
BTCUSDT,1782963000,2026-07-02 03:30:00+00:00,60520.4,60785.4,60450.4,60781.3,0.0,0.0,0.0
BTCUSDT,1782963900,2026-07-02 03:45:00+00:00,60781.3,61102.5,60702.9,61032.9,0.0,0.0,0.0
BTCUSDT,1782964800,2026-07-02 04:00:00+00:00,61032.9,61033.0,60839.4,60916.1,0.0,0.0,0.0
BTCUSDT,1782965700,2026-07-02 04:15:00+00:00,60916.0,60955.7,60766.0,60830.4,0.0,0.0,0.0
BTCUSDT,1782966600,2026-07-02 04:30:00+00:00,60830.5,60830.5,60703.1,60749.8,0.0,0.0,0.0
BTCUSDT,1782967500,2026-07-02 04:45:00+00:00,60749.8,60861.9,60716.5,60757.7,0.0,0.0,0.0
BTCUSDT,1782968400,2026-07-02 05:00:00+00:00,60757.6,60843.1,60613.9,60837.9,0.0,0.0,0.0
BTCUSDT,1782969300,2026-07-02 05:15:00+00:00,60837.8,60852.9,60706.1,60720.7,0.0,0.0,0.0
BTCUSDT,1782970200,2026-07-02 05:30:00+00:00,60720.7,60850.0,60564.5,60583.4,0.0,0.0,0.0
BTCUSDT,1782971100,2026-07-02 05:45:00+00:00,60583.3,60633.4,60450.0,60479.9,0.0,0.0,0.0
BTCUSDT,1782972000,2026-07-02 06:00:00+00:00,60480.0,60498.9,60380.0,60380.1,0.0,0.0,0.0
BTCUSDT,1782972900,2026-07-02 06:15:00+00:00,60380.0,60533.0,60370.0,60448.2,0.0,0.0,0.0
BTCUSDT,1782973800,2026-07-02 06:30:00+00:00,60448.2,60623.5,60445.3,60509.6,0.0,0.0,0.0
BTCUSDT,1782974700,2026-07-02 06:45:00+00:00,60509.6,60517.0,60232.6,60247.6,0.0,0.0,0.0
BTCUSDT,1782975600,2026-07-02 07:00:00+00:00,60247.5,60288.0,60180.0,60211.5,0.0,0.0,0.0
BTCUSDT,1782976500,2026-07-02 07:15:00+00:00,60211.5,60243.9,60138.4,60138.4,0.0,0.0,0.0
BTCUSDT,1782977400,2026-07-02 07:30:00+00:00,60138.5,60197.8,60089.9,60111.5,0.0,0.0,0.0
BTCUSDT,1782978300,2026-07-02 07:45:00+00:00,60111.4,60209.8,60080.9,60125.8,0.0,0.0,0.0
BTCUSDT,1782979200,2026-07-02 08:00:00+00:00,60125.8,60344.9,60113.5,60285.5,0.0,0.0,0.0
BTCUSDT,1782980100,2026-07-02 08:15:00+00:00,60285.5,60380.0,60285.5,60330.1,0.0,0.0,0.0
BTCUSDT,1782981000,2026-07-02 08:30:00+00:00,60330.0,60479.1,60306.0,60418.3,0.0,0.0,0.0
BTCUSDT,1782981900,2026-07-02 08:45:00+00:00,60418.3,60542.2,60381.6,60486.8,0.0,0.0,0.0
BTCUSDT,1782982800,2026-07-02 09:00:00+00:00,60486.7,60498.0,60342.5,60447.3,0.0,0.0,0.0
BTCUSDT,1782983700,2026-07-02 09:15:00+00:00,60447.3,60613.9,60402.0,60585.7,0.0,0.0,0.0
BTCUSDT,1782984600,2026-07-02 09:30:00+00:00,60585.6,61224.4,60585.6,61065.6,0.0,0.0,0.0
BTCUSDT,1782985500,2026-07-02 09:45:00+00:00,61065.6,61447.0,60842.2,61159.6,0.0,0.0,0.0
BTCUSDT,1782986400,2026-07-02 10:00:00+00:00,61159.5,61223.3,61019.8,61212.6,0.0,0.0,0.0
BTCUSDT,1782987300,2026-07-02 10:15:00+00:00,61212.5,61280.0,61075.0,61199.9,0.0,0.0,0.0
BTCUSDT,1782988200,2026-07-02 10:30:00+00:00,61200.0,61330.0,61171.8,61181.9,0.0,0.0,0.0
BTCUSDT,1782989100,2026-07-02 10:45:00+00:00,61181.9,61311.8,61120.3,61238.5,0.0,0.0,0.0
BTCUSDT,1782990000,2026-07-02 11:00:00+00:00,61238.4,61343.3,61184.5,61250.2,0.0,0.0,0.0
BTCUSDT,1782990900,2026-07-02 11:15:00+00:00,61250.1,61330.0,61225.1,61261.4,0.0,0.0,0.0
BTCUSDT,1782991800,2026-07-02 11:30:00+00:00,61261.4,61331.6,61228.0,61267.2,0.0,0.0,0.0
BTCUSDT,1782992700,2026-07-02 11:45:00+00:00,61267.2,61367.3,61100.0,61329.1,0.0,0.0,0.0
BTCUSDT,1782993600,2026-07-02 12:00:00+00:00,61329.0,61345.1,61265.2,61332.8,0.0,0.0,0.0
BTCUSDT,1782994500,2026-07-02 12:15:00+00:00,61332.8,61392.1,61109.9,61313.4,0.0,0.0,0.0
BTCUSDT,1782995400,2026-07-02 12:30:00+00:00,61313.5,61555.0,61160.0,61347.2,0.0,0.0,0.0
BTCUSDT,1782996300,2026-07-02 12:45:00+00:00,61347.3,61591.1,61333.5,61507.4,0.0,0.0,0.0
BTCUSDT,1782997200,2026-07-02 13:00:00+00:00,61507.3,61729.7,61472.0,61653.7,0.0,0.0,0.0
BTCUSDT,1782998100,2026-07-02 13:15:00+00:00,61653.6,61990.0,61631.2,61668.3,0.0,0.0,0.0
BTCUSDT,1782999000,2026-07-02 13:30:00+00:00,61668.2,62077.3,61499.8,61949.2,0.0,0.0,0.0
BTCUSDT,1782999900,2026-07-02 13:45:00+00:00,61949.2,62018.7,61777.5,61913.5,0.0,0.0,0.0
BTCUSDT,1783000800,2026-07-02 14:00:00+00:00,61913.6,62179.9,61821.0,62059.3,0.0,0.0,0.0
BTCUSDT,1783001700,2026-07-02 14:15:00+00:00,62059.4,62180.0,61555.5,61648.9,0.0,0.0,0.0
BTCUSDT,1783002600,2026-07-02 14:30:00+00:00,61649.0,61787.6,61368.8,61400.1,0.0,0.0,0.0
BTCUSDT,1783003500,2026-07-02 14:45:00+00:00,61400.1,61730.0,61400.0,61669.8,0.0,0.0,0.0
BTCUSDT,1783004400,2026-07-02 15:00:00+00:00,61669.7,61712.5,61400.0,61558.7,0.0,0.0,0.0
BTCUSDT,1783005300,2026-07-02 15:15:00+00:00,61558.6,61844.4,61456.7,61684.9,0.0,0.0,0.0
BTCUSDT,1783006200,2026-07-02 15:30:00+00:00,61685.0,61799.0,61525.0,61672.1,0.0,0.0,0.0
BTCUSDT,1783007100,2026-07-02 15:45:00+00:00,61672.1,61720.0,61500.0,61584.0,0.0,0.0,0.0
BTCUSDT,1783008000,2026-07-02 16:00:00+00:00,61584.0,61722.5,61470.9,61669.0,0.0,0.0,0.0
BTCUSDT,1783008900,2026-07-02 16:15:00+00:00,61669.0,61669.1,61113.8,61169.4,0.0,0.0,0.0
BTCUSDT,1783009800,2026-07-02 16:30:00+00:00,61169.5,61424.6,61169.5,61404.6,0.0,0.0,0.0
BTCUSDT,1783010700,2026-07-02 16:45:00+00:00,61404.5,61754.9,61400.1,61646.8,0.0,0.0,0.0
BTCUSDT,1783011600,2026-07-02 17:00:00+00:00,61646.8,61788.0,61592.8,61756.2,0.0,0.0,0.0
BTCUSDT,1783012500,2026-07-02 17:15:00+00:00,61756.2,61900.0,61717.9,61841.6,0.0,0.0,0.0
BTCUSDT,1783013400,2026-07-02 17:30:00+00:00,61841.6,61841.6,61610.0,61753.5,0.0,0.0,0.0
BTCUSDT,1783014300,2026-07-02 17:45:00+00:00,61753.6,61780.0,61615.6,61643.0,0.0,0.0,0.0
BTCUSDT,1783015200,2026-07-02 18:00:00+00:00,61643.1,61839.0,61633.7,61801.1,0.0,0.0,0.0
BTCUSDT,1783016100,2026-07-02 18:15:00+00:00,61801.0,61844.0,61702.9,61834.6,0.0,0.0,0.0
BTCUSDT,1783017000,2026-07-02 18:30:00+00:00,61834.5,61835.2,61733.6,61740.9,0.0,0.0,0.0
BTCUSDT,1783017900,2026-07-02 18:45:00+00:00,61740.9,61847.2,61665.6,61733.5,0.0,0.0,0.0
BTCUSDT,1783018800,2026-07-02 19:00:00+00:00,61733.5,61739.7,61574.8,61641.0,0.0,0.0,0.0
BTCUSDT,1783019700,2026-07-02 19:15:00+00:00,61641.0,61641.0,61487.4,61593.5,0.0,0.0,0.0
BTCUSDT,1783020600,2026-07-02 19:30:00+00:00,61593.5,61633.4,61471.8,61553.8,0.0,0.0,0.0
BTCUSDT,1783021500,2026-07-02 19:45:00+00:00,61553.9,61669.3,61388.1,61452.5,0.0,0.0,0.0
BTCUSDT,1783022400,2026-07-02 20:00:00+00:00,61452.4,61518.7,61373.8,61413.3,0.0,0.0,0.0
BTCUSDT,1783023300,2026-07-02 20:15:00+00:00,61413.3,61491.7,61378.9,61380.7,0.0,0.0,0.0
BTCUSDT,1783024200,2026-07-02 20:30:00+00:00,61380.7,61414.8,61308.3,61343.5,0.0,0.0,0.0
BTCUSDT,1783025100,2026-07-02 20:45:00+00:00,61343.5,61576.8,61343.5,61555.4,0.0,0.0,0.0
BTCUSDT,1783026000,2026-07-02 21:00:00+00:00,61555.3,61634.3,61502.0,61503.4,0.0,0.0,0.0
BTCUSDT,1783026900,2026-07-02 21:15:00+00:00,61503.4,61525.7,61502.7,61514.9,0.0,0.0,0.0
BTCUSDT,1783027800,2026-07-02 21:30:00+00:00,61514.9,61531.2,61500.0,61500.0,0.0,0.0,0.0
BTCUSDT,1783028700,2026-07-02 21:45:00+00:00,61500.1,61590.3,61500.0,61570.6,0.0,0.0,0.0
BTCUSDT,1783029600,2026-07-02 22:00:00+00:00,61570.5,61570.6,61500.0,61508.5,0.0,0.0,0.0
BTCUSDT,1783030500,2026-07-02 22:15:00+00:00,61508.5,61545.6,61500.1,61502.4,0.0,0.0,0.0
BTCUSDT,1783031400,2026-07-02 22:30:00+00:00,61502.3,61536.2,61500.0,61502.8,0.0,0.0,0.0
BTCUSDT,1783032300,2026-07-02 22:45:00+00:00,61502.9,61536.4,61388.0,61445.0,0.0,0.0,0.0
BTCUSDT,1783033200,2026-07-02 23:00:00+00:00,61444.9,61444.9,61333.0,61334.4,0.0,0.0,0.0
BTCUSDT,1783034100,2026-07-02 23:15:00+00:00,61334.5,61520.0,61333.0,61485.4,0.0,0.0,0.0
BTCUSDT,1783035000,2026-07-02 23:30:00+00:00,61485.4,61588.2,61420.2,61455.2,0.0,0.0,0.0
BTCUSDT,1783035900,2026-07-02 23:45:00+00:00,61455.3,61584.6,61450.5,61540.6,0.0,0.0,0.0
BTCUSDT,1783036800,2026-07-03 00:00:00+00:00,61540.5,61558.8,61367.6,61400.3,0.0,0.0,0.0
BTCUSDT,1783037700,2026-07-03 00:15:00+00:00,61400.2,61440.0,61282.0,61282.0,0.0,0.0,0.0
BTCUSDT,1783038600,2026-07-03 00:30:00+00:00,61282.0,61349.4,61229.0,61319.1,0.0,0.0,0.0
BTCUSDT,1783039500,2026-07-03 00:45:00+00:00,61319.0,61394.7,61273.8,61283.9,0.0,0.0,0.0
BTCUSDT,1783040400,2026-07-03 01:00:00+00:00,61283.9,61727.2,61261.0,61613.5,0.0,0.0,0.0
BTCUSDT,1783041300,2026-07-03 01:15:00+00:00,61613.5,61636.0,61483.8,61542.0,0.0,0.0,0.0
BTCUSDT,1783042200,2026-07-03 01:30:00+00:00,61542.1,61721.2,61500.0,61643.5,0.0,0.0,0.0
BTCUSDT,1783043100,2026-07-03 01:45:00+00:00,61643.5,61651.2,61560.3,61566.5,0.0,0.0,0.0
BTCUSDT,1783044000,2026-07-03 02:00:00+00:00,61566.6,61647.0,61485.3,61501.6,0.0,0.0,0.0
BTCUSDT,1783044900,2026-07-03 02:15:00+00:00,61501.6,61567.8,61377.9,61377.9,0.0,0.0,0.0
BTCUSDT,1783045800,2026-07-03 02:30:00+00:00,61377.8,61442.2,61271.0,61347.0,0.0,0.0,0.0
BTCUSDT,1783046700,2026-07-03 02:45:00+00:00,61347.0,61447.8,61273.7,61411.8,0.0,0.0,0.0
BTCUSDT,1783047600,2026-07-03 03:00:00+00:00,61411.9,61433.8,61300.0,61306.4,0.0,0.0,0.0
BTCUSDT,1783048500,2026-07-03 03:15:00+00:00,61306.3,61558.0,61306.3,61515.4,0.0,0.0,0.0
BTCUSDT,1783049400,2026-07-03 03:30:00+00:00,61515.5,61523.0,61360.9,61370.4,0.0,0.0,0.0
BTCUSDT,1783050300,2026-07-03 03:45:00+00:00,61370.4,61430.7,61327.2,61407.6,0.0,0.0,0.0
BTCUSDT,1783051200,2026-07-03 04:00:00+00:00,61407.5,61447.6,61300.4,61407.1,0.0,0.0,0.0
BTCUSDT,1783052100,2026-07-03 04:15:00+00:00,61407.0,61415.4,61320.6,61415.4,0.0,0.0,0.0
BTCUSDT,1783053000,2026-07-03 04:30:00+00:00,61415.4,61504.6,61385.2,61477.1,0.0,0.0,0.0
BTCUSDT,1783053900,2026-07-03 04:45:00+00:00,61477.1,61488.8,61350.0,61420.5,0.0,0.0,0.0
BTCUSDT,1783054800,2026-07-03 05:00:00+00:00,61420.5,61540.7,61403.1,61515.0,0.0,0.0,0.0
BTCUSDT,1783055700,2026-07-03 05:15:00+00:00,61515.0,61660.0,61487.8,61611.2,0.0,0.0,0.0
BTCUSDT,1783056600,2026-07-03 05:30:00+00:00,61611.2,61788.0,61591.6,61676.5,0.0,0.0,0.0
BTCUSDT,1783057500,2026-07-03 05:45:00+00:00,61676.5,61727.2,61620.0,61674.8,0.0,0.0,0.0
BTCUSDT,1783058400,2026-07-03 06:00:00+00:00,61674.7,61825.1,61662.5,61703.9,0.0,0.0,0.0
BTCUSDT,1783059300,2026-07-03 06:15:00+00:00,61704.0,61785.5,61665.1,61693.6,0.0,0.0,0.0
BTCUSDT,1783060200,2026-07-03 06:30:00+00:00,61693.6,61755.5,61584.0,61616.0,0.0,0.0,0.0
BTCUSDT,1783061100,2026-07-03 06:45:00+00:00,61616.0,61749.3,61615.7,61680.5,0.0,0.0,0.0
BTCUSDT,1783062000,2026-07-03 07:00:00+00:00,61680.6,61755.7,61634.1,61676.6,0.0,0.0,0.0
BTCUSDT,1783062900,2026-07-03 07:15:00+00:00,61676.6,61736.4,61676.5,61736.3,0.0,0.0,0.0
BTCUSDT,1783063800,2026-07-03 07:30:00+00:00,61736.4,61819.0,61716.9,61800.4,0.0,0.0,0.0
BTCUSDT,1783064700,2026-07-03 07:45:00+00:00,61800.3,61849.7,61731.7,61733.6,0.0,0.0,0.0
BTCUSDT,1783065600,2026-07-03 08:00:00+00:00,61733.7,61813.1,61714.1,61726.2,0.0,0.0,0.0
BTCUSDT,1783066500,2026-07-03 08:15:00+00:00,61726.1,61804.9,61700.0,61760.7,0.0,0.0,0.0
BTCUSDT,1783067400,2026-07-03 08:30:00+00:00,61760.7,61875.3,61700.0,61840.9,0.0,0.0,0.0
BTCUSDT,1783068300,2026-07-03 08:45:00+00:00,61840.8,61844.8,61525.9,61553.5,0.0,0.0,0.0
BTCUSDT,1783069200,2026-07-03 09:00:00+00:00,61553.6,61685.7,61480.7,61677.0,0.0,0.0,0.0
BTCUSDT,1783070100,2026-07-03 09:15:00+00:00,61677.1,61714.9,61619.8,61660.8,0.0,0.0,0.0
BTCUSDT,1783071000,2026-07-03 09:30:00+00:00,61660.9,61664.3,61529.7,61633.5,0.0,0.0,0.0
BTCUSDT,1783071900,2026-07-03 09:45:00+00:00,61633.4,61760.7,61633.4,61686.8,0.0,0.0,0.0
BTCUSDT,1783072800,2026-07-03 10:00:00+00:00,61686.9,61748.3,61643.2,61700.2,0.0,0.0,0.0
BTCUSDT,1783073700,2026-07-03 10:15:00+00:00,61700.2,61743.5,61640.2,61715.6,0.0,0.0,0.0
BTCUSDT,1783074600,2026-07-03 10:30:00+00:00,61715.6,62017.7,61698.1,61992.0,0.0,0.0,0.0
BTCUSDT,1783075500,2026-07-03 10:45:00+00:00,61991.9,62000.0,61854.2,61886.6,0.0,0.0,0.0
BTCUSDT,1783076400,2026-07-03 11:00:00+00:00,61886.5,62050.9,61808.1,61992.3,0.0,0.0,0.0
BTCUSDT,1783077300,2026-07-03 11:15:00+00:00,61992.3,62043.8,61904.6,61958.5,0.0,0.0,0.0
BTCUSDT,1783078200,2026-07-03 11:30:00+00:00,61958.5,61999.0,61851.9,61866.6,0.0,0.0,0.0
BTCUSDT,1783079100,2026-07-03 11:45:00+00:00,61866.6,62078.6,61866.6,61992.8,0.0,0.0,0.0
BTCUSDT,1783080000,2026-07-03 12:00:00+00:00,61992.8,62149.3,61975.1,62130.1,0.0,0.0,0.0
BTCUSDT,1783080900,2026-07-03 12:15:00+00:00,62130.0,62148.3,61883.5,61929.9,0.0,0.0,0.0
BTCUSDT,1783081800,2026-07-03 12:30:00+00:00,61929.9,61949.7,61841.0,61899.9,0.0,0.0,0.0
BTCUSDT,1783082700,2026-07-03 12:45:00+00:00,61899.9,61978.0,61899.8,61952.5,0.0,0.0,0.0
BTCUSDT,1783083600,2026-07-03 13:00:00+00:00,61952.6,62047.3,61910.5,62029.6,0.0,0.0,0.0
BTCUSDT,1783084500,2026-07-03 13:15:00+00:00,62029.6,62099.7,61972.2,62065.9,0.0,0.0,0.0
BTCUSDT,1783085400,2026-07-03 13:30:00+00:00,62065.8,62171.0,61991.0,62127.6,0.0,0.0,0.0
BTCUSDT,1783086300,2026-07-03 13:45:00+00:00,62127.5,62271.9,62025.0,62083.8,0.0,0.0,0.0
BTCUSDT,1783087200,2026-07-03 14:00:00+00:00,62083.9,62083.9,61653.0,61739.3,0.0,0.0,0.0
BTCUSDT,1783088100,2026-07-03 14:15:00+00:00,61739.3,61902.5,61696.4,61900.0,0.0,0.0,0.0
BTCUSDT,1783089000,2026-07-03 14:30:00+00:00,61900.1,62042.9,61819.0,62039.2,0.0,0.0,0.0
BTCUSDT,1783089900,2026-07-03 14:45:00+00:00,62039.2,62257.0,61991.7,62142.9,0.0,0.0,0.0
BTCUSDT,1783090800,2026-07-03 15:00:00+00:00,62142.9,62386.7,62135.2,62156.2,0.0,0.0,0.0
BTCUSDT,1783091700,2026-07-03 15:15:00+00:00,62156.2,62198.9,61955.3,61980.4,0.0,0.0,0.0
BTCUSDT,1783092600,2026-07-03 15:30:00+00:00,61980.4,62081.7,61778.1,61815.9,0.0,0.0,0.0
BTCUSDT,1783093500,2026-07-03 15:45:00+00:00,61815.9,61940.0,61787.1,61895.2,0.0,0.0,0.0
BTCUSDT,1783094400,2026-07-03 16:00:00+00:00,61895.2,61963.2,61877.6,61900.2,0.0,0.0,0.0
BTCUSDT,1783095300,2026-07-03 16:15:00+00:00,61900.3,62086.6,61900.2,62039.1,0.0,0.0,0.0
BTCUSDT,1783096200,2026-07-03 16:30:00+00:00,62039.2,62099.0,61953.3,62021.9,0.0,0.0,0.0
BTCUSDT,1783097100,2026-07-03 16:45:00+00:00,62022.0,62103.5,61992.7,62081.9,0.0,0.0,0.0
BTCUSDT,1783098000,2026-07-03 17:00:00+00:00,62081.9,62266.8,62036.0,62165.5,0.0,0.0,0.0
BTCUSDT,1783098900,2026-07-03 17:15:00+00:00,62165.4,62219.2,62083.6,62156.6,0.0,0.0,0.0
BTCUSDT,1783099800,2026-07-03 17:30:00+00:00,62156.7,62250.0,62134.1,62200.1,0.0,0.0,0.0
BTCUSDT,1783100700,2026-07-03 17:45:00+00:00,62200.0,62223.2,62136.1,62171.5,0.0,0.0,0.0
BTCUSDT,1783101600,2026-07-03 18:00:00+00:00,62171.5,62180.4,62087.4,62133.6,0.0,0.0,0.0
BTCUSDT,1783102500,2026-07-03 18:15:00+00:00,62133.7,62176.1,62103.8,62153.6,0.0,0.0,0.0
BTCUSDT,1783103400,2026-07-03 18:30:00+00:00,62153.6,62217.2,62146.8,62197.4,0.0,0.0,0.0
BTCUSDT,1783104300,2026-07-03 18:45:00+00:00,62197.4,62223.7,62162.1,62180.2,0.0,0.0,0.0
BTCUSDT,1783105200,2026-07-03 19:00:00+00:00,62180.3,62231.7,62120.1,62156.9,0.0,0.0,0.0
BTCUSDT,1783106100,2026-07-03 19:15:00+00:00,62157.0,62277.6,62153.1,62196.2,0.0,0.0,0.0
BTCUSDT,1783107000,2026-07-03 19:30:00+00:00,62196.2,62292.4,62129.9,62203.1,0.0,0.0,0.0
BTCUSDT,1783107900,2026-07-03 19:45:00+00:00,62203.2,62231.7,62161.7,62178.4,0.0,0.0,0.0
BTCUSDT,1783108800,2026-07-03 20:00:00+00:00,62178.4,62476.7,62151.2,62405.3,0.0,0.0,0.0
BTCUSDT,1783109700,2026-07-03 20:15:00+00:00,62405.4,62684.3,62367.1,62600.0,0.0,0.0,0.0
BTCUSDT,1783110600,2026-07-03 20:30:00+00:00,62600.1,62898.0,62580.0,62685.0,0.0,0.0,0.0
BTCUSDT,1783111500,2026-07-03 20:45:00+00:00,62685.0,62847.2,62661.4,62759.3,0.0,0.0,0.0
BTCUSDT,1783112400,2026-07-03 21:00:00+00:00,62759.3,62957.2,62700.1,62730.6,0.0,0.0,0.0
BTCUSDT,1783113300,2026-07-03 21:15:00+00:00,62730.6,62780.0,62593.1,62608.4,0.0,0.0,0.0
BTCUSDT,1783114200,2026-07-03 21:30:00+00:00,62608.4,62617.7,62488.8,62589.3,0.0,0.0,0.0
BTCUSDT,1783115100,2026-07-03 21:45:00+00:00,62589.4,62813.6,62585.1,62706.8,0.0,0.0,0.0
BTCUSDT,1783116000,2026-07-03 22:00:00+00:00,62706.9,62726.0,62559.6,62609.4,0.0,0.0,0.0
BTCUSDT,1783116900,2026-07-03 22:15:00+00:00,62609.3,62687.5,62594.6,62608.1,0.0,0.0,0.0
BTCUSDT,1783117800,2026-07-03 22:30:00+00:00,62608.1,62611.4,62513.0,62594.3,0.0,0.0,0.0
BTCUSDT,1783118700,2026-07-03 22:45:00+00:00,62594.4,62648.4,62545.3,62549.3,0.0,0.0,0.0
BTCUSDT,1783119600,2026-07-03 23:00:00+00:00,62549.3,62581.0,62507.1,62541.8,0.0,0.0,0.0
BTCUSDT,1783120500,2026-07-03 23:15:00+00:00,62541.7,62667.6,62535.3,62602.8,0.0,0.0,0.0
BTCUSDT,1783121400,2026-07-03 23:30:00+00:00,62602.8,62688.0,62602.7,62660.8,0.0,0.0,0.0
BTCUSDT,1783122300,2026-07-03 23:45:00+00:00,62660.9,62663.3,62523.9,62565.5,0.0,0.0,0.0
BTCUSDT,1783123200,2026-07-04 00:00:00+00:00,62565.5,62925.7,62560.5,62804.2,0.0,0.0,0.0
BTCUSDT,1783124100,2026-07-04 00:15:00+00:00,62804.1,62830.0,62725.5,62740.0,0.0,0.0,0.0
BTCUSDT,1783125000,2026-07-04 00:30:00+00:00,62740.0,62787.1,62660.6,62688.4,0.0,0.0,0.0
BTCUSDT,1783125900,2026-07-04 00:45:00+00:00,62688.4,62792.8,62685.9,62735.1,0.0,0.0,0.0
BTCUSDT,1783126800,2026-07-04 01:00:00+00:00,62735.0,62735.1,62451.1,62493.4,0.0,0.0,0.0
BTCUSDT,1783127700,2026-07-04 01:15:00+00:00,62493.3,62569.8,62381.6,62470.6,0.0,0.0,0.0
BTCUSDT,1783128600,2026-07-04 01:30:00+00:00,62470.7,62524.5,62400.6,62424.8,0.0,0.0,0.0
BTCUSDT,1783129500,2026-07-04 01:45:00+00:00,62424.8,62486.0,62395.9,62450.0,0.0,0.0,0.0
BTCUSDT,1783130400,2026-07-04 02:00:00+00:00,62450.0,62547.7,62450.0,62502.0,0.0,0.0,0.0
BTCUSDT,1783131300,2026-07-04 02:15:00+00:00,62502.1,62505.5,62429.6,62470.7,0.0,0.0,0.0
BTCUSDT,1783132200,2026-07-04 02:30:00+00:00,62470.7,62484.5,62404.0,62472.6,0.0,0.0,0.0
BTCUSDT,1783133100,2026-07-04 02:45:00+00:00,62472.5,62556.5,62448.5,62514.0,0.0,0.0,0.0
BTCUSDT,1783134000,2026-07-04 03:00:00+00:00,62514.1,62560.0,62460.0,62537.9,0.0,0.0,0.0
BTCUSDT,1783134900,2026-07-04 03:15:00+00:00,62537.9,62569.1,62520.8,62544.6,0.0,0.0,0.0
BTCUSDT,1783135800,2026-07-04 03:30:00+00:00,62544.5,62734.7,62486.7,62685.0,0.0,0.0,0.0
BTCUSDT,1783136700,2026-07-04 03:45:00+00:00,62684.9,62702.1,62603.3,62609.6,0.0,0.0,0.0
BTCUSDT,1783137600,2026-07-04 04:00:00+00:00,62609.6,62690.4,62573.3,62632.7,0.0,0.0,0.0
BTCUSDT,1783138500,2026-07-04 04:15:00+00:00,62632.8,62700.0,62568.8,62642.0,0.0,0.0,0.0
BTCUSDT,1783139400,2026-07-04 04:30:00+00:00,62642.0,62735.2,62637.7,62659.7,0.0,0.0,0.0
BTCUSDT,1783140300,2026-07-04 04:45:00+00:00,62659.7,62720.0,62617.1,62661.5,0.0,0.0,0.0
BTCUSDT,1783141200,2026-07-04 05:00:00+00:00,62661.6,62661.6,62550.3,62554.5,0.0,0.0,0.0
BTCUSDT,1783142100,2026-07-04 05:15:00+00:00,62554.5,62556.0,62450.4,62494.9,0.0,0.0,0.0
BTCUSDT,1783143000,2026-07-04 05:30:00+00:00,62494.9,62550.0,62483.7,62542.8,0.0,0.0,0.0
BTCUSDT,1783143900,2026-07-04 05:45:00+00:00,62542.9,62576.3,62395.7,62445.6,0.0,0.0,0.0
BTCUSDT,1783144800,2026-07-04 06:00:00+00:00,62445.7,62538.6,62400.0,62409.5,0.0,0.0,0.0
BTCUSDT,1783145700,2026-07-04 06:15:00+00:00,62409.6,62431.9,62302.6,62405.8,0.0,0.0,0.0
BTCUSDT,1783146600,2026-07-04 06:30:00+00:00,62405.8,62511.6,62405.8,62435.3,0.0,0.0,0.0
BTCUSDT,1783147500,2026-07-04 06:45:00+00:00,62435.3,62508.0,62435.3,62473.2,0.0,0.0,0.0
BTCUSDT,1783148400,2026-07-04 07:00:00+00:00,62473.1,62533.6,62441.8,62518.1,0.0,0.0,0.0
BTCUSDT,1783149300,2026-07-04 07:15:00+00:00,62518.0,62612.6,62494.8,62521.6,0.0,0.0,0.0
BTCUSDT,1783150200,2026-07-04 07:30:00+00:00,62521.7,62539.4,62453.4,62477.6,0.0,0.0,0.0
BTCUSDT,1783151100,2026-07-04 07:45:00+00:00,62477.6,62568.7,62465.0,62549.0,0.0,0.0,0.0
BTCUSDT,1783152000,2026-07-04 08:00:00+00:00,62549.1,62559.5,62485.1,62521.4,0.0,0.0,0.0
BTCUSDT,1783152900,2026-07-04 08:15:00+00:00,62521.4,62557.3,62488.0,62524.7,0.0,0.0,0.0
BTCUSDT,1783153800,2026-07-04 08:30:00+00:00,62524.7,62654.1,62513.8,62568.3,0.0,0.0,0.0
BTCUSDT,1783154700,2026-07-04 08:45:00+00:00,62568.3,62638.1,62522.0,62528.0,0.0,0.0,0.0
BTCUSDT,1783155600,2026-07-04 09:00:00+00:00,62527.9,62559.3,62424.1,62480.0,0.0,0.0,0.0
BTCUSDT,1783156500,2026-07-04 09:15:00+00:00,62480.0,62484.7,62426.1,62454.0,0.0,0.0,0.0
BTCUSDT,1783157400,2026-07-04 09:30:00+00:00,62454.0,62459.1,62386.1,62426.5,0.0,0.0,0.0
BTCUSDT,1783158300,2026-07-04 09:45:00+00:00,62426.5,62487.3,62426.5,62466.0,0.0,0.0,0.0
BTCUSDT,1783159200,2026-07-04 10:00:00+00:00,62466.0,62472.3,62418.3,62434.8,0.0,0.0,0.0
BTCUSDT,1783160100,2026-07-04 10:15:00+00:00,62434.9,62497.4,62424.4,62471.8,0.0,0.0,0.0
BTCUSDT,1783161000,2026-07-04 10:30:00+00:00,62471.9,62471.9,62436.2,62461.1,0.0,0.0,0.0
BTCUSDT,1783161900,2026-07-04 10:45:00+00:00,62461.1,62518.8,62448.3,62483.9,0.0,0.0,0.0
BTCUSDT,1783162800,2026-07-04 11:00:00+00:00,62483.8,62504.6,62440.6,62499.8,0.0,0.0,0.0
BTCUSDT,1783163700,2026-07-04 11:15:00+00:00,62499.8,62530.4,62433.4,62455.2,0.0,0.0,0.0
BTCUSDT,1783164600,2026-07-04 11:30:00+00:00,62455.2,62545.4,62455.2,62466.3,0.0,0.0,0.0
BTCUSDT,1783165500,2026-07-04 11:45:00+00:00,62466.3,62491.0,62430.1,62458.7,0.0,0.0,0.0
BTCUSDT,1783166400,2026-07-04 12:00:00+00:00,62458.6,62563.0,62458.6,62541.2,0.0,0.0,0.0
BTCUSDT,1783167300,2026-07-04 12:15:00+00:00,62541.2,62593.7,62517.0,62560.3,0.0,0.0,0.0
BTCUSDT,1783168200,2026-07-04 12:30:00+00:00,62560.4,62620.0,62554.3,62597.7,0.0,0.0,0.0
BTCUSDT,1783169100,2026-07-04 12:45:00+00:00,62597.7,62671.5,62560.9,62634.1,0.0,0.0,0.0
BTCUSDT,1783170000,2026-07-04 13:00:00+00:00,62634.0,62634.1,62562.7,62585.1,0.0,0.0,0.0
BTCUSDT,1783170900,2026-07-04 13:15:00+00:00,62585.0,62755.5,62581.0,62631.0,0.0,0.0,0.0
BTCUSDT,1783171800,2026-07-04 13:30:00+00:00,62631.0,62631.0,62527.0,62555.2,0.0,0.0,0.0
BTCUSDT,1783172700,2026-07-04 13:45:00+00:00,62555.1,62566.1,62509.4,62563.0,0.0,0.0,0.0
BTCUSDT,1783173600,2026-07-04 14:00:00+00:00,62562.9,62669.8,62562.4,62640.9,0.0,0.0,0.0
BTCUSDT,1783174500,2026-07-04 14:15:00+00:00,62640.8,62719.3,62605.0,62647.1,0.0,0.0,0.0
BTCUSDT,1783175400,2026-07-04 14:30:00+00:00,62647.2,62669.8,62597.7,62656.2,0.0,0.0,0.0
BTCUSDT,1783176300,2026-07-04 14:45:00+00:00,62656.3,62692.0,62627.6,62671.9,0.0,0.0,0.0
BTCUSDT,1783177200,2026-07-04 15:00:00+00:00,62671.8,63069.6,62666.7,62804.0,0.0,0.0,0.0
BTCUSDT,1783178100,2026-07-04 15:15:00+00:00,62804.0,62908.3,62729.4,62896.8,0.0,0.0,0.0
BTCUSDT,1783179000,2026-07-04 15:30:00+00:00,62896.8,63000.1,62816.1,62900.4,0.0,0.0,0.0
BTCUSDT,1783179900,2026-07-04 15:45:00+00:00,62900.4,62990.7,62833.3,62908.8,0.0,0.0,0.0
BTCUSDT,1783180800,2026-07-04 16:00:00+00:00,62908.7,62943.0,62762.0,62762.0,0.0,0.0,0.0
BTCUSDT,1783181700,2026-07-04 16:15:00+00:00,62762.1,62855.7,62752.9,62838.1,0.0,0.0,0.0
BTCUSDT,1783182600,2026-07-04 16:30:00+00:00,62838.2,62920.0,62838.1,62878.7,0.0,0.0,0.0
BTCUSDT,1783183500,2026-07-04 16:45:00+00:00,62878.6,62940.0,62832.5,62895.2,0.0,0.0,0.0
BTCUSDT,1783184400,2026-07-04 17:00:00+00:00,62895.2,62926.3,62769.8,62840.8,0.0,0.0,0.0
BTCUSDT,1783185300,2026-07-04 17:15:00+00:00,62840.7,62960.9,62827.8,62958.0,0.0,0.0,0.0
BTCUSDT,1783186200,2026-07-04 17:30:00+00:00,62958.0,63180.0,62957.9,63155.6,0.0,0.0,0.0
BTCUSDT,1783187100,2026-07-04 17:45:00+00:00,63155.6,63420.0,63121.6,63245.6,0.0,0.0,0.0
BTCUSDT,1783188000,2026-07-04 18:00:00+00:00,63245.5,63316.0,63155.8,63294.9,0.0,0.0,0.0
BTCUSDT,1783188900,2026-07-04 18:15:00+00:00,63295.0,63324.8,63116.7,63153.0,0.0,0.0,0.0
BTCUSDT,1783189800,2026-07-04 18:30:00+00:00,63153.0,63153.0,63071.6,63087.2,0.0,0.0,0.0
BTCUSDT,1783190700,2026-07-04 18:45:00+00:00,63087.2,63155.0,63070.0,63137.5,0.0,0.0,0.0
BTCUSDT,1783191600,2026-07-04 19:00:00+00:00,63137.5,63214.6,63090.0,63147.7,0.0,0.0,0.0
BTCUSDT,1783192500,2026-07-04 19:15:00+00:00,63147.7,63357.3,63147.7,63344.1,0.0,0.0,0.0
BTCUSDT,1783193400,2026-07-04 19:30:00+00:00,63344.1,63450.0,63250.1,63341.1,0.0,0.0,0.0
BTCUSDT,1783194300,2026-07-04 19:45:00+00:00,63341.1,63341.1,63251.7,63268.1,0.0,0.0,0.0
BTCUSDT,1783195200,2026-07-04 20:00:00+00:00,63268.0,63367.0,63255.0,63312.8,0.0,0.0,0.0
BTCUSDT,1783196100,2026-07-04 20:15:00+00:00,63312.8,63318.7,63128.4,63144.1,0.0,0.0,0.0
BTCUSDT,1783197000,2026-07-04 20:30:00+00:00,63144.0,63298.0,63130.1,63266.0,0.0,0.0,0.0
BTCUSDT,1783197900,2026-07-04 20:45:00+00:00,63266.0,63307.8,63199.0,63208.9,0.0,0.0,0.0
BTCUSDT,1783198800,2026-07-04 21:00:00+00:00,63208.8,63349.9,63172.8,63324.2,0.0,0.0,0.0
BTCUSDT,1783199700,2026-07-04 21:15:00+00:00,63324.2,63424.5,63324.0,63409.9,0.0,0.0,0.0
BTCUSDT,1783200600,2026-07-04 21:30:00+00:00,63410.0,63430.0,63261.7,63271.1,0.0,0.0,0.0
BTCUSDT,1783201500,2026-07-04 21:45:00+00:00,63271.2,63308.0,63247.7,63274.7,0.0,0.0,0.0
BTCUSDT,1783202400,2026-07-04 22:00:00+00:00,63274.6,63286.4,63187.4,63227.8,0.0,0.0,0.0
BTCUSDT,1783203300,2026-07-04 22:15:00+00:00,63227.9,63284.0,63167.4,63192.8,0.0,0.0,0.0
BTCUSDT,1783204200,2026-07-04 22:30:00+00:00,63192.9,63219.0,63152.5,63180.2,0.0,0.0,0.0
BTCUSDT,1783205100,2026-07-04 22:45:00+00:00,63180.2,63222.3,63129.4,63167.7,0.0,0.0,0.0
BTCUSDT,1783206000,2026-07-04 23:00:00+00:00,63167.7,63215.8,62959.0,62966.4,0.0,0.0,0.0
BTCUSDT,1783206900,2026-07-04 23:15:00+00:00,62966.4,63072.8,62902.7,63071.9,0.0,0.0,0.0
BTCUSDT,1783207800,2026-07-04 23:30:00+00:00,63071.9,63198.9,63071.9,63180.0,0.0,0.0,0.0
BTCUSDT,1783208700,2026-07-04 23:45:00+00:00,63180.0,63209.8,63111.1,63114.8,0.0,0.0,0.0
BTCUSDT,1783209600,2026-07-05 00:00:00+00:00,63114.9,63114.9,62987.7,63021.3,0.0,0.0,0.0
BTCUSDT,1783210500,2026-07-05 00:15:00+00:00,63021.2,63026.7,62946.6,63023.0,0.0,0.0,0.0
BTCUSDT,1783211400,2026-07-05 00:30:00+00:00,63023.1,63097.0,62965.6,63063.3,0.0,0.0,0.0
BTCUSDT,1783212300,2026-07-05 00:45:00+00:00,63063.3,63080.1,62824.4,62962.5,0.0,0.0,0.0
BTCUSDT,1783213200,2026-07-05 01:00:00+00:00,62962.6,63022.6,62895.5,62955.5,0.0,0.0,0.0
BTCUSDT,1783214100,2026-07-05 01:15:00+00:00,62955.6,62955.6,62807.0,62912.8,0.0,0.0,0.0
BTCUSDT,1783215000,2026-07-05 01:30:00+00:00,62912.8,62912.8,62762.3,62836.7,0.0,0.0,0.0
BTCUSDT,1783215900,2026-07-05 01:45:00+00:00,62836.6,62886.5,62799.8,62859.8,0.0,0.0,0.0
BTCUSDT,1783216800,2026-07-05 02:00:00+00:00,62859.8,62902.6,62710.0,62710.1,0.0,0.0,0.0
BTCUSDT,1783217700,2026-07-05 02:15:00+00:00,62710.0,62762.5,62622.6,62731.8,0.0,0.0,0.0
BTCUSDT,1783218600,2026-07-05 02:30:00+00:00,62731.8,62772.6,62615.6,62615.7,0.0,0.0,0.0
BTCUSDT,1783219500,2026-07-05 02:45:00+00:00,62615.7,62673.8,62549.6,62673.8,0.0,0.0,0.0
BTCUSDT,1783220400,2026-07-05 03:00:00+00:00,62673.7,62764.8,62669.8,62737.1,0.0,0.0,0.0
BTCUSDT,1783221300,2026-07-05 03:15:00+00:00,62737.1,62747.0,62626.5,62641.9,0.0,0.0,0.0
BTCUSDT,1783222200,2026-07-05 03:30:00+00:00,62641.9,62750.0,62638.2,62709.7,0.0,0.0,0.0
BTCUSDT,1783223100,2026-07-05 03:45:00+00:00,62709.8,62766.0,62699.9,62739.1,0.0,0.0,0.0
BTCUSDT,1783224000,2026-07-05 04:00:00+00:00,62739.1,62799.9,62680.0,62762.2,0.0,0.0,0.0
BTCUSDT,1783224900,2026-07-05 04:15:00+00:00,62762.3,62850.0,62760.0,62834.9,0.0,0.0,0.0
BTCUSDT,1783225800,2026-07-05 04:30:00+00:00,62834.9,62928.0,62833.7,62912.9,0.0,0.0,0.0
BTCUSDT,1783226700,2026-07-05 04:45:00+00:00,62912.9,62912.9,62784.1,62787.3,0.0,0.0,0.0
BTCUSDT,1783227600,2026-07-05 05:00:00+00:00,62787.0,62787.0,62702.8,62720.7,0.0,0.0,0.0
BTCUSDT,1783228500,2026-07-05 05:15:00+00:00,62720.8,62766.2,62714.0,62730.0,0.0,0.0,0.0
BTCUSDT,1783229400,2026-07-05 05:30:00+00:00,62730.0,62788.4,62628.0,62645.0,0.0,0.0,0.0
BTCUSDT,1783230300,2026-07-05 05:45:00+00:00,62644.9,62743.4,62644.0,62716.4,0.0,0.0,0.0
BTCUSDT,1783231200,2026-07-05 06:00:00+00:00,62716.4,62722.2,62644.3,62698.6,0.0,0.0,0.0
BTCUSDT,1783232100,2026-07-05 06:15:00+00:00,62698.6,62780.0,62686.4,62772.0,0.0,0.0,0.0
BTCUSDT,1783233000,2026-07-05 06:30:00+00:00,62772.0,62800.0,62718.0,62729.8,0.0,0.0,0.0
BTCUSDT,1783233900,2026-07-05 06:45:00+00:00,62729.8,62774.8,62718.0,62749.9,0.0,0.0,0.0
BTCUSDT,1783234800,2026-07-05 07:00:00+00:00,62749.8,62774.2,62728.3,62728.7,0.0,0.0,0.0
BTCUSDT,1783235700,2026-07-05 07:15:00+00:00,62728.6,62808.7,62690.5,62726.4,0.0,0.0,0.0
BTCUSDT,1783236600,2026-07-05 07:30:00+00:00,62726.4,62920.1,62726.3,62895.1,0.0,0.0,0.0
BTCUSDT,1783237500,2026-07-05 07:45:00+00:00,62895.1,63039.3,62868.0,62995.1,0.0,0.0,0.0
BTCUSDT,1783238400,2026-07-05 08:00:00+00:00,62995.1,63084.0,62921.9,62983.9,0.0,0.0,0.0
BTCUSDT,1783239300,2026-07-05 08:15:00+00:00,62984.0,63023.3,62888.0,62910.4,0.0,0.0,0.0
BTCUSDT,1783240200,2026-07-05 08:30:00+00:00,62910.4,62971.9,62888.0,62910.9,0.0,0.0,0.0
BTCUSDT,1783241100,2026-07-05 08:45:00+00:00,62910.9,62963.9,62868.0,62893.3,0.0,0.0,0.0
BTCUSDT,1783242000,2026-07-05 09:00:00+00:00,62893.4,62908.7,62835.8,62851.2,0.0,0.0,0.0
BTCUSDT,1783242900,2026-07-05 09:15:00+00:00,62851.3,62855.4,62702.3,62709.7,0.0,0.0,0.0
BTCUSDT,1783243800,2026-07-05 09:30:00+00:00,62709.6,62758.8,62410.1,62509.9,0.0,0.0,0.0
BTCUSDT,1783244700,2026-07-05 09:45:00+00:00,62509.8,62616.6,62481.3,62600.3,0.0,0.0,0.0
BTCUSDT,1783245600,2026-07-05 10:00:00+00:00,62600.2,62710.4,62507.2,62661.0,0.0,0.0,0.0
BTCUSDT,1783246500,2026-07-05 10:15:00+00:00,62661.0,62715.3,62603.1,62670.9,0.0,0.0,0.0
BTCUSDT,1783247400,2026-07-05 10:30:00+00:00,62670.9,62712.1,62640.2,62668.3,0.0,0.0,0.0
BTCUSDT,1783248300,2026-07-05 10:45:00+00:00,62668.2,62737.9,62659.0,62737.6,0.0,0.0,0.0
BTCUSDT,1783249200,2026-07-05 11:00:00+00:00,62737.6,62799.9,62653.2,62678.7,0.0,0.0,0.0
BTCUSDT,1783250100,2026-07-05 11:15:00+00:00,62678.7,62678.7,62582.3,62602.7,0.0,0.0,0.0
BTCUSDT,1783251000,2026-07-05 11:30:00+00:00,62602.8,62699.1,62590.9,62677.2,0.0,0.0,0.0
BTCUSDT,1783251900,2026-07-05 11:45:00+00:00,62677.2,62709.1,62614.5,62630.0,0.0,0.0,0.0
BTCUSDT,1783252800,2026-07-05 12:00:00+00:00,62630.1,62632.9,62534.3,62599.0,0.0,0.0,0.0
BTCUSDT,1783253700,2026-07-05 12:15:00+00:00,62599.1,62732.8,62599.0,62728.2,0.0,0.0,0.0
BTCUSDT,1783254600,2026-07-05 12:30:00+00:00,62728.3,62752.0,62603.1,62682.2,0.0,0.0,0.0
BTCUSDT,1783255500,2026-07-05 12:45:00+00:00,62682.2,62720.0,62680.0,62718.2,0.0,0.0,0.0
BTCUSDT,1783256400,2026-07-05 13:00:00+00:00,62718.3,62795.0,62667.1,62708.0,0.0,0.0,0.0
BTCUSDT,1783257300,2026-07-05 13:15:00+00:00,62708.0,62743.0,62617.5,62665.1,0.0,0.0,0.0
BTCUSDT,1783258200,2026-07-05 13:30:00+00:00,62665.1,62732.6,62648.6,62721.3,0.0,0.0,0.0
BTCUSDT,1783259100,2026-07-05 13:45:00+00:00,62721.4,62797.9,62721.0,62769.9,0.0,0.0,0.0
BTCUSDT,1783260000,2026-07-05 14:00:00+00:00,62769.9,62793.6,62682.0,62715.4,0.0,0.0,0.0
BTCUSDT,1783260900,2026-07-05 14:15:00+00:00,62715.5,62715.5,62642.3,62684.8,0.0,0.0,0.0
BTCUSDT,1783261800,2026-07-05 14:30:00+00:00,62684.8,62759.9,62621.5,62707.4,0.0,0.0,0.0
BTCUSDT,1783262700,2026-07-05 14:45:00+00:00,62707.5,62792.0,62680.8,62785.3,0.0,0.0,0.0
BTCUSDT,1783263600,2026-07-05 15:00:00+00:00,62785.2,62923.7,62757.7,62785.8,0.0,0.0,0.0
BTCUSDT,1783264500,2026-07-05 15:15:00+00:00,62785.8,62797.0,62701.6,62741.4,0.0,0.0,0.0
BTCUSDT,1783265400,2026-07-05 15:30:00+00:00,62741.5,62880.0,62662.2,62670.2,0.0,0.0,0.0
BTCUSDT,1783266300,2026-07-05 15:45:00+00:00,62670.3,62735.4,62646.9,62711.9,0.0,0.0,0.0
BTCUSDT,1783267200,2026-07-05 16:00:00+00:00,62711.9,62745.6,62667.0,62686.9,0.0,0.0,0.0
BTCUSDT,1783268100,2026-07-05 16:15:00+00:00,62686.8,62702.8,62577.5,62596.8,0.0,0.0,0.0
BTCUSDT,1783269000,2026-07-05 16:30:00+00:00,62596.7,62646.9,62583.8,62600.0,0.0,0.0,0.0
BTCUSDT,1783269900,2026-07-05 16:45:00+00:00,62600.0,62634.5,62570.0,62612.0,0.0,0.0,0.0
BTCUSDT,1783270800,2026-07-05 17:00:00+00:00,62612.0,62717.7,62612.0,62688.6,0.0,0.0,0.0
BTCUSDT,1783271700,2026-07-05 17:15:00+00:00,62688.6,62800.0,62656.9,62662.0,0.0,0.0,0.0
BTCUSDT,1783272600,2026-07-05 17:30:00+00:00,62662.0,62685.2,62571.3,62579.6,0.0,0.0,0.0
BTCUSDT,1783273500,2026-07-05 17:45:00+00:00,62579.6,62647.2,62564.4,62601.3,0.0,0.0,0.0
BTCUSDT,1783274400,2026-07-05 18:00:00+00:00,62601.4,62665.1,62587.8,62630.0,0.0,0.0,0.0
BTCUSDT,1783275300,2026-07-05 18:15:00+00:00,62630.0,62697.0,62630.0,62657.6,0.0,0.0,0.0
BTCUSDT,1783276200,2026-07-05 18:30:00+00:00,62657.6,62738.0,62651.0,62734.4,0.0,0.0,0.0
BTCUSDT,1783277100,2026-07-05 18:45:00+00:00,62734.5,62865.0,62703.9,62787.6,0.0,0.0,0.0
BTCUSDT,1783278000,2026-07-05 19:00:00+00:00,62787.6,62840.0,62745.0,62812.8,0.0,0.0,0.0
BTCUSDT,1783278900,2026-07-05 19:15:00+00:00,62812.7,62848.5,62691.2,62757.0,0.0,0.0,0.0
BTCUSDT,1783279800,2026-07-05 19:30:00+00:00,62756.9,62809.9,62734.0,62772.9,0.0,0.0,0.0
BTCUSDT,1783280700,2026-07-05 19:45:00+00:00,62772.8,62806.0,62732.9,62744.0,0.0,0.0,0.0
BTCUSDT,1783281600,2026-07-05 20:00:00+00:00,62744.1,62815.1,62738.4,62793.1,0.0,0.0,0.0
BTCUSDT,1783282500,2026-07-05 20:15:00+00:00,62793.1,62796.6,62667.5,62698.5,0.0,0.0,0.0
BTCUSDT,1783283400,2026-07-05 20:30:00+00:00,62698.5,62717.6,62670.0,62716.1,0.0,0.0,0.0
BTCUSDT,1783284300,2026-07-05 20:45:00+00:00,62716.1,62734.7,62704.7,62704.7,0.0,0.0,0.0
BTCUSDT,1783285200,2026-07-05 21:00:00+00:00,62704.8,62736.0,62580.0,62712.0,0.0,0.0,0.0
BTCUSDT,1783286100,2026-07-05 21:15:00+00:00,62711.9,62920.0,62695.6,62889.6,0.0,0.0,0.0
BTCUSDT,1783287000,2026-07-05 21:30:00+00:00,62889.6,63034.5,62863.5,63003.4,0.0,0.0,0.0
BTCUSDT,1783287900,2026-07-05 21:45:00+00:00,63003.5,63224.7,62914.6,63070.4,0.0,0.0,0.0
BTCUSDT,1783288800,2026-07-05 22:00:00+00:00,63070.4,63200.8,62976.3,63200.8,0.0,0.0,0.0
BTCUSDT,1783289700,2026-07-05 22:15:00+00:00,63200.7,63720.4,63168.8,63698.4,0.0,0.0,0.0
BTCUSDT,1783290600,2026-07-05 22:30:00+00:00,63698.3,63979.3,63520.3,63545.8,0.0,0.0,0.0
BTCUSDT,1783291500,2026-07-05 22:45:00+00:00,63545.9,63727.3,63540.0,63717.1,0.0,0.0,0.0
BTCUSDT,1783292400,2026-07-05 23:00:00+00:00,63717.1,63969.0,63687.4,63953.3,0.0,0.0,0.0
BTCUSDT,1783293300,2026-07-05 23:15:00+00:00,63953.2,63990.7,63646.2,63648.2,0.0,0.0,0.0
BTCUSDT,1783294200,2026-07-05 23:30:00+00:00,63648.3,63700.0,63591.9,63669.3,0.0,0.0,0.0
BTCUSDT,1783295100,2026-07-05 23:45:00+00:00,63669.2,63669.2,63542.8,63617.1,0.0,0.0,0.0
BTCUSDT,1783296000,2026-07-06 00:00:00+00:00,63617.2,63699.9,63453.2,63575.9,0.0,0.0,0.0
BTCUSDT,1783296900,2026-07-06 00:15:00+00:00,63575.9,63686.9,63377.3,63382.8,0.0,0.0,0.0
BTCUSDT,1783297800,2026-07-06 00:30:00+00:00,63382.8,63627.6,63308.3,63577.3,0.0,0.0,0.0
BTCUSDT,1783298700,2026-07-06 00:45:00+00:00,63577.2,63760.0,63577.2,63728.4,0.0,0.0,0.0
BTCUSDT,1783299600,2026-07-06 01:00:00+00:00,63728.3,63839.6,63658.3,63788.0,0.0,0.0,0.0
BTCUSDT,1783300500,2026-07-06 01:15:00+00:00,63788.0,63826.6,63575.0,63709.1,0.0,0.0,0.0
BTCUSDT,1783301400,2026-07-06 01:30:00+00:00,63709.1,63900.0,63663.0,63690.1,0.0,0.0,0.0
BTCUSDT,1783302300,2026-07-06 01:45:00+00:00,63690.0,63690.1,63520.0,63544.2,0.0,0.0,0.0
BTCUSDT,1783303200,2026-07-06 02:00:00+00:00,63544.1,63644.1,63381.4,63425.3,0.0,0.0,0.0
BTCUSDT,1783304100,2026-07-06 02:15:00+00:00,63425.3,63636.0,63410.0,63496.2,0.0,0.0,0.0
BTCUSDT,1783305000,2026-07-06 02:30:00+00:00,63496.2,63604.8,63356.5,63363.7,0.0,0.0,0.0
BTCUSDT,1783305900,2026-07-06 02:45:00+00:00,63363.8,63464.3,63340.4,63425.1,0.0,0.0,0.0
BTCUSDT,1783306800,2026-07-06 03:00:00+00:00,63425.1,63478.4,63368.0,63385.0,0.0,0.0,0.0
BTCUSDT,1783307700,2026-07-06 03:15:00+00:00,63384.9,63400.9,63164.3,63198.8,0.0,0.0,0.0
BTCUSDT,1783308600,2026-07-06 03:30:00+00:00,63198.9,63298.2,63101.2,63180.5,0.0,0.0,0.0
BTCUSDT,1783309500,2026-07-06 03:45:00+00:00,63180.5,63273.0,63160.0,63273.0,0.0,0.0,0.0
BTCUSDT,1783310400,2026-07-06 04:00:00+00:00,63272.9,63364.8,63203.6,63312.0,0.0,0.0,0.0
BTCUSDT,1783311300,2026-07-06 04:15:00+00:00,63312.0,63337.4,63154.6,63202.4,0.0,0.0,0.0
BTCUSDT,1783312200,2026-07-06 04:30:00+00:00,63202.4,63368.3,63163.1,63280.1,0.0,0.0,0.0
BTCUSDT,1783313100,2026-07-06 04:45:00+00:00,63280.2,63329.3,63200.0,63242.9,0.0,0.0,0.0
BTCUSDT,1783314000,2026-07-06 05:00:00+00:00,63242.8,63242.8,63133.4,63174.4,0.0,0.0,0.0
BTCUSDT,1783314900,2026-07-06 05:15:00+00:00,63174.5,63214.0,62962.1,62977.4,0.0,0.0,0.0
BTCUSDT,1783315800,2026-07-06 05:30:00+00:00,62977.3,63135.1,62912.6,63078.1,0.0,0.0,0.0
BTCUSDT,1783316700,2026-07-06 05:45:00+00:00,63078.0,63142.9,63054.0,63086.0,0.0,0.0,0.0
BTCUSDT,1783317600,2026-07-06 06:00:00+00:00,63086.0,63125.6,63011.1,63092.8,0.0,0.0,0.0
BTCUSDT,1783318500,2026-07-06 06:15:00+00:00,63092.8,63121.8,62962.0,63003.2,0.0,0.0,0.0
BTCUSDT,1783319400,2026-07-06 06:30:00+00:00,63003.2,63079.2,62940.0,63049.2,0.0,0.0,0.0
BTCUSDT,1783320300,2026-07-06 06:45:00+00:00,63049.2,63059.0,62953.7,62962.6,0.0,0.0,0.0
BTCUSDT,1783321200,2026-07-06 07:00:00+00:00,62962.6,62962.7,62858.4,62940.5,0.0,0.0,0.0
BTCUSDT,1783322100,2026-07-06 07:15:00+00:00,62940.5,63010.7,62922.4,62938.3,0.0,0.0,0.0
BTCUSDT,1783323000,2026-07-06 07:30:00+00:00,62938.3,63094.9,62888.0,63079.9,0.0,0.0,0.0
BTCUSDT,1783323900,2026-07-06 07:45:00+00:00,63079.9,63102.7,63045.0,63064.5,0.0,0.0,0.0
BTCUSDT,1783324800,2026-07-06 08:00:00+00:00,63064.5,63226.4,62980.0,63033.6,0.0,0.0,0.0
BTCUSDT,1783325700,2026-07-06 08:15:00+00:00,63033.5,63075.6,62960.1,63051.5,0.0,0.0,0.0
BTCUSDT,1783326600,2026-07-06 08:30:00+00:00,63051.5,63051.5,62807.1,62881.9,0.0,0.0,0.0
BTCUSDT,1783327500,2026-07-06 08:45:00+00:00,62881.7,62929.5,62860.0,62876.1,0.0,0.0,0.0
BTCUSDT,1783328400,2026-07-06 09:00:00+00:00,62876.0,62893.9,62820.3,62835.1,0.0,0.0,0.0
BTCUSDT,1783329300,2026-07-06 09:15:00+00:00,62835.1,62862.9,62717.0,62731.3,0.0,0.0,0.0
BTCUSDT,1783330200,2026-07-06 09:30:00+00:00,62731.2,62749.9,62610.0,62670.0,0.0,0.0,0.0
BTCUSDT,1783331100,2026-07-06 09:45:00+00:00,62670.0,62681.8,62611.5,62646.6,0.0,0.0,0.0
BTCUSDT,1783332000,2026-07-06 10:00:00+00:00,62646.5,62827.4,62641.5,62813.6,0.0,0.0,0.0
BTCUSDT,1783332900,2026-07-06 10:15:00+00:00,62813.7,62861.6,62813.7,62861.3,0.0,0.0,0.0
BTCUSDT,1783333800,2026-07-06 10:30:00+00:00,62861.2,63019.3,62850.0,62901.7,0.0,0.0,0.0
BTCUSDT,1783334700,2026-07-06 10:45:00+00:00,62901.8,62904.5,62781.0,62797.6,0.0,0.0,0.0
BTCUSDT,1783335600,2026-07-06 11:00:00+00:00,62797.7,62861.8,62774.7,62776.8,0.0,0.0,0.0
BTCUSDT,1783336500,2026-07-06 11:15:00+00:00,62776.8,62906.2,62755.4,62860.6,0.0,0.0,0.0
BTCUSDT,1783337400,2026-07-06 11:30:00+00:00,62860.7,62978.3,62848.3,62936.5,0.0,0.0,0.0
BTCUSDT,1783338300,2026-07-06 11:45:00+00:00,62936.5,62979.4,62461.4,62461.4,0.0,0.0,0.0
BTCUSDT,1783339200,2026-07-06 12:00:00+00:00,62461.2,62467.2,61839.2,61966.7,0.0,0.0,0.0
BTCUSDT,1783340100,2026-07-06 12:15:00+00:00,61966.6,62141.7,61881.5,62057.3,0.0,0.0,0.0
BTCUSDT,1783341000,2026-07-06 12:30:00+00:00,62057.2,62182.0,61742.9,61787.7,0.0,0.0,0.0
BTCUSDT,1783341900,2026-07-06 12:45:00+00:00,61787.8,61891.3,61652.0,61733.6,0.0,0.0,0.0
BTCUSDT,1783342800,2026-07-06 13:00:00+00:00,61733.6,61810.4,61570.0,61614.7,0.0,0.0,0.0
BTCUSDT,1783343700,2026-07-06 13:15:00+00:00,61614.7,61692.6,61403.1,61434.7,0.0,0.0,0.0
BTCUSDT,1783344600,2026-07-06 13:30:00+00:00,61434.7,61643.6,61297.0,61629.1,0.0,0.0,0.0
BTCUSDT,1783345500,2026-07-06 13:45:00+00:00,61629.2,62023.8,61596.4,61751.7,0.0,0.0,0.0
BTCUSDT,1783346400,2026-07-06 14:00:00+00:00,61751.7,61970.0,61724.0,61914.8,0.0,0.0,0.0
BTCUSDT,1783347300,2026-07-06 14:15:00+00:00,61914.7,62397.3,61679.4,62054.0,0.0,0.0,0.0
BTCUSDT,1783348200,2026-07-06 14:30:00+00:00,62053.9,62199.9,61927.2,62016.0,0.0,0.0,0.0
BTCUSDT,1783349100,2026-07-06 14:45:00+00:00,62015.9,62041.9,61854.2,62019.7,0.0,0.0,0.0
BTCUSDT,1783350000,2026-07-06 15:00:00+00:00,62019.7,62560.0,62019.7,62450.2,0.0,0.0,0.0
BTCUSDT,1783350900,2026-07-06 15:15:00+00:00,62450.2,62528.0,62268.0,62427.8,0.0,0.0,0.0
BTCUSDT,1783351800,2026-07-06 15:30:00+00:00,62427.8,62924.6,62244.1,62883.9,0.0,0.0,0.0
BTCUSDT,1783352700,2026-07-06 15:45:00+00:00,62883.8,63531.1,62773.0,63523.1,0.0,0.0,0.0
BTCUSDT,1783353600,2026-07-06 16:00:00+00:00,63523.0,63850.0,63356.8,63718.3,0.0,0.0,0.0
BTCUSDT,1783354500,2026-07-06 16:15:00+00:00,63718.2,63773.7,63378.5,63442.7,0.0,0.0,0.0
BTCUSDT,1783355400,2026-07-06 16:30:00+00:00,63442.6,63785.6,63434.1,63719.8,0.0,0.0,0.0
BTCUSDT,1783356300,2026-07-06 16:45:00+00:00,63719.8,63772.9,63634.7,63710.4,0.0,0.0,0.0
BTCUSDT,1783357200,2026-07-06 17:00:00+00:00,63710.4,63929.5,63645.7,63827.3,0.0,0.0,0.0
BTCUSDT,1783358100,2026-07-06 17:15:00+00:00,63827.3,63977.9,63800.0,63861.3,0.0,0.0,0.0
BTCUSDT,1783359000,2026-07-06 17:30:00+00:00,63861.4,63924.0,63636.8,63684.4,0.0,0.0,0.0
BTCUSDT,1783359900,2026-07-06 17:45:00+00:00,63684.3,63740.0,63539.9,63565.2,0.0,0.0,0.0
BTCUSDT,1783360800,2026-07-06 18:00:00+00:00,63565.2,63743.9,63532.8,63670.6,0.0,0.0,0.0
BTCUSDT,1783361700,2026-07-06 18:15:00+00:00,63670.7,63867.5,63586.8,63735.3,0.0,0.0,0.0
BTCUSDT,1783362600,2026-07-06 18:30:00+00:00,63735.4,63827.9,63671.6,63774.0,0.0,0.0,0.0
BTCUSDT,1783363500,2026-07-06 18:45:00+00:00,63774.0,63799.0,63660.9,63675.7,0.0,0.0,0.0
BTCUSDT,1783364400,2026-07-06 19:00:00+00:00,63675.8,63739.8,63628.0,63723.3,0.0,0.0,0.0
BTCUSDT,1783365300,2026-07-06 19:15:00+00:00,63723.2,63874.4,63711.8,63814.6,0.0,0.0,0.0
BTCUSDT,1783366200,2026-07-06 19:30:00+00:00,63814.5,63833.3,63737.1,63819.7,0.0,0.0,0.0
BTCUSDT,1783367100,2026-07-06 19:45:00+00:00,63819.8,63854.7,63676.7,63709.8,0.0,0.0,0.0
BTCUSDT,1783368000,2026-07-06 20:00:00+00:00,63709.9,63729.8,63560.0,63580.2,0.0,0.0,0.0
BTCUSDT,1783368900,2026-07-06 20:15:00+00:00,63580.3,63741.3,63573.5,63735.0,0.0,0.0,0.0
BTCUSDT,1783369800,2026-07-06 20:30:00+00:00,63735.0,63866.4,63726.2,63805.8,0.0,0.0,0.0
BTCUSDT,1783370700,2026-07-06 20:45:00+00:00,63805.7,63868.0,63752.0,63798.0,0.0,0.0,0.0
BTCUSDT,1783371600,2026-07-06 21:00:00+00:00,63798.1,64691.9,63781.7,64287.5,0.0,0.0,0.0
BTCUSDT,1783372500,2026-07-06 21:15:00+00:00,64287.4,64355.6,64169.1,64193.2,0.0,0.0,0.0
BTCUSDT,1783373400,2026-07-06 21:30:00+00:00,64193.2,64302.3,64124.1,64200.0,0.0,0.0,0.0
BTCUSDT,1783374300,2026-07-06 21:45:00+00:00,64200.0,64517.6,64141.8,64475.9,0.0,0.0,0.0
BTCUSDT,1783375200,2026-07-06 22:00:00+00:00,64475.9,64488.8,64267.9,64346.1,0.0,0.0,0.0
BTCUSDT,1783376100,2026-07-06 22:15:00+00:00,64346.0,64463.3,64174.4,64195.1,0.0,0.0,0.0
BTCUSDT,1783377000,2026-07-06 22:30:00+00:00,64195.1,64215.1,64150.0,64188.1,0.0,0.0,0.0
BTCUSDT,1783377900,2026-07-06 22:45:00+00:00,64188.2,64280.0,64129.4,64227.2,0.0,0.0,0.0
BTCUSDT,1783378800,2026-07-06 23:00:00+00:00,64227.2,64330.5,64200.0,64255.6,0.0,0.0,0.0
BTCUSDT,1783379700,2026-07-06 23:15:00+00:00,64255.5,64268.8,64069.2,64076.8,0.0,0.0,0.0
BTCUSDT,1783380600,2026-07-06 23:30:00+00:00,64076.8,64161.7,64040.0,64048.7,0.0,0.0,0.0
BTCUSDT,1783381500,2026-07-06 23:45:00+00:00,64048.8,64103.6,64002.0,64023.6,0.0,0.0,0.0
BTCUSDT,1783382400,2026-07-07 00:00:00+00:00,64023.5,64083.0,63989.9,64009.5,0.0,0.0,0.0
BTCUSDT,1783383300,2026-07-07 00:15:00+00:00,64009.5,64298.1,63981.6,64222.8,0.0,0.0,0.0
BTCUSDT,1783384200,2026-07-07 00:30:00+00:00,64222.9,64233.4,63994.6,64059.9,0.0,0.0,0.0
BTCUSDT,1783385100,2026-07-07 00:45:00+00:00,64060.0,64255.0,64053.5,64175.2,0.0,0.0,0.0
BTCUSDT,1783386000,2026-07-07 01:00:00+00:00,64175.1,64175.2,63853.8,63949.8,0.0,0.0,0.0
BTCUSDT,1783386900,2026-07-07 01:15:00+00:00,63949.8,64029.8,63877.6,63925.2,0.0,0.0,0.0
BTCUSDT,1783387800,2026-07-07 01:30:00+00:00,63925.2,63950.0,63738.9,63929.9,0.0,0.0,0.0
BTCUSDT,1783388700,2026-07-07 01:45:00+00:00,63929.9,63995.4,63796.4,63815.0,0.0,0.0,0.0
BTCUSDT,1783389600,2026-07-07 02:00:00+00:00,63815.0,63884.1,63755.2,63798.7,0.0,0.0,0.0
BTCUSDT,1783390500,2026-07-07 02:15:00+00:00,63798.7,63855.0,63544.1,63544.1,0.0,0.0,0.0
BTCUSDT,1783391400,2026-07-07 02:30:00+00:00,63544.2,63576.6,63388.3,63569.4,0.0,0.0,0.0
BTCUSDT,1783392300,2026-07-07 02:45:00+00:00,63569.4,63591.6,63257.0,63298.2,0.0,0.0,0.0
BTCUSDT,1783393200,2026-07-07 03:00:00+00:00,63298.2,63412.8,63225.1,63300.0,0.0,0.0,0.0
BTCUSDT,1783394100,2026-07-07 03:15:00+00:00,63300.1,63350.8,63205.4,63263.8,0.0,0.0,0.0
BTCUSDT,1783395000,2026-07-07 03:30:00+00:00,63263.7,63328.7,63151.4,63187.9,0.0,0.0,0.0
BTCUSDT,1783395900,2026-07-07 03:45:00+00:00,63187.9,63187.9,63122.0,63165.0,0.0,0.0,0.0
BTCUSDT,1783396800,2026-07-07 04:00:00+00:00,63164.9,63239.1,63117.0,63165.0,0.0,0.0,0.0
BTCUSDT,1783397700,2026-07-07 04:15:00+00:00,63165.0,63255.8,63133.4,63233.3,0.0,0.0,0.0
BTCUSDT,1783398600,2026-07-07 04:30:00+00:00,63233.4,63266.7,63120.8,63122.2,0.0,0.0,0.0
BTCUSDT,1783399500,2026-07-07 04:45:00+00:00,63122.1,63140.0,63030.7,63069.0,0.0,0.0,0.0
BTCUSDT,1783400400,2026-07-07 05:00:00+00:00,63069.0,63089.9,62745.6,62790.3,0.0,0.0,0.0
BTCUSDT,1783401300,2026-07-07 05:15:00+00:00,62790.2,62977.4,62780.3,62913.4,0.0,0.0,0.0
BTCUSDT,1783402200,2026-07-07 05:30:00+00:00,62913.4,63164.6,62912.9,63138.0,0.0,0.0,0.0
BTCUSDT,1783403100,2026-07-07 05:45:00+00:00,63138.0,63232.7,63091.4,63092.5,0.0,0.0,0.0
BTCUSDT,1783404000,2026-07-07 06:00:00+00:00,63092.4,63200.0,62954.4,63012.7,0.0,0.0,0.0
BTCUSDT,1783404900,2026-07-07 06:15:00+00:00,63012.7,63149.9,63012.7,63133.1,0.0,0.0,0.0
BTCUSDT,1783405800,2026-07-07 06:30:00+00:00,63133.1,63263.1,63106.4,63237.2,0.0,0.0,0.0
BTCUSDT,1783406700,2026-07-07 06:45:00+00:00,63237.3,63373.3,63215.2,63310.0,0.0,0.0,0.0
BTCUSDT,1783407600,2026-07-07 07:00:00+00:00,63309.9,63424.2,63275.0,63364.8,0.0,0.0,0.0
BTCUSDT,1783408500,2026-07-07 07:15:00+00:00,63364.8,63378.4,63205.1,63216.9,0.0,0.0,0.0
BTCUSDT,1783409400,2026-07-07 07:30:00+00:00,63216.9,63249.8,63062.0,63126.8,0.0,0.0,0.0
BTCUSDT,1783410300,2026-07-07 07:45:00+00:00,63126.8,63163.5,63050.0,63062.6,0.0,0.0,0.0
BTCUSDT,1783411200,2026-07-07 08:00:00+00:00,63062.7,63165.7,63004.7,63096.7,0.0,0.0,0.0
BTCUSDT,1783412100,2026-07-07 08:15:00+00:00,63096.6,63147.6,63026.4,63060.1,0.0,0.0,0.0
BTCUSDT,1783413000,2026-07-07 08:30:00+00:00,63060.1,63090.9,62958.4,63073.6,0.0,0.0,0.0
BTCUSDT,1783413900,2026-07-07 08:45:00+00:00,63073.7,63117.0,63000.0,63074.0,0.0,0.0,0.0
BTCUSDT,1783414800,2026-07-07 09:00:00+00:00,63074.0,63219.9,63030.0,63214.8,0.0,0.0,0.0
BTCUSDT,1783415700,2026-07-07 09:15:00+00:00,63214.7,63220.8,63141.0,63141.1,0.0,0.0,0.0
BTCUSDT,1783416600,2026-07-07 09:30:00+00:00,63141.0,63271.0,63120.1,63264.8,0.0,0.0,0.0
BTCUSDT,1783417500,2026-07-07 09:45:00+00:00,63264.8,63317.4,63203.8,63226.9,0.0,0.0,0.0
BTCUSDT,1783418400,2026-07-07 10:00:00+00:00,63227.0,63429.0,63222.4,63329.4,0.0,0.0,0.0
BTCUSDT,1783419300,2026-07-07 10:15:00+00:00,63329.5,63432.8,63272.9,63276.3,0.0,0.0,0.0
BTCUSDT,1783420200,2026-07-07 10:30:00+00:00,63276.3,63280.7,63185.4,63250.3,0.0,0.0,0.0
BTCUSDT,1783421100,2026-07-07 10:45:00+00:00,63250.3,63259.4,63202.6,63258.6,0.0,0.0,0.0
BTCUSDT,1783422000,2026-07-07 11:00:00+00:00,63258.5,63258.5,63080.0,63127.3,0.0,0.0,0.0
BTCUSDT,1783422900,2026-07-07 11:15:00+00:00,63127.3,63208.1,63093.7,63146.9,0.0,0.0,0.0
BTCUSDT,1783423800,2026-07-07 11:30:00+00:00,63146.9,63236.0,63098.4,63235.9,0.0,0.0,0.0
BTCUSDT,1783424700,2026-07-07 11:45:00+00:00,63235.9,63427.8,63235.9,63377.7,0.0,0.0,0.0
BTCUSDT,1783425600,2026-07-07 12:00:00+00:00,63377.8,63868.0,63365.7,63795.0,0.0,0.0,0.0
BTCUSDT,1783426500,2026-07-07 12:15:00+00:00,63794.9,63795.0,63609.6,63677.5,0.0,0.0,0.0
BTCUSDT,1783427400,2026-07-07 12:30:00+00:00,63677.4,63677.5,63460.8,63585.1,0.0,0.0,0.0
BTCUSDT,1783428300,2026-07-07 12:45:00+00:00,63585.1,63585.2,63420.5,63451.9,0.0,0.0,0.0
BTCUSDT,1783429200,2026-07-07 13:00:00+00:00,63451.8,63455.4,63243.0,63309.2,0.0,0.0,0.0
BTCUSDT,1783430100,2026-07-07 13:15:00+00:00,63309.2,63343.4,63051.1,63093.9,0.0,0.0,0.0
BTCUSDT,1783431000,2026-07-07 13:30:00+00:00,63093.9,63232.1,62960.3,63145.1,0.0,0.0,0.0
BTCUSDT,1783431900,2026-07-07 13:45:00+00:00,63145.2,63389.0,62984.1,63033.2,0.0,0.0,0.0
BTCUSDT,1783432800,2026-07-07 14:00:00+00:00,63033.3,63242.8,62842.0,62958.4,0.0,0.0,0.0
BTCUSDT,1783433700,2026-07-07 14:15:00+00:00,62958.5,63127.7,62899.9,63124.1,0.0,0.0,0.0
BTCUSDT,1783434600,2026-07-07 14:30:00+00:00,63124.0,63229.0,62638.0,62919.6,0.0,0.0,0.0
BTCUSDT,1783435500,2026-07-07 14:45:00+00:00,62919.5,63617.8,62919.5,63536.5,0.0,0.0,0.0
BTCUSDT,1783436400,2026-07-07 15:00:00+00:00,63536.5,63609.2,63349.4,63488.8,0.0,0.0,0.0
BTCUSDT,1783437300,2026-07-07 15:15:00+00:00,63488.7,63773.3,63464.1,63718.4,0.0,0.0,0.0
BTCUSDT,1783438200,2026-07-07 15:30:00+00:00,63718.4,63960.9,63639.0,63816.3,0.0,0.0,0.0
BTCUSDT,1783439100,2026-07-07 15:45:00+00:00,63816.3,64096.0,63816.3,63910.0,0.0,0.0,0.0
BTCUSDT,1783440000,2026-07-07 16:00:00+00:00,63910.0,64018.0,63785.8,63852.5,0.0,0.0,0.0
BTCUSDT,1783440900,2026-07-07 16:15:00+00:00,63852.5,64049.9,63780.3,63971.3,0.0,0.0,0.0
BTCUSDT,1783441800,2026-07-07 16:30:00+00:00,63971.3,64068.6,63905.6,64027.6,0.0,0.0,0.0
BTCUSDT,1783442700,2026-07-07 16:45:00+00:00,64027.6,64234.1,63952.0,63962.4,0.0,0.0,0.0
BTCUSDT,1783443600,2026-07-07 17:00:00+00:00,63962.4,64115.2,63938.8,63995.3,0.0,0.0,0.0
BTCUSDT,1783444500,2026-07-07 17:15:00+00:00,63995.4,64137.9,63868.2,64123.1,0.0,0.0,0.0
BTCUSDT,1783445400,2026-07-07 17:30:00+00:00,64123.1,64211.0,64063.1,64210.2,0.0,0.0,0.0
BTCUSDT,1783446300,2026-07-07 17:45:00+00:00,64210.1,64210.2,64100.0,64164.7,0.0,0.0,0.0
BTCUSDT,1783447200,2026-07-07 18:00:00+00:00,64164.6,64168.8,63975.3,64000.0,0.0,0.0,0.0
BTCUSDT,1783448100,2026-07-07 18:15:00+00:00,64000.0,64127.1,63946.9,63964.4,0.0,0.0,0.0
BTCUSDT,1783449000,2026-07-07 18:30:00+00:00,63964.5,64070.2,63930.6,64070.2,0.0,0.0,0.0
BTCUSDT,1783449900,2026-07-07 18:45:00+00:00,64070.1,64118.8,63646.5,63653.8,0.0,0.0,0.0
BTCUSDT,1783450800,2026-07-07 19:00:00+00:00,63653.6,63748.0,63500.1,63505.2,0.0,0.0,0.0
BTCUSDT,1783451700,2026-07-07 19:15:00+00:00,63505.1,63662.9,63351.4,63572.4,0.0,0.0,0.0
BTCUSDT,1783452600,2026-07-07 19:30:00+00:00,63572.5,63792.0,63572.5,63773.8,0.0,0.0,0.0
BTCUSDT,1783453500,2026-07-07 19:45:00+00:00,63773.9,63873.2,63747.3,63794.9,0.0,0.0,0.0
BTCUSDT,1783454400,2026-07-07 20:00:00+00:00,63794.9,63874.6,63663.8,63759.5,0.0,0.0,0.0
BTCUSDT,1783455300,2026-07-07 20:15:00+00:00,63759.4,63789.0,63676.9,63707.6,0.0,0.0,0.0
BTCUSDT,1783456200,2026-07-07 20:30:00+00:00,63707.6,63717.3,63588.5,63652.0,0.0,0.0,0.0
BTCUSDT,1783457100,2026-07-07 20:45:00+00:00,63652.0,63677.4,63589.2,63668.3,0.0,0.0,0.0
BTCUSDT,1783458000,2026-07-07 21:00:00+00:00,63668.4,63839.9,63668.3,63754.9,0.0,0.0,0.0
BTCUSDT,1783458900,2026-07-07 21:15:00+00:00,63754.9,63754.9,63366.5,63497.6,0.0,0.0,0.0
BTCUSDT,1783459800,2026-07-07 21:30:00+00:00,63497.5,63506.9,63264.0,63376.3,0.0,0.0,0.0
BTCUSDT,1783460700,2026-07-07 21:45:00+00:00,63376.3,63496.4,63339.3,63399.5,0.0,0.0,0.0
BTCUSDT,1783461600,2026-07-07 22:00:00+00:00,63399.5,63438.6,63177.0,63425.6,0.0,0.0,0.0
BTCUSDT,1783462500,2026-07-07 22:15:00+00:00,63425.5,63487.8,63354.7,63431.4,0.0,0.0,0.0
BTCUSDT,1783463400,2026-07-07 22:30:00+00:00,63431.5,63635.4,63396.2,63577.9,0.0,0.0,0.0
BTCUSDT,1783464300,2026-07-07 22:45:00+00:00,63577.8,63577.8,63459.2,63514.9,0.0,0.0,0.0
BTCUSDT,1783465200,2026-07-07 23:00:00+00:00,63514.9,63639.3,63492.6,63609.6,0.0,0.0,0.0
BTCUSDT,1783466100,2026-07-07 23:15:00+00:00,63609.5,63679.5,63584.2,63624.2,0.0,0.0,0.0
BTCUSDT,1783467000,2026-07-07 23:30:00+00:00,63624.1,63630.9,63413.8,63413.8,0.0,0.0,0.0
BTCUSDT,1783467900,2026-07-07 23:45:00+00:00,63413.9,63425.0,63288.0,63335.4,0.0,0.0,0.0
BTCUSDT,1783468800,2026-07-08 00:00:00+00:00,63335.4,63487.0,63274.1,63467.6,0.0,0.0,0.0
BTCUSDT,1783469700,2026-07-08 00:15:00+00:00,63467.5,63650.4,63378.1,63580.3,0.0,0.0,0.0
BTCUSDT,1783470600,2026-07-08 00:30:00+00:00,63580.2,63740.2,63516.4,63683.0,0.0,0.0,0.0
BTCUSDT,1783471500,2026-07-08 00:45:00+00:00,63683.0,63688.3,63553.2,63585.9,0.0,0.0,0.0
BTCUSDT,1783472400,2026-07-08 01:00:00+00:00,63585.9,63624.0,63438.3,63607.6,0.0,0.0,0.0
BTCUSDT,1783473300,2026-07-08 01:15:00+00:00,63607.6,63607.6,63394.0,63394.0,0.0,0.0,0.0
BTCUSDT,1783474200,2026-07-08 01:30:00+00:00,63394.1,63426.5,62883.6,63117.4,0.0,0.0,0.0
BTCUSDT,1783475100,2026-07-08 01:45:00+00:00,63117.4,63189.9,62936.6,63003.7,0.0,0.0,0.0
BTCUSDT,1783476000,2026-07-08 02:00:00+00:00,63003.7,63003.7,62779.7,62853.1,0.0,0.0,0.0
BTCUSDT,1783476900,2026-07-08 02:15:00+00:00,62853.1,62958.4,62777.7,62854.2,0.0,0.0,0.0
BTCUSDT,1783477800,2026-07-08 02:30:00+00:00,62854.2,62945.8,62466.9,62940.4,0.0,0.0,0.0
BTCUSDT,1783478700,2026-07-08 02:45:00+00:00,62940.4,63037.1,62856.1,62951.3,0.0,0.0,0.0
BTCUSDT,1783479600,2026-07-08 03:00:00+00:00,62951.4,63067.9,62936.1,63036.1,0.0,0.0,0.0
BTCUSDT,1783480500,2026-07-08 03:15:00+00:00,63036.2,63036.2,62938.0,63020.3,0.0,0.0,0.0
BTCUSDT,1783481400,2026-07-08 03:30:00+00:00,63020.3,63020.3,62885.0,62918.4,0.0,0.0,0.0
BTCUSDT,1783482300,2026-07-08 03:45:00+00:00,62918.4,62918.5,62666.0,62741.0,0.0,0.0,0.0
BTCUSDT,1783483200,2026-07-08 04:00:00+00:00,62741.0,62831.0,62700.0,62769.3,0.0,0.0,0.0
BTCUSDT,1783484100,2026-07-08 04:15:00+00:00,62769.4,62869.0,62766.0,62846.1,0.0,0.0,0.0
BTCUSDT,1783485000,2026-07-08 04:30:00+00:00,62846.1,62873.3,62680.5,62710.5,0.0,0.0,0.0
BTCUSDT,1783485900,2026-07-08 04:45:00+00:00,62710.5,62787.6,62643.6,62767.3,0.0,0.0,0.0
BTCUSDT,1783486800,2026-07-08 05:00:00+00:00,62766.9,62851.2,62717.0,62770.3,0.0,0.0,0.0
BTCUSDT,1783487700,2026-07-08 05:15:00+00:00,62770.2,62823.0,62688.0,62745.2,0.0,0.0,0.0
BTCUSDT,1783488600,2026-07-08 05:30:00+00:00,62745.2,62752.5,62585.1,62590.0,0.0,0.0,0.0
BTCUSDT,1783489500,2026-07-08 05:45:00+00:00,62590.0,62660.9,62520.4,62613.8,0.0,0.0,0.0
BTCUSDT,1783490400,2026-07-08 06:00:00+00:00,62613.8,62622.8,62530.7,62599.2,0.0,0.0,0.0
BTCUSDT,1783491300,2026-07-08 06:15:00+00:00,62599.2,62681.7,62434.9,62592.1,0.0,0.0,0.0
BTCUSDT,1783492200,2026-07-08 06:30:00+00:00,62592.0,62608.2,62442.3,62513.6,0.0,0.0,0.0
BTCUSDT,1783493100,2026-07-08 06:45:00+00:00,62513.6,62718.2,62495.8,62628.5,0.0,0.0,0.0
BTCUSDT,1783494000,2026-07-08 07:00:00+00:00,62628.5,62724.1,62519.3,62715.0,0.0,0.0,0.0
BTCUSDT,1783494900,2026-07-08 07:15:00+00:00,62715.0,62806.6,62643.1,62780.1,0.0,0.0,0.0
BTCUSDT,1783495800,2026-07-08 07:30:00+00:00,62780.1,62850.0,62728.9,62797.3,0.0,0.0,0.0
BTCUSDT,1783496700,2026-07-08 07:45:00+00:00,62797.3,62867.7,62769.9,62854.1,0.0,0.0,0.0
BTCUSDT,1783497600,2026-07-08 08:00:00+00:00,62854.1,62921.8,62756.2,62805.7,0.0,0.0,0.0
BTCUSDT,1783498500,2026-07-08 08:15:00+00:00,62805.7,62823.8,62050.0,62053.0,0.0,0.0,0.0
BTCUSDT,1783499400,2026-07-08 08:30:00+00:00,62052.9,62133.7,61821.0,62021.4,0.0,0.0,0.0
BTCUSDT,1783500300,2026-07-08 08:45:00+00:00,62021.5,62311.3,61970.2,61989.8,0.0,0.0,0.0
BTCUSDT,1783501200,2026-07-08 09:00:00+00:00,61989.9,62089.0,61855.7,61855.7,0.0,0.0,0.0
BTCUSDT,1783502100,2026-07-08 09:15:00+00:00,61855.8,61912.7,61708.2,61909.8,0.0,0.0,0.0
BTCUSDT,1783503000,2026-07-08 09:30:00+00:00,61909.9,62142.9,61906.8,62113.3,0.0,0.0,0.0
BTCUSDT,1783503900,2026-07-08 09:45:00+00:00,62113.2,62113.5,62017.8,62031.7,0.0,0.0,0.0
BTCUSDT,1783504800,2026-07-08 10:00:00+00:00,62031.8,62069.2,61876.0,61976.2,0.0,0.0,0.0
BTCUSDT,1783505700,2026-07-08 10:15:00+00:00,61976.3,62090.3,61950.0,62090.2,0.0,0.0,0.0
BTCUSDT,1783506600,2026-07-08 10:30:00+00:00,62090.3,62144.8,62034.5,62117.8,0.0,0.0,0.0
BTCUSDT,1783507500,2026-07-08 10:45:00+00:00,62117.8,62164.7,62066.1,62149.8,0.0,0.0,0.0
BTCUSDT,1783508400,2026-07-08 11:00:00+00:00,62149.9,62159.0,62040.1,62087.0,0.0,0.0,0.0
BTCUSDT,1783509300,2026-07-08 11:15:00+00:00,62086.9,62139.4,62025.2,62096.6,0.0,0.0,0.0
BTCUSDT,1783510200,2026-07-08 11:30:00+00:00,62096.5,62366.0,62053.3,62304.1,0.0,0.0,0.0
BTCUSDT,1783511100,2026-07-08 11:45:00+00:00,62304.1,62328.6,62200.0,62270.0,0.0,0.0,0.0
BTCUSDT,1783512000,2026-07-08 12:00:00+00:00,62270.0,62394.1,62173.0,62286.2,0.0,0.0,0.0
BTCUSDT,1783512900,2026-07-08 12:15:00+00:00,62286.2,62341.9,62192.0,62252.0,0.0,0.0,0.0
BTCUSDT,1783513800,2026-07-08 12:30:00+00:00,62251.9,62275.2,62060.0,62074.9,0.0,0.0,0.0
BTCUSDT,1783514700,2026-07-08 12:45:00+00:00,62074.9,62129.9,61933.0,61933.9,0.0,0.0,0.0
BTCUSDT,1783515600,2026-07-08 13:00:00+00:00,61933.9,61977.4,61820.3,61892.3,0.0,0.0,0.0
BTCUSDT,1783516500,2026-07-08 13:15:00+00:00,61892.3,61917.6,61733.3,61806.6,0.0,0.0,0.0
BTCUSDT,1783517400,2026-07-08 13:30:00+00:00,61806.7,62073.6,61806.7,61935.8,0.0,0.0,0.0
BTCUSDT,1783518300,2026-07-08 13:45:00+00:00,61935.9,61941.4,61615.0,61923.0,0.0,0.0,0.0
BTCUSDT,1783519200,2026-07-08 14:00:00+00:00,61922.9,62122.6,61889.2,62016.1,0.0,0.0,0.0
BTCUSDT,1783520100,2026-07-08 14:15:00+00:00,62016.1,62151.9,61800.0,61970.0,0.0,0.0,0.0
BTCUSDT,1783521000,2026-07-08 14:30:00+00:00,61970.0,62012.2,61825.4,61887.1,0.0,0.0,0.0
BTCUSDT,1783521900,2026-07-08 14:45:00+00:00,61887.1,62022.0,61686.7,61865.5,0.0,0.0,0.0
BTCUSDT,1783522800,2026-07-08 15:00:00+00:00,61865.6,61900.5,61562.9,61590.0,0.0,0.0,0.0
BTCUSDT,1783523700,2026-07-08 15:15:00+00:00,61589.9,61697.7,61520.0,61605.7,0.0,0.0,0.0
BTCUSDT,1783524600,2026-07-08 15:30:00+00:00,61605.6,61780.0,61566.3,61599.9,0.0,0.0,0.0
BTCUSDT,1783525500,2026-07-08 15:45:00+00:00,61600.0,61708.4,61569.3,61674.5,0.0,0.0,0.0
BTCUSDT,1783526400,2026-07-08 16:00:00+00:00,61674.6,61885.9,61666.0,61809.8,0.0,0.0,0.0
BTCUSDT,1783527300,2026-07-08 16:15:00+00:00,61809.8,61966.2,61762.1,61890.0,0.0,0.0,0.0
BTCUSDT,1783528200,2026-07-08 16:30:00+00:00,61890.0,62066.6,61758.2,62028.8,0.0,0.0,0.0
BTCUSDT,1783529100,2026-07-08 16:45:00+00:00,62028.8,62129.8,61985.6,62086.4,0.0,0.0,0.0
BTCUSDT,1783530000,2026-07-08 17:00:00+00:00,62086.3,62127.0,62005.2,62035.5,0.0,0.0,0.0
BTCUSDT,1783530900,2026-07-08 17:15:00+00:00,62035.5,62286.0,62021.6,62278.9,0.0,0.0,0.0
BTCUSDT,1783531800,2026-07-08 17:30:00+00:00,62279.0,62372.7,62217.7,62240.2,0.0,0.0,0.0
BTCUSDT,1783532700,2026-07-08 17:45:00+00:00,62240.1,62248.8,62030.1,62086.5,0.0,0.0,0.0
BTCUSDT,1783533600,2026-07-08 18:00:00+00:00,62086.4,62288.0,62067.0,62269.1,0.0,0.0,0.0
BTCUSDT,1783534500,2026-07-08 18:15:00+00:00,62269.1,62331.0,62161.3,62166.5,0.0,0.0,0.0
BTCUSDT,1783535400,2026-07-08 18:30:00+00:00,62166.4,62166.5,62014.1,62070.6,0.0,0.0,0.0
BTCUSDT,1783536300,2026-07-08 18:45:00+00:00,62070.7,62256.3,62050.9,62158.8,0.0,0.0,0.0
BTCUSDT,1783537200,2026-07-08 19:00:00+00:00,62158.9,62250.0,62070.0,62073.1,0.0,0.0,0.0
BTCUSDT,1783538100,2026-07-08 19:15:00+00:00,62073.2,62221.4,62043.0,62212.5,0.0,0.0,0.0
BTCUSDT,1783539000,2026-07-08 19:30:00+00:00,62212.5,62264.8,62181.2,62261.8,0.0,0.0,0.0
BTCUSDT,1783539900,2026-07-08 19:45:00+00:00,62261.8,62270.4,62096.3,62251.9,0.0,0.0,0.0
BTCUSDT,1783540800,2026-07-08 20:00:00+00:00,62251.9,62287.1,62155.4,62228.0,0.0,0.0,0.0
BTCUSDT,1783541700,2026-07-08 20:15:00+00:00,62228.1,62243.6,62118.8,62243.6,0.0,0.0,0.0
BTCUSDT,1783542600,2026-07-08 20:30:00+00:00,62243.6,62250.5,62080.8,62166.1,0.0,0.0,0.0
BTCUSDT,1783543500,2026-07-08 20:45:00+00:00,62166.1,62213.3,62051.2,62076.2,0.0,0.0,0.0
BTCUSDT,1783544400,2026-07-08 21:00:00+00:00,62076.2,62118.9,61926.9,61977.5,0.0,0.0,0.0
BTCUSDT,1783545300,2026-07-08 21:15:00+00:00,61977.6,62078.6,61952.7,62078.5,0.0,0.0,0.0
BTCUSDT,1783546200,2026-07-08 21:30:00+00:00,62078.6,62126.9,62022.7,62070.0,0.0,0.0,0.0
BTCUSDT,1783547100,2026-07-08 21:45:00+00:00,62069.4,62226.4,62043.6,62162.4,0.0,0.0,0.0
BTCUSDT,1783548000,2026-07-08 22:00:00+00:00,62162.4,62331.8,62149.9,62183.4,0.0,0.0,0.0
BTCUSDT,1783548900,2026-07-08 22:15:00+00:00,62183.4,62276.3,62144.4,62276.2,0.0,0.0,0.0
BTCUSDT,1783549800,2026-07-08 22:30:00+00:00,62276.3,62308.8,62204.0,62294.7,0.0,0.0,0.0
BTCUSDT,1783550700,2026-07-08 22:45:00+00:00,62294.6,62307.6,62225.0,62303.5,0.0,0.0,0.0
BTCUSDT,1783551600,2026-07-08 23:00:00+00:00,62303.5,62320.6,62250.2,62298.6,0.0,0.0,0.0
BTCUSDT,1783552500,2026-07-08 23:15:00+00:00,62298.6,62298.6,62174.4,62233.4,0.0,0.0,0.0
BTCUSDT,1783553400,2026-07-08 23:30:00+00:00,62233.4,62238.0,62139.3,62229.2,0.0,0.0,0.0
BTCUSDT,1783554300,2026-07-08 23:45:00+00:00,62229.1,62298.7,62192.2,62255.3,0.0,0.0,0.0
BTCUSDT,1783555200,2026-07-09 00:00:00+00:00,62255.1,62284.4,62118.6,62210.4,0.0,0.0,0.0
BTCUSDT,1783556100,2026-07-09 00:15:00+00:00,62210.4,62229.4,62080.0,62165.4,0.0,0.0,0.0
BTCUSDT,1783557000,2026-07-09 00:30:00+00:00,62165.4,62258.9,62055.0,62174.8,0.0,0.0,0.0
BTCUSDT,1783557900,2026-07-09 00:45:00+00:00,62174.7,62219.9,62025.4,62101.8,0.0,0.0,0.0
BTCUSDT,1783558800,2026-07-09 01:00:00+00:00,62101.8,62620.2,62083.7,62374.7,0.0,0.0,0.0
BTCUSDT,1783559700,2026-07-09 01:15:00+00:00,62374.8,62522.0,62327.2,62365.6,0.0,0.0,0.0
BTCUSDT,1783560600,2026-07-09 01:30:00+00:00,62365.6,62387.1,62027.2,62091.3,0.0,0.0,0.0
BTCUSDT,1783561500,2026-07-09 01:45:00+00:00,62091.2,62094.0,61796.1,61882.2,0.0,0.0,0.0
BTCUSDT,1783562400,2026-07-09 02:00:00+00:00,61882.2,62063.7,61775.0,62048.3,0.0,0.0,0.0
BTCUSDT,1783563300,2026-07-09 02:15:00+00:00,62048.3,62098.0,61919.0,61979.1,0.0,0.0,0.0
BTCUSDT,1783564200,2026-07-09 02:30:00+00:00,61979.0,62007.2,61767.5,61780.1,0.0,0.0,0.0
BTCUSDT,1783565100,2026-07-09 02:45:00+00:00,61780.1,61821.5,61666.0,61753.7,0.0,0.0,0.0
BTCUSDT,1783566000,2026-07-09 03:00:00+00:00,61753.8,61836.5,61693.1,61825.4,0.0,0.0,0.0
BTCUSDT,1783566900,2026-07-09 03:15:00+00:00,61825.4,61923.0,61704.3,61888.0,0.0,0.0,0.0
BTCUSDT,1783567800,2026-07-09 03:30:00+00:00,61888.0,62042.7,61846.3,61950.0,0.0,0.0,0.0
BTCUSDT,1783568700,2026-07-09 03:45:00+00:00,61950.0,61978.7,61879.1,61943.1,0.0,0.0,0.0
BTCUSDT,1783569600,2026-07-09 04:00:00+00:00,61943.2,62068.0,61929.0,62000.0,0.0,0.0,0.0
BTCUSDT,1783570500,2026-07-09 04:15:00+00:00,62000.0,62091.9,61978.3,62063.4,0.0,0.0,0.0
BTCUSDT,1783571400,2026-07-09 04:30:00+00:00,62063.3,62277.0,62056.9,62276.9,0.0,0.0,0.0
BTCUSDT,1783572300,2026-07-09 04:45:00+00:00,62277.0,62427.7,62247.7,62420.4,0.0,0.0,0.0
BTCUSDT,1783573200,2026-07-09 05:00:00+00:00,62420.3,62599.6,62321.8,62474.2,0.0,0.0,0.0
BTCUSDT,1783574100,2026-07-09 05:15:00+00:00,62474.3,62511.9,62231.5,62278.5,0.0,0.0,0.0
BTCUSDT,1783575000,2026-07-09 05:30:00+00:00,62278.5,62382.9,62204.9,62352.9,0.0,0.0,0.0
BTCUSDT,1783575900,2026-07-09 05:45:00+00:00,62352.8,62565.9,62326.9,62565.8,0.0,0.0,0.0
BTCUSDT,1783576800,2026-07-09 06:00:00+00:00,62565.8,62750.0,62452.1,62505.1,0.0,0.0,0.0
BTCUSDT,1783577700,2026-07-09 06:15:00+00:00,62505.1,62857.4,62466.7,62799.0,0.0,0.0,0.0
BTCUSDT,1783578600,2026-07-09 06:30:00+00:00,62799.0,62831.1,62725.4,62829.9,0.0,0.0,0.0
BTCUSDT,1783579500,2026-07-09 06:45:00+00:00,62830.0,62958.0,62787.6,62934.0,0.0,0.0,0.0
BTCUSDT,1783580400,2026-07-09 07:00:00+00:00,62933.9,63158.6,62804.7,62918.3,0.0,0.0,0.0
BTCUSDT,1783581300,2026-07-09 07:15:00+00:00,62918.4,63067.4,62821.3,62889.4,0.0,0.0,0.0
BTCUSDT,1783582200,2026-07-09 07:30:00+00:00,62889.4,63022.8,62774.5,63014.9,0.0,0.0,0.0
BTCUSDT,1783583100,2026-07-09 07:45:00+00:00,63014.8,63286.5,62933.3,62973.7,0.0,0.0,0.0
BTCUSDT,1783584000,2026-07-09 08:00:00+00:00,62973.6,62998.9,62885.1,62929.3,0.0,0.0,0.0
BTCUSDT,1783584900,2026-07-09 08:15:00+00:00,62929.3,63028.5,62900.8,63020.1,0.0,0.0,0.0
BTCUSDT,1783585800,2026-07-09 08:30:00+00:00,63020.1,63083.9,62947.1,63010.7,0.0,0.0,0.0
BTCUSDT,1783586700,2026-07-09 08:45:00+00:00,63010.7,63015.2,62822.8,62872.6,0.0,0.0,0.0
BTCUSDT,1783587600,2026-07-09 09:00:00+00:00,62872.7,62920.5,62786.5,62837.7,0.0,0.0,0.0
BTCUSDT,1783588500,2026-07-09 09:15:00+00:00,62837.7,62913.0,62793.7,62895.7,0.0,0.0,0.0
BTCUSDT,1783589400,2026-07-09 09:30:00+00:00,62895.6,62980.4,62753.1,62777.4,0.0,0.0,0.0
BTCUSDT,1783590300,2026-07-09 09:45:00+00:00,62777.4,62943.4,62761.7,62925.0,0.0,0.0,0.0
BTCUSDT,1783591200,2026-07-09 10:00:00+00:00,62925.0,63030.5,62877.8,62979.5,0.0,0.0,0.0
BTCUSDT,1783592100,2026-07-09 10:15:00+00:00,62979.6,62990.0,62843.2,62854.2,0.0,0.0,0.0
BTCUSDT,1783593000,2026-07-09 10:30:00+00:00,62854.3,62922.3,62823.6,62877.3,0.0,0.0,0.0
BTCUSDT,1783593900,2026-07-09 10:45:00+00:00,62877.3,62877.3,62653.8,62757.2,0.0,0.0,0.0
BTCUSDT,1783594800,2026-07-09 11:00:00+00:00,62757.2,62804.8,62720.6,62775.4,0.0,0.0,0.0
BTCUSDT,1783595700,2026-07-09 11:15:00+00:00,62775.3,62775.3,62626.2,62680.0,0.0,0.0,0.0
BTCUSDT,1783596600,2026-07-09 11:30:00+00:00,62680.0,62708.8,62583.4,62631.0,0.0,0.0,0.0
BTCUSDT,1783597500,2026-07-09 11:45:00+00:00,62630.9,62794.9,62589.0,62756.0,0.0,0.0,0.0
BTCUSDT,1783598400,2026-07-09 12:00:00+00:00,62755.9,62858.8,62626.8,62750.1,0.0,0.0,0.0
BTCUSDT,1783599300,2026-07-09 12:15:00+00:00,62750.0,62824.7,62569.4,62783.5,0.0,0.0,0.0
BTCUSDT,1783600200,2026-07-09 12:30:00+00:00,62783.5,62934.3,62545.5,62587.8,0.0,0.0,0.0
BTCUSDT,1783601100,2026-07-09 12:45:00+00:00,62587.9,62645.6,62428.5,62583.3,0.0,0.0,0.0
BTCUSDT,1783602000,2026-07-09 13:00:00+00:00,62583.3,62897.0,62583.2,62844.4,0.0,0.0,0.0
BTCUSDT,1783602900,2026-07-09 13:15:00+00:00,62844.5,62848.9,62661.0,62703.4,0.0,0.0,0.0
BTCUSDT,1783603800,2026-07-09 13:30:00+00:00,62703.6,62943.2,62490.2,62943.2,0.0,0.0,0.0
BTCUSDT,1783604700,2026-07-09 13:45:00+00:00,62943.3,63215.0,62783.4,62999.9,0.0,0.0,0.0
BTCUSDT,1783605600,2026-07-09 14:00:00+00:00,63000.0,63117.9,62826.8,62893.9,0.0,0.0,0.0
BTCUSDT,1783606500,2026-07-09 14:15:00+00:00,62893.8,62893.8,62620.1,62852.9,0.0,0.0,0.0
BTCUSDT,1783607400,2026-07-09 14:30:00+00:00,62853.0,62973.6,62713.0,62885.3,0.0,0.0,0.0
BTCUSDT,1783608300,2026-07-09 14:45:00+00:00,62885.2,63023.1,62784.1,62982.5,0.0,0.0,0.0
BTCUSDT,1783609200,2026-07-09 15:00:00+00:00,62982.4,63174.9,62889.8,63065.3,0.0,0.0,0.0
BTCUSDT,1783610100,2026-07-09 15:15:00+00:00,63065.3,63233.0,62911.0,62961.7,0.0,0.0,0.0
BTCUSDT,1783611000,2026-07-09 15:30:00+00:00,62961.8,63062.0,62838.2,62947.7,0.0,0.0,0.0
BTCUSDT,1783611900,2026-07-09 15:45:00+00:00,62947.8,63023.7,62782.5,62835.4,0.0,0.0,0.0
BTCUSDT,1783612800,2026-07-09 16:00:00+00:00,62835.4,62969.3,62798.0,62823.8,0.0,0.0,0.0
BTCUSDT,1783613700,2026-07-09 16:15:00+00:00,62823.8,62856.0,62525.2,62681.8,0.0,0.0,0.0
BTCUSDT,1783614600,2026-07-09 16:30:00+00:00,62681.9,62768.5,62654.5,62706.2,0.0,0.0,0.0
BTCUSDT,1783615500,2026-07-09 16:45:00+00:00,62706.2,62716.3,62580.4,62670.7,0.0,0.0,0.0
BTCUSDT,1783616400,2026-07-09 17:00:00+00:00,62670.7,62777.8,62640.2,62681.2,0.0,0.0,0.0
BTCUSDT,1783617300,2026-07-09 17:15:00+00:00,62681.2,62830.7,62680.1,62815.8,0.0,0.0,0.0
BTCUSDT,1783618200,2026-07-09 17:30:00+00:00,62815.7,63029.5,62730.1,63004.5,0.0,0.0,0.0
BTCUSDT,1783619100,2026-07-09 17:45:00+00:00,63004.6,63146.0,62991.6,63114.7,0.0,0.0,0.0
BTCUSDT,1783620000,2026-07-09 18:00:00+00:00,63114.8,63484.9,63041.9,63367.0,0.0,0.0,0.0
BTCUSDT,1783620900,2026-07-09 18:15:00+00:00,63367.1,63397.6,63222.3,63363.9,0.0,0.0,0.0
BTCUSDT,1783621800,2026-07-09 18:30:00+00:00,63363.8,63400.1,63235.6,63298.8,0.0,0.0,0.0
BTCUSDT,1783622700,2026-07-09 18:45:00+00:00,63298.8,63333.0,63163.0,63199.8,0.0,0.0,0.0
BTCUSDT,1783623600,2026-07-09 19:00:00+00:00,63199.9,63253.9,63164.6,63188.0,0.0,0.0,0.0
BTCUSDT,1783624500,2026-07-09 19:15:00+00:00,63187.9,63258.2,63130.0,63240.8,0.0,0.0,0.0
BTCUSDT,1783625400,2026-07-09 19:30:00+00:00,63240.8,63356.5,63201.0,63339.0,0.0,0.0,0.0
BTCUSDT,1783626300,2026-07-09 19:45:00+00:00,63339.0,63365.0,63201.1,63222.9,0.0,0.0,0.0
BTCUSDT,1783627200,2026-07-09 20:00:00+00:00,63223.0,63264.0,63148.1,63171.3,0.0,0.0,0.0
BTCUSDT,1783628100,2026-07-09 20:15:00+00:00,63171.2,63299.9,63161.2,63255.6,0.0,0.0,0.0
BTCUSDT,1783629000,2026-07-09 20:30:00+00:00,63255.6,63300.0,63223.7,63288.8,0.0,0.0,0.0
BTCUSDT,1783629900,2026-07-09 20:45:00+00:00,63288.9,63300.0,63217.5,63288.7,0.0,0.0,0.0
BTCUSDT,1783630800,2026-07-09 21:00:00+00:00,63288.8,63371.7,63254.3,63290.9,0.0,0.0,0.0
BTCUSDT,1783631700,2026-07-09 21:15:00+00:00,63291.0,63321.0,63215.6,63225.5,0.0,0.0,0.0
BTCUSDT,1783632600,2026-07-09 21:30:00+00:00,63225.6,63253.8,63162.7,63205.4,0.0,0.0,0.0
BTCUSDT,1783633500,2026-07-09 21:45:00+00:00,63205.5,63263.9,63192.4,63248.9,0.0,0.0,0.0
BTCUSDT,1783634400,2026-07-09 22:00:00+00:00,63249.0,63317.3,63206.6,63222.3,0.0,0.0,0.0
BTCUSDT,1783635300,2026-07-09 22:15:00+00:00,63222.2,63353.1,63222.2,63315.5,0.0,0.0,0.0
BTCUSDT,1783636200,2026-07-09 22:30:00+00:00,63315.5,63395.9,63232.7,63333.0,0.0,0.0,0.0
BTCUSDT,1783637100,2026-07-09 22:45:00+00:00,63333.0,63369.7,63180.9,63186.1,0.0,0.0,0.0
BTCUSDT,1783638000,2026-07-09 23:00:00+00:00,63186.2,63227.4,63145.5,63149.0,0.0,0.0,0.0
BTCUSDT,1783638900,2026-07-09 23:15:00+00:00,63148.9,63299.9,63032.2,63198.3,0.0,0.0,0.0
BTCUSDT,1783639800,2026-07-09 23:30:00+00:00,63198.3,63276.5,63124.3,63260.0,0.0,0.0,0.0
BTCUSDT,1783640700,2026-07-09 23:45:00+00:00,63260.0,63298.7,63197.0,63197.0,0.0,0.0,0.0
BTCUSDT,1783641600,2026-07-10 00:00:00+00:00,63197.1,63239.2,63100.0,63200.0,0.0,0.0,0.0
BTCUSDT,1783642500,2026-07-10 00:15:00+00:00,63200.0,63230.0,63044.1,63075.9,0.0,0.0,0.0
BTCUSDT,1783643400,2026-07-10 00:30:00+00:00,63075.8,63148.8,62897.0,63020.1,0.0,0.0,0.0
BTCUSDT,1783644300,2026-07-10 00:45:00+00:00,63020.0,63094.1,62966.3,63085.3,0.0,0.0,0.0
BTCUSDT,1783645200,2026-07-10 01:00:00+00:00,63085.3,63108.1,62931.7,63105.0,0.0,0.0,0.0
BTCUSDT,1783646100,2026-07-10 01:15:00+00:00,63105.0,63378.2,63104.0,63374.0,0.0,0.0,0.0
BTCUSDT,1783647000,2026-07-10 01:30:00+00:00,63374.1,63436.0,63303.2,63362.3,0.0,0.0,0.0
BTCUSDT,1783647900,2026-07-10 01:45:00+00:00,63362.4,63938.8,63351.8,63726.6,0.0,0.0,0.0
BTCUSDT,1783648800,2026-07-10 02:00:00+00:00,63726.7,63864.0,63662.6,63844.9,0.0,0.0,0.0
BTCUSDT,1783649700,2026-07-10 02:15:00+00:00,63844.9,63926.1,63780.0,63785.2,0.0,0.0,0.0
BTCUSDT,1783650600,2026-07-10 02:30:00+00:00,63785.1,63897.6,63741.7,63840.7,0.0,0.0,0.0
BTCUSDT,1783651500,2026-07-10 02:45:00+00:00,63840.8,64022.0,63811.5,63935.0,0.0,0.0,0.0
BTCUSDT,1783652400,2026-07-10 03:00:00+00:00,63935.0,63959.4,63815.9,63897.2,0.0,0.0,0.0
BTCUSDT,1783653300,2026-07-10 03:15:00+00:00,63897.3,63897.3,63812.4,63820.5,0.0,0.0,0.0
BTCUSDT,1783654200,2026-07-10 03:30:00+00:00,63820.5,63915.0,63789.0,63910.7,0.0,0.0,0.0
BTCUSDT,1783655100,2026-07-10 03:45:00+00:00,63910.8,64019.7,63878.2,63917.2,0.0,0.0,0.0
BTCUSDT,1783656000,2026-07-10 04:00:00+00:00,63917.3,64000.0,63904.8,63944.9,0.0,0.0,0.0
BTCUSDT,1783656900,2026-07-10 04:15:00+00:00,63944.8,64032.0,63856.0,63859.1,0.0,0.0,0.0
BTCUSDT,1783657800,2026-07-10 04:30:00+00:00,63859.1,64137.5,63826.4,64070.0,0.0,0.0,0.0
BTCUSDT,1783658700,2026-07-10 04:45:00+00:00,64070.0,64168.0,64003.0,64019.3,0.0,0.0,0.0
BTCUSDT,1783659600,2026-07-10 05:00:00+00:00,64019.2,64019.3,63924.9,63957.2,0.0,0.0,0.0
BTCUSDT,1783660500,2026-07-10 05:15:00+00:00,63957.2,63989.8,63915.0,63950.0,0.0,0.0,0.0
BTCUSDT,1783661400,2026-07-10 05:30:00+00:00,63950.1,64185.0,63934.6,64154.4,0.0,0.0,0.0
BTCUSDT,1783662300,2026-07-10 05:45:00+00:00,64154.4,64157.9,64051.6,64090.0,0.0,0.0,0.0
BTCUSDT,1783663200,2026-07-10 06:00:00+00:00,64089.9,64138.7,64000.5,64006.1,0.0,0.0,0.0
BTCUSDT,1783664100,2026-07-10 06:15:00+00:00,64006.0,64019.3,63837.3,63881.7,0.0,0.0,0.0
BTCUSDT,1783665000,2026-07-10 06:30:00+00:00,63881.7,63923.6,63817.1,63861.3,0.0,0.0,0.0
BTCUSDT,1783665900,2026-07-10 06:45:00+00:00,63861.4,63900.0,63804.4,63832.8,0.0,0.0,0.0
BTCUSDT,1783666800,2026-07-10 07:00:00+00:00,63832.8,63895.5,63765.5,63895.4,0.0,0.0,0.0
BTCUSDT,1783667700,2026-07-10 07:15:00+00:00,63895.4,63980.0,63829.0,63939.7,0.0,0.0,0.0
BTCUSDT,1783668600,2026-07-10 07:30:00+00:00,63939.6,63939.6,63884.7,63927.1,0.0,0.0,0.0
BTCUSDT,1783669500,2026-07-10 07:45:00+00:00,63927.0,63980.0,63900.0,63956.1,0.0,0.0,0.0
BTCUSDT,1783670400,2026-07-10 08:00:00+00:00,63956.1,64017.3,63949.1,63999.9,0.0,0.0,0.0
BTCUSDT,1783671300,2026-07-10 08:15:00+00:00,63999.8,64387.9,63999.8,64310.0,0.0,0.0,0.0
BTCUSDT,1783672200,2026-07-10 08:30:00+00:00,64310.0,64348.8,64146.8,64173.8,0.0,0.0,0.0
BTCUSDT,1783673100,2026-07-10 08:45:00+00:00,64173.8,64261.4,64100.6,64211.4,0.0,0.0,0.0
BTCUSDT,1783674000,2026-07-10 09:00:00+00:00,64211.5,64231.9,64065.7,64183.0,0.0,0.0,0.0
BTCUSDT,1783674900,2026-07-10 09:15:00+00:00,64183.1,64388.0,64173.7,64388.0,0.0,0.0,0.0
BTCUSDT,1783675800,2026-07-10 09:30:00+00:00,64387.9,64448.0,64330.4,64439.3,0.0,0.0,0.0
BTCUSDT,1783676700,2026-07-10 09:45:00+00:00,64439.2,64459.9,64352.4,64360.4,0.0,0.0,0.0
BTCUSDT,1783677600,2026-07-10 10:00:00+00:00,64360.4,64381.8,64244.6,64275.1,0.0,0.0,0.0
BTCUSDT,1783678500,2026-07-10 10:15:00+00:00,64275.2,64410.0,64255.0,64405.8,0.0,0.0,0.0
BTCUSDT,1783679400,2026-07-10 10:30:00+00:00,64405.8,64478.3,64339.5,64449.8,0.0,0.0,0.0
BTCUSDT,1783680300,2026-07-10 10:45:00+00:00,64449.8,64469.0,64374.0,64374.0,0.0,0.0,0.0
BTCUSDT,1783681200,2026-07-10 11:00:00+00:00,64374.0,64450.0,64363.3,64418.8,0.0,0.0,0.0
BTCUSDT,1783682100,2026-07-10 11:15:00+00:00,64418.9,64444.9,64328.8,64394.5,0.0,0.0,0.0
BTCUSDT,1783683000,2026-07-10 11:30:00+00:00,64394.5,64394.6,64309.0,64367.1,0.0,0.0,0.0
BTCUSDT,1783683900,2026-07-10 11:45:00+00:00,64367.0,64450.3,64354.9,64394.2,0.0,0.0,0.0
BTCUSDT,1783684800,2026-07-10 12:00:00+00:00,64394.2,64587.9,64297.9,64513.9,0.0,0.0,0.0
BTCUSDT,1783685700,2026-07-10 12:15:00+00:00,64513.9,64517.9,64340.0,64465.9,0.0,0.0,0.0
BTCUSDT,1783686600,2026-07-10 12:30:00+00:00,64465.9,64492.0,64323.0,64330.6,0.0,0.0,0.0
BTCUSDT,1783687500,2026-07-10 12:45:00+00:00,64330.6,64358.6,64236.3,64258.9,0.0,0.0,0.0
BTCUSDT,1783688400,2026-07-10 13:00:00+00:00,64258.9,64320.2,64213.0,64219.9,0.0,0.0,0.0
BTCUSDT,1783689300,2026-07-10 13:15:00+00:00,64219.8,64255.7,64127.0,64138.6,0.0,0.0,0.0
BTCUSDT,1783690200,2026-07-10 13:30:00+00:00,64138.7,64423.7,64128.2,64355.4,0.0,0.0,0.0
BTCUSDT,1783691100,2026-07-10 13:45:00+00:00,64355.3,64680.0,64348.1,64453.7,0.0,0.0,0.0
BTCUSDT,1783692000,2026-07-10 14:00:00+00:00,64453.6,64491.8,64168.0,64187.3,0.0,0.0,0.0
BTCUSDT,1783692900,2026-07-10 14:15:00+00:00,64187.2,64232.4,63921.3,64111.1,0.0,0.0,0.0
BTCUSDT,1783693800,2026-07-10 14:30:00+00:00,64111.0,64307.2,63768.0,64078.6,0.0,0.0,0.0
BTCUSDT,1783694700,2026-07-10 14:45:00+00:00,64078.6,64123.3,63871.2,63897.9,0.0,0.0,0.0
BTCUSDT,1783695600,2026-07-10 15:00:00+00:00,63897.9,64059.9,63875.5,63962.2,0.0,0.0,0.0
BTCUSDT,1783696500,2026-07-10 15:15:00+00:00,63962.2,64196.1,63962.1,64118.4,0.0,0.0,0.0
BTCUSDT,1783697400,2026-07-10 15:30:00+00:00,64118.5,64143.5,63917.4,63932.4,0.0,0.0,0.0
BTCUSDT,1783698300,2026-07-10 15:45:00+00:00,63932.4,64028.0,63911.0,64018.7,0.0,0.0,0.0
BTCUSDT,1783699200,2026-07-10 16:00:00+00:00,64018.8,64067.9,63929.3,64035.5,0.0,0.0,0.0
BTCUSDT,1783700100,2026-07-10 16:15:00+00:00,64035.5,64147.9,63968.4,63984.3,0.0,0.0,0.0
BTCUSDT,1783701000,2026-07-10 16:30:00+00:00,63984.2,64015.9,63802.4,63920.0,0.0,0.0,0.0
BTCUSDT,1783701900,2026-07-10 16:45:00+00:00,63920.0,64208.1,63890.4,64118.9,0.0,0.0,0.0
BTCUSDT,1783702800,2026-07-10 17:00:00+00:00,64118.9,64139.6,63924.6,63940.1,0.0,0.0,0.0
BTCUSDT,1783703700,2026-07-10 17:15:00+00:00,63940.0,63998.7,63842.0,63955.2,0.0,0.0,0.0
BTCUSDT,1783704600,2026-07-10 17:30:00+00:00,63955.2,63955.3,63830.0,63863.4,0.0,0.0,0.0
BTCUSDT,1783705500,2026-07-10 17:45:00+00:00,63863.4,63920.1,63803.6,63804.0,0.0,0.0,0.0
BTCUSDT,1783706400,2026-07-10 18:00:00+00:00,63804.1,63990.0,63804.1,63869.2,0.0,0.0,0.0
BTCUSDT,1783707300,2026-07-10 18:15:00+00:00,63869.1,63951.5,63826.7,63903.0,0.0,0.0,0.0
BTCUSDT,1783708200,2026-07-10 18:30:00+00:00,63902.9,63926.3,63845.0,63865.6,0.0,0.0,0.0
BTCUSDT,1783709100,2026-07-10 18:45:00+00:00,63865.6,63865.6,63718.1,63792.0,0.0,0.0,0.0
BTCUSDT,1783710000,2026-07-10 19:00:00+00:00,63791.9,63883.2,63763.6,63861.4,0.0,0.0,0.0
BTCUSDT,1783710900,2026-07-10 19:15:00+00:00,63861.5,63905.6,63755.8,63842.4,0.0,0.0,0.0
BTCUSDT,1783711800,2026-07-10 19:30:00+00:00,63842.3,64029.9,63825.8,63963.4,0.0,0.0,0.0
BTCUSDT,1783712700,2026-07-10 19:45:00+00:00,63963.4,64000.0,63883.7,63900.4,0.0,0.0,0.0
BTCUSDT,1783713600,2026-07-10 20:00:00+00:00,63900.4,63909.2,63810.0,63810.1,0.0,0.0,0.0
BTCUSDT,1783714500,2026-07-10 20:15:00+00:00,63810.1,63886.2,63619.9,63708.3,0.0,0.0,0.0
BTCUSDT,1783715400,2026-07-10 20:30:00+00:00,63708.4,63885.1,63691.5,63862.6,0.0,0.0,0.0
BTCUSDT,1783716300,2026-07-10 20:45:00+00:00,63862.5,63862.6,63820.0,63820.0,0.0,0.0,0.0
BTCUSDT,1783717200,2026-07-10 21:00:00+00:00,63820.1,63958.7,63813.6,63926.3,0.0,0.0,0.0
BTCUSDT,1783718100,2026-07-10 21:15:00+00:00,63926.2,63998.0,63911.1,63985.5,0.0,0.0,0.0
BTCUSDT,1783719000,2026-07-10 21:30:00+00:00,63985.5,64086.4,63966.0,64016.9,0.0,0.0,0.0
BTCUSDT,1783719900,2026-07-10 21:45:00+00:00,64016.8,64016.9,63960.0,63987.6,0.0,0.0,0.0
BTCUSDT,1783720800,2026-07-10 22:00:00+00:00,63987.7,64033.0,63953.9,64021.5,0.0,0.0,0.0
BTCUSDT,1783721700,2026-07-10 22:15:00+00:00,64021.5,64129.0,63986.3,64100.8,0.0,0.0,0.0
BTCUSDT,1783722600,2026-07-10 22:30:00+00:00,64100.7,64135.0,64100.0,64101.2,0.0,0.0,0.0
BTCUSDT,1783723500,2026-07-10 22:45:00+00:00,64101.1,64142.7,64050.4,64089.9,0.0,0.0,0.0
BTCUSDT,1783724400,2026-07-10 23:00:00+00:00,64089.8,64092.9,63989.2,64092.9,0.0,0.0,0.0
BTCUSDT,1783725300,2026-07-10 23:15:00+00:00,64092.8,64176.9,64079.2,64161.1,0.0,0.0,0.0
BTCUSDT,1783726200,2026-07-10 23:30:00+00:00,64161.2,64176.9,64128.2,64168.1,0.0,0.0,0.0
BTCUSDT,1783727100,2026-07-10 23:45:00+00:00,64168.0,64170.6,64086.4,64129.5,0.0,0.0,0.0
BTCUSDT,1783728000,2026-07-11 00:00:00+00:00,64129.5,64137.1,64031.2,64037.0,0.0,0.0,0.0
BTCUSDT,1783728900,2026-07-11 00:15:00+00:00,64037.0,64100.0,64000.0,64075.5,0.0,0.0,0.0
BTCUSDT,1783729800,2026-07-11 00:30:00+00:00,64075.5,64118.0,64018.0,64118.0,0.0,0.0,0.0
BTCUSDT,1783730700,2026-07-11 00:45:00+00:00,64118.0,64118.0,64058.0,64090.1,0.0,0.0,0.0
BTCUSDT,1783731600,2026-07-11 01:00:00+00:00,64090.1,64131.0,64066.7,64103.8,0.0,0.0,0.0
BTCUSDT,1783732500,2026-07-11 01:15:00+00:00,64103.9,64288.7,64095.1,64200.1,0.0,0.0,0.0
BTCUSDT,1783733400,2026-07-11 01:30:00+00:00,64200.1,64235.0,63969.9,64019.4,0.0,0.0,0.0
BTCUSDT,1783734300,2026-07-11 01:45:00+00:00,64019.4,64080.0,63970.6,63979.2,0.0,0.0,0.0
BTCUSDT,1783735200,2026-07-11 02:00:00+00:00,63979.1,64032.9,63950.1,63974.0,0.0,0.0,0.0
BTCUSDT,1783736100,2026-07-11 02:15:00+00:00,63973.9,64045.8,63964.3,64004.3,0.0,0.0,0.0
BTCUSDT,1783737000,2026-07-11 02:30:00+00:00,64004.4,64120.3,64000.3,64113.1,0.0,0.0,0.0
BTCUSDT,1783737900,2026-07-11 02:45:00+00:00,64113.0,64137.8,64103.6,64130.5,0.0,0.0,0.0
BTCUSDT,1783738800,2026-07-11 03:00:00+00:00,64130.5,64160.0,64084.0,64154.7,0.0,0.0,0.0
BTCUSDT,1783739700,2026-07-11 03:15:00+00:00,64154.6,64169.1,64037.4,64086.0,0.0,0.0,0.0
BTCUSDT,1783740600,2026-07-11 03:30:00+00:00,64086.0,64158.5,64086.0,64129.2,0.0,0.0,0.0
BTCUSDT,1783741500,2026-07-11 03:45:00+00:00,64129.2,64160.0,64117.1,64117.2,0.0,0.0,0.0
BTCUSDT,1783742400,2026-07-11 04:00:00+00:00,64117.2,64117.3,64053.8,64087.5,0.0,0.0,0.0
BTCUSDT,1783743300,2026-07-11 04:15:00+00:00,64087.5,64140.1,64047.2,64108.5,0.0,0.0,0.0
BTCUSDT,1783744200,2026-07-11 04:30:00+00:00,64108.5,64182.0,64102.1,64121.0,0.0,0.0,0.0
BTCUSDT,1783745100,2026-07-11 04:45:00+00:00,64121.0,64140.1,64085.8,64123.4,0.0,0.0,0.0
BTCUSDT,1783746000,2026-07-11 05:00:00+00:00,64123.4,64169.4,64085.2,64134.6,0.0,0.0,0.0
BTCUSDT,1783746900,2026-07-11 05:15:00+00:00,64134.6,64172.7,64105.2,64166.8,0.0,0.0,0.0
BTCUSDT,1783747800,2026-07-11 05:30:00+00:00,64166.8,64198.8,64129.8,64152.4,0.0,0.0,0.0
BTCUSDT,1783748700,2026-07-11 05:45:00+00:00,64152.4,64168.8,64110.1,64141.6,0.0,0.0,0.0
BTCUSDT,1783749600,2026-07-11 06:00:00+00:00,64141.6,64179.9,64091.6,64149.2,0.0,0.0,0.0
BTCUSDT,1783750500,2026-07-11 06:15:00+00:00,64149.2,64250.0,64149.2,64194.3,0.0,0.0,0.0
BTCUSDT,1783751400,2026-07-11 06:30:00+00:00,64194.3,64238.7,64183.7,64183.7,0.0,0.0,0.0
BTCUSDT,1783752300,2026-07-11 06:45:00+00:00,64183.7,64213.5,64167.2,64186.7,0.0,0.0,0.0
BTCUSDT,1783753200,2026-07-11 07:00:00+00:00,64186.7,64197.7,64141.6,64184.1,0.0,0.0,0.0
BTCUSDT,1783754100,2026-07-11 07:15:00+00:00,64184.0,64224.0,64160.4,64188.5,0.0,0.0,0.0
BTCUSDT,1783755000,2026-07-11 07:30:00+00:00,64188.4,64209.0,64146.9,64147.0,0.0,0.0,0.0
BTCUSDT,1783755900,2026-07-11 07:45:00+00:00,64146.9,64146.9,64120.6,64132.6,0.0,0.0,0.0
BTCUSDT,1783756800,2026-07-11 08:00:00+00:00,64132.6,64224.0,64123.0,64201.2,0.0,0.0,0.0
BTCUSDT,1783757700,2026-07-11 08:15:00+00:00,64201.3,64241.6,64194.9,64219.2,0.0,0.0,0.0
BTCUSDT,1783758600,2026-07-11 08:30:00+00:00,64219.2,64280.0,64209.8,64255.1,0.0,-2571.04,2571.04
BTCUSDT,1783759500,2026-07-11 08:45:00+00:00,64255.1,64255.2,64203.5,64239.6,0.0,0.0,0.0
BTCUSDT,1783760400,2026-07-11 09:00:00+00:00,64239.6,64248.8,64185.6,64190.1,0.0,0.0,0.0
BTCUSDT,1783761300,2026-07-11 09:15:00+00:00,64190.2,64245.0,64190.1,64245.0,0.0,-128.43,128.43
BTCUSDT,1783762200,2026-07-11 09:30:00+00:00,64244.9,64272.7,64165.3,64165.3,128.404,0.0,128.404
BTCUSDT,1783763100,2026-07-11 09:45:00+00:00,64165.3,64165.4,64129.0,64143.0,0.0,0.0,0.0
BTCUSDT,1783764000,2026-07-11 10:00:00+00:00,64143.1,64185.0,64131.5,64180.4,0.0,0.0,0.0
BTCUSDT,1783764900,2026-07-11 10:15:00+00:00,64180.4,64180.4,64123.6,64159.1,0.0,0.0,0.0
BTCUSDT,1783765800,2026-07-11 10:30:00+00:00,64159.2,64162.8,64110.2,64115.6,8017.425,0.0,8017.425
BTCUSDT,1783766700,2026-07-11 10:45:00+00:00,64115.6,64169.3,64115.6,64163.9,1411.0045,-9303.996,10715.000499999998
BTCUSDT,1783767600,2026-07-11 11:00:00+00:00,64163.9,64192.8,64147.2,64190.2,0.0,0.0,0.0
BTCUSDT,1783768500,2026-07-11 11:15:00+00:00,64190.2,64190.2,64146.3,64154.1,0.0,0.0,0.0
BTCUSDT,1783769400,2026-07-11 11:30:00+00:00,64154.0,64192.7,64152.1,64162.3,0.0,0.0,0.0
BTCUSDT,1783770300,2026-07-11 11:45:00+00:00,64162.4,64178.6,64153.7,64176.0,0.0,-641.77,641.77
BTCUSDT,1783771200,2026-07-11 12:00:00+00:00,64176.1,64200.0,64132.0,64192.0,0.0,-4620.3985,4620.3985
BTCUSDT,1783772100,2026-07-11 12:15:00+00:00,64192.0,64207.0,64145.3,64154.4,0.0,0.0,0.0
BTCUSDT,1783773000,2026-07-11 12:30:00+00:00,64154.5,64154.5,64112.0,64118.4,1859.4452,0.0,1859.4452
BTCUSDT,1783773900,2026-07-11 12:45:00+00:00,64118.3,64174.2,64118.3,64168.4,0.0,0.0,0.0
BTCUSDT,1783774800,2026-07-11 13:00:00+00:00,64168.5,64184.2,64146.0,64165.8,0.0,0.0,0.0
BTCUSDT,1783775700,2026-07-11 13:15:00+00:00,64165.8,64194.3,64144.4,64173.3,0.0,-770.1072,770.1072
BTCUSDT,1783776600,2026-07-11 13:30:00+00:00,64173.3,64245.4,64166.2,64219.6,0.0,-3468.6608,3468.6608
BTCUSDT,1783777500,2026-07-11 13:45:00+00:00,64219.7,64244.1,64208.1,64213.9,0.0,-192.7032,192.7032
BTCUSDT,1783778400,2026-07-11 14:00:00+00:00,64213.9,64253.7,64213.9,64238.1,0.0,-192.7389,192.7389
BTCUSDT,1783779300,2026-07-11 14:15:00+00:00,64238.0,64431.4,64238.0,64358.9,1284.848,-171350.73073,172635.57873
BTCUSDT,1783780200,2026-07-11 14:30:00+00:00,64358.9,64497.4,64358.9,64396.0,0.0,-577838.2278,577838.2278
BTCUSDT,1783781100,2026-07-11 14:45:00+00:00,64395.9,64410.2,64320.1,64321.0,0.0,0.0,0.0
BTCUSDT,1783782000,2026-07-11 15:00:00+00:00,64321.0,64461.4,64315.0,64433.5,450.3303,0.0,450.3303
BTCUSDT,1783782900,2026-07-11 15:15:00+00:00,64433.5,64453.0,64378.0,64402.4,0.0,-23842.4155,23842.4155
BTCUSDT,1783783800,2026-07-11 15:30:00+00:00,64402.4,64430.0,63668.8,64066.3,544129.10352,-4507.461,548636.56452
BTCUSDT,1783784700,2026-07-11 15:45:00+00:00,64066.4,64164.1,63973.4,64139.0,25402.8006,0.0,25402.8006
BTCUSDT,1783785600,2026-07-11 16:00:00+00:00,64139.1,64188.0,64050.4,64156.9,0.0,0.0,0.0
BTCUSDT,1783786500,2026-07-11 16:15:00+00:00,64156.8,64199.9,64116.1,64188.7,513.1448,0.0,513.1448
BTCUSDT,1783787400,2026-07-11 16:30:00+00:00,64188.6,64245.3,64083.3,64114.0,0.0,-3404.8917,3404.8917
BTCUSDT,1783788300,2026-07-11 16:45:00+00:00,64114.0,64154.2,64070.0,64148.2,9741.2612,0.0,9741.2612
BTCUSDT,1783789200,2026-07-11 17:00:00+00:00,64148.1,64200.0,64133.4,64175.0,0.0,-128.4,128.4
BTCUSDT,1783790100,2026-07-11 17:15:00+00:00,64174.9,64279.2,64160.9,64273.0,0.0,-47943.476,47943.476
BTCUSDT,1783791000,2026-07-11 17:30:00+00:00,64272.9,64375.8,64271.4,64329.9,0.0,-168973.7284,168973.7284
BTCUSDT,1783791900,2026-07-11 17:45:00+00:00,64329.8,64356.5,64286.4,64289.8,64.2909,0.0,64.2909
BTCUSDT,1783792800,2026-07-11 18:00:00+00:00,64289.8,64320.0,64258.1,64279.1,0.0,-5463.222,5463.222
BTCUSDT,1783793700,2026-07-11 18:15:00+00:00,64279.2,64368.6,64279.1,64314.6,0.0,-2703.1368,2703.1368
BTCUSDT,1783794600,2026-07-11 18:30:00+00:00,64314.6,64335.2,64293.4,64327.2,192.9423,-128639.4,128832.3423
BTCUSDT,1783795500,2026-07-11 18:45:00+00:00,64327.3,64327.3,64260.1,64299.7,64.3026,0.0,64.3026
BTCUSDT,1783796400,2026-07-11 19:00:00+00:00,64299.7,64299.8,64264.0,64289.9,0.0,0.0,0.0
BTCUSDT,1783797300,2026-07-11 19:15:00+00:00,64289.8,64313.1,64206.6,64206.6,64.2328,0.0,64.2328
BTCUSDT,1783798200,2026-07-11 19:30:00+00:00,64206.7,64257.0,64205.7,64246.2,0.0,0.0,0.0
BTCUSDT,1783799100,2026-07-11 19:45:00+00:00,64246.1,64268.0,64233.2,64262.0,0.0,0.0,0.0
BTCUSDT,1783800000,2026-07-11 20:00:00+00:00,64261.9,64326.2,64261.9,64300.9,0.0,0.0,0.0
BTCUSDT,1783800900,2026-07-11 20:15:00+00:00,64300.8,64340.2,64300.8,64328.7,0.0,0.0,0.0
BTCUSDT,1783801800,2026-07-11 20:30:00+00:00,64328.7,64438.9,64317.0,64388.7,0.0,-2573.6,2573.6
BTCUSDT,1783802700,2026-07-11 20:45:00+00:00,64388.8,64399.0,64352.0,64353.2,0.0,-1544.4504,1544.4504
BTCUSDT,1783803600,2026-07-11 21:00:00+00:00,64353.3,64404.7,64320.0,64320.0,1803.1972,-12686.8496,14490.0468
BTCUSDT,1783804500,2026-07-11 21:15:00+00:00,64320.0,64367.6,64318.7,64338.9,0.0,-103997.8209,103997.8209
BTCUSDT,1783805400,2026-07-11 21:30:00+00:00,64339.0,64348.7,64315.0,64325.6,0.0,0.0,0.0
BTCUSDT,1783806300,2026-07-11 21:45:00+00:00,64325.7,64358.2,64310.0,64325.5,0.0,-5211.9971,5211.9971
BTCUSDT,1783807200,2026-07-11 22:00:00+00:00,64325.5,64405.2,64305.0,64334.0,0.0,0.0,0.0
BTCUSDT,1783808100,2026-07-11 22:15:00+00:00,64334.0,64336.3,64171.1,64223.0,0.0,-257.3452,257.3452
BTCUSDT,1783809000,2026-07-11 22:30:00+00:00,64222.9,64281.8,64154.1,64191.0,0.0,-578.0106,578.0106
BTCUSDT,1783809900,2026-07-11 22:45:00+00:00,64191.1,64200.0,64110.5,64169.1,45847.1975,0.0,45847.1975
BTCUSDT,1783810800,2026-07-11 23:00:00+00:00,64169.1,64223.2,64058.3,64101.4,31283.3679,-1219.9406,32503.3085
BTCUSDT,1783811700,2026-07-11 23:15:00+00:00,64101.4,64156.0,63781.5,63901.6,763226.09206,0.0,763226.09206
BTCUSDT,1783812600,2026-07-11 23:30:00+00:00,63901.7,63935.1,63783.3,63925.9,150053.64097,0.0,150053.64097
BTCUSDT,1783813500,2026-07-11 23:45:00+00:00,63925.9,63994.5,63776.0,63783.0,267026.03332,-7485.45,274511.48332
BTCUSDT,1783814400,2026-07-12 00:00:00+00:00,63783.1,63884.9,63754.9,63763.0,1248883.32632,-829.4013,1249712.72762
BTCUSDT,1783815300,2026-07-12 00:15:00+00:00,63763.0,63882.6,63735.0,63802.1,50490.1088,-383.1066,50873.2154
BTCUSDT,1783816200,2026-07-12 00:30:00+00:00,63802.2,63837.1,63657.4,63768.2,715448.12284,-40288.508,755736.63084
BTCUSDT,1783817100,2026-07-12 00:45:00+00:00,63768.2,63846.0,63739.0,63802.9,4337.0849,-151260.9969,155598.0818
BTCUSDT,1783818000,2026-07-12 01:00:00+00:00,63802.9,63955.6,63783.0,63891.7,3317.7748,-15661.5345,18979.3093
BTCUSDT,1783818900,2026-07-12 01:15:00+00:00,63891.7,63974.5,63863.2,63920.0,3836.19,-9592.5048,13428.6948
BTCUSDT,1783819800,2026-07-12 01:30:00+00:00,63920.0,64146.2,63892.0,64128.1,5702.2211,-101181.03775,106883.25885
BTCUSDT,1783820700,2026-07-12 01:45:00+00:00,64128.0,64136.4,64065.8,64106.0,0.0,-10642.1871,10642.1871
BTCUSDT,1783821600,2026-07-12 02:00:00+00:00,64106.0,64106.1,64002.0,64026.1,24667.258,-5381.964,30049.222
BTCUSDT,1783822500,2026-07-12 02:15:00+00:00,64026.0,64112.7,64014.6,64090.2,0.0,0.0,0.0
BTCUSDT,1783823400,2026-07-12 02:30:00+00:00,64090.2,64094.6,64043.3,64058.0,0.0,0.0,0.0
BTCUSDT,1783824300,2026-07-12 02:45:00+00:00,64058.0,64099.2,64041.1,64049.2,0.0,0.0,0.0
BTCUSDT,1783825200,2026-07-12 03:00:00+00:00,64049.2,64100.0,64002.9,64072.7,2049.8272,0.0,2049.8272
BTCUSDT,1783826100,2026-07-12 03:15:00+00:00,64072.7,64135.0,64072.7,64109.9,10065.1448,-705.1572,10770.302
BTCUSDT,1783827000,2026-07-12 03:30:00+00:00,64109.9,64200.0,64106.3,64151.5,577.1106,-73162.2789,73739.3895
BTCUSDT,1783827900,2026-07-12 03:45:00+00:00,64151.4,64217.8,64125.0,64201.8,0.0,-2054.403,2054.403
BTCUSDT,1783828800,2026-07-12 04:00:00+00:00,64201.9,64238.0,64143.7,64154.3,0.0,-29929.9528,29929.9528
BTCUSDT,1783829700,2026-07-12 04:15:00+00:00,64154.2,64190.8,64048.0,64054.5,0.0,-18037.6148,18037.6148
BTCUSDT,1783830600,2026-07-12 04:30:00+00:00,64054.5,64055.2,63912.5,64002.6,1577853.6778,0.0,1577853.6778
BTCUSDT,1783831500,2026-07-12 04:45:00+00:00,64002.7,64002.7,63934.4,63974.3,0.0,-31979.05,31979.05
BTCUSDT,1783832400,2026-07-12 05:00:00+00:00,63974.2,63998.6,63959.8,63962.0,0.0,-13436.937,13436.937
BTCUSDT,1783833300,2026-07-12 05:15:00+00:00,63962.0,63962.1,63881.0,63881.9,135964.4607,0.0,135964.4607
BTCUSDT,1783834200,2026-07-12 05:30:00+00:00,63882.0,63959.1,63867.0,63942.2,28037.8667,0.0,28037.8667
BTCUSDT,1783835100,2026-07-12 05:45:00+00:00,63942.2,63980.1,63938.0,63938.0,0.0,0.0,0.0
BTCUSDT,1783836000,2026-07-12 06:00:00+00:00,63938.0,63938.0,63703.6,63720.2,39905.588,0.0,39905.588
BTCUSDT,1783836900,2026-07-12 06:15:00+00:00,63720.1,63754.6,63602.8,63638.6,828825.34568,-2993.4065,831818.7521800001
BTCUSDT,1783837800,2026-07-12 06:30:00+00:00,63638.6,63760.1,63610.7,63748.9,954.2048,-191.2122,1145.417
BTCUSDT,1783838700,2026-07-12 06:45:00+00:00,63749.0,63784.1,63690.1,63728.7,0.0,-63.7606,63.7606
BTCUSDT,1783839600,2026-07-12 07:00:00+00:00,63728.6,63796.3,63708.2,63796.2,0.0,-127.5504,127.5504
BTCUSDT,1783840500,2026-07-12 07:15:00+00:00,63796.3,63854.0,63773.1,63838.4,0.0,-32367.8084,32367.8084
BTCUSDT,1783841400,2026-07-12 07:30:00+00:00,63838.4,63866.2,63817.5,63839.9,0.0,-4150.6725,4150.6725
BTCUSDT,1783842300,2026-07-12 07:45:00+00:00,63840.0,63879.0,63824.2,63856.4,319.152,-319.1525,638.3045
BTCUSDT,1783843200,2026-07-12 08:00:00+00:00,63856.4,64083.7,63854.1,64021.5,0.0,-125772.6139,125772.6139
BTCUSDT,1783844100,2026-07-12 08:15:00+00:00,64021.5,64065.9,63962.2,63965.0,0.0,-1217.1823,1217.1823
BTCUSDT,1783845000,2026-07-12 08:30:00+00:00,63964.9,63984.7,63959.3,63984.7,1215.4065,0.0,1215.4065
BTCUSDT,1783845900,2026-07-12 08:45:00+00:00,63984.7,63984.7,63890.2,63951.6,0.0,0.0,0.0
BTCUSDT,1783846800,2026-07-12 09:00:00+00:00,63951.6,63958.6,63854.4,63854.4,13683.3312,0.0,13683.3312
BTCUSDT,1783847700,2026-07-12 09:15:00+00:00,63854.4,63854.5,63730.7,63804.3,211326.248,0.0,211326.248
BTCUSDT,1783848600,2026-07-12 09:30:00+00:00,63804.4,64024.4,63804.3,63976.4,0.0,-3002.7031,3002.7031
BTCUSDT,1783849500,2026-07-12 09:45:00+00:00,63976.4,63990.0,63930.0,63930.0,0.0,0.0,0.0
BTCUSDT,1783850400,2026-07-12 10:00:00+00:00,63930.1,63930.1,63865.3,63903.0,0.0,0.0,0.0
BTCUSDT,1783851300,2026-07-12 10:15:00+00:00,63903.5,63915.1,63847.0,63847.0,0.0,-31055.3982,31055.3982
BTCUSDT,1783852200,2026-07-12 10:30:00+00:00,63847.0,63889.8,63818.3,63836.6,0.0,-510.9215,510.9215
BTCUSDT,1783853100,2026-07-12 10:45:00+00:00,63836.6,63871.4,63807.3,63838.9,63.811,-4787.1375,4850.9485
BTCUSDT,1783854000,2026-07-12 11:00:00+00:00,63838.9,63892.3,63796.3,63821.5,0.0,-1340.64,1340.64
BTCUSDT,1783854900,2026-07-12 11:15:00+00:00,63821.5,63890.0,63821.5,63890.0,0.0,0.0,0.0
BTCUSDT,1783855800,2026-07-12 11:30:00+00:00,63890.0,64012.8,63890.0,63979.3,0.0,-5628.9002,5628.9002
BTCUSDT,1783856700,2026-07-12 11:45:00+00:00,63979.2,64005.5,63960.0,63993.8,127.936,-319.9445,447.8805
BTCUSDT,1783857600,2026-07-12 12:00:00+00:00,63993.8,64118.5,63946.0,64079.8,959.397,-145049.0841,146008.4811
BTCUSDT,1783858500,2026-07-12 12:15:00+00:00,64079.7,64102.3,64000.0,64030.9,0.0,-64.0369,64.0369
BTCUSDT,1783859400,2026-07-12 12:30:00+00:00,64030.9,64049.2,63975.0,64004.6,0.0,0.0,0.0
BTCUSDT,1783860300,2026-07-12 12:45:00+00:00,64004.5,64032.8,63965.5,63998.4,0.0,0.0,0.0
BTCUSDT,1783861200,2026-07-12 13:00:00+00:00,63998.5,64031.4,63973.8,64014.1,0.0,0.0,0.0
BTCUSDT,1783862100,2026-07-12 13:15:00+00:00,64014.1,64073.4,63980.9,64017.8,0.0,-35592.7864,35592.7864
BTCUSDT,1783863000,2026-07-12 13:30:00+00:00,64017.8,64067.2,64006.8,64015.3,0.0,0.0,0.0
BTCUSDT,1783863900,2026-07-12 13:45:00+00:00,64015.3,64020.7,63959.3,63997.3,4032.9576,-11906.8458,15939.8034
BTCUSDT,1783864800,2026-07-12 14:00:00+00:00,63997.3,64009.0,63928.0,63944.0,1214.85926,0.0,1214.85926
BTCUSDT,1783865700,2026-07-12 14:15:00+00:00,63944.0,63973.0,63928.7,63969.0,191.907,0.0,191.907
BTCUSDT,1783866600,2026-07-12 14:30:00+00:00,63969.0,64059.7,63969.0,64044.2,0.0,-5055.0814,5055.0814
BTCUSDT,1783867500,2026-07-12 14:45:00+00:00,64044.1,64271.9,64043.6,64175.0,0.0,-782129.45769,782129.45769
BTCUSDT,1783868400,2026-07-12 15:00:00+00:00,64175.0,64238.9,64122.2,64163.1,0.0,-7129.3191,7129.3191
BTCUSDT,1783869300,2026-07-12 15:15:00+00:00,64163.1,64220.0,64106.1,64194.2,0.0,-32110.0,32110.0
BTCUSDT,1783870200,2026-07-12 15:30:00+00:00,64194.2,64225.3,64091.5,64120.6,0.0,0.0,0.0
BTCUSDT,1783871100,2026-07-12 15:45:00+00:00,64120.7,64188.0,64102.5,64149.9,0.0,0.0,0.0
BTCUSDT,1783872000,2026-07-12 16:00:00+00:00,64150.0,64184.8,64013.0,64038.2,641.567,0.0,641.567
BTCUSDT,1783872900,2026-07-12 16:15:00+00:00,64038.2,64152.6,64038.1,64151.0,192.24,-192.1822,384.4222
BTCUSDT,1783873800,2026-07-12 16:30:00+00:00,64151.0,64152.4,64072.6,64087.8,0.0,-192.2586,192.2586
BTCUSDT,1783874700,2026-07-12 16:45:00+00:00,64087.9,64151.0,64073.0,64146.8,0.0,0.0,0.0
BTCUSDT,1783875600,2026-07-12 17:00:00+00:00,64146.7,64146.8,64102.9,64110.4,0.0,-962.0335,962.0335
BTCUSDT,1783876500,2026-07-12 17:15:00+00:00,64110.4,64136.3,64094.6,64094.6,128.2208,0.0,128.2208
BTCUSDT,1783877400,2026-07-12 17:30:00+00:00,64094.6,64146.7,64084.9,64125.0,0.0,0.0,0.0
BTCUSDT,1783878300,2026-07-12 17:45:00+00:00,64125.0,64136.7,63983.1,64050.3,0.0,-4229.214,4229.214
BTCUSDT,1783879200,2026-07-12 18:00:00+00:00,64050.2,64080.0,63989.6,64009.2,0.0,-10701.36,10701.36
BTCUSDT,1783880100,2026-07-12 18:15:00+00:00,64009.2,64065.2,63985.1,64034.6,0.0,0.0,0.0
BTCUSDT,1783881000,2026-07-12 18:30:00+00:00,64034.7,64111.1,64034.6,64101.8,0.0,-128.2098,128.2098
BTCUSDT,1783881900,2026-07-12 18:45:00+00:00,64101.8,64126.6,64101.7,64124.6,0.0,0.0,0.0
BTCUSDT,1783882800,2026-07-12 19:00:00+00:00,64124.7,64206.2,64123.8,64143.8,0.0,-5967.143,5967.143
BTCUSDT,1783883700,2026-07-12 19:15:00+00:00,64143.7,64184.3,64141.4,64178.1,0.0,0.0,0.0
BTCUSDT,1783884600,2026-07-12 19:30:00+00:00,64178.1,64178.2,64114.9,64128.1,128.2322,0.0,128.2322
BTCUSDT,1783885500,2026-07-12 19:45:00+00:00,64128.0,64248.0,64124.9,64201.9,0.0,-152305.24116,152305.24116
BTCUSDT,1783886400,2026-07-12 20:00:00+00:00,64202.0,64227.4,64145.3,64161.8,0.0,-64.2065,64.2065
BTCUSDT,1783887300,2026-07-12 20:15:00+00:00,64161.8,64184.5,64141.6,64177.2,0.0,0.0,0.0
BTCUSDT,1783888200,2026-07-12 20:30:00+00:00,64177.3,64196.6,64143.0,64185.0,0.0,0.0,0.0
BTCUSDT,1783889100,2026-07-12 20:45:00+00:00,64185.0,64203.6,64159.2,64168.5,0.0,0.0,0.0
BTCUSDT,1783890000,2026-07-12 21:00:00+00:00,64168.5,64207.4,64164.2,64180.5,0.0,-192.6222,192.6222
BTCUSDT,1783890900,2026-07-12 21:15:00+00:00,64180.5,64180.5,64050.8,64076.2,24481.616,0.0,24481.616
BTCUSDT,1783891800,2026-07-12 21:30:00+00:00,64076.1,64076.2,63990.0,64015.5,3905.1639,0.0,3905.1639
BTCUSDT,1783892700,2026-07-12 21:45:00+00:00,64015.5,64015.6,63856.3,63889.6,343617.7202,0.0,343617.7202
BTCUSDT,1783893600,2026-07-12 22:00:00+00:00,63889.5,63889.5,63650.0,63756.0,3634433.40648,-191.0418,3634624.44828
BTCUSDT,1783894500,2026-07-12 22:15:00+00:00,63756.1,63809.8,63634.1,63802.1,326169.8909,0.0,326169.8909
BTCUSDT,1783895400,2026-07-12 22:30:00+00:00,63802.1,63843.7,63730.7,63744.4,0.0,-23104.749,23104.749
BTCUSDT,1783896300,2026-07-12 22:45:00+00:00,63744.3,63895.8,63668.0,63855.0,509.7355,-123242.7325,123752.468
BTCUSDT,1783897200,2026-07-12 23:00:00+00:00,63855.0,63883.6,63705.5,63791.0,4077.8624,-6376.39,10454.2524
BTCUSDT,1783898100,2026-07-12 23:15:00+00:00,63790.9,63823.9,63753.4,63792.0,11797.931,0.0,11797.931
BTCUSDT,1783899000,2026-07-12 23:30:00+00:00,63792.1,63833.0,63717.0,63781.1,0.0,0.0,0.0
BTCUSDT,1783899900,2026-07-12 23:45:00+00:00,63781.1,63797.4,63693.0,63750.0,7325.4368,0.0,7325.4368
BTCUSDT,1783900800,2026-07-13 00:00:00+00:00,63749.9,64270.0,63691.0,64269.9,79617.375,-207062.39235,286679.76735
BTCUSDT,1783901700,2026-07-13 00:15:00+00:00,64270.0,64411.8,64140.0,64155.8,24511.03,-1034814.4066,1059325.4366
BTCUSDT,1783902600,2026-07-13 00:30:00+00:00,64155.8,64179.9,63538.0,63755.9,913580.29209,0.0,913580.29209
BTCUSDT,1783903500,2026-07-13 00:45:00+00:00,63755.9,64106.0,63750.0,64041.8,575.3548,-55980.9516,56556.3064
BTCUSDT,1783904400,2026-07-13 01:00:00+00:00,64041.8,64044.0,63628.0,63823.9,358741.18195,-31243.5537,389984.73565
BTCUSDT,1783905300,2026-07-13 01:15:00+00:00,63824.0,63968.0,63650.0,63694.5,15293.0562,-6203.7999,21496.8561
BTCUSDT,1783906200,2026-07-13 01:30:00+00:00,63694.5,63745.6,63516.3,63670.3,488855.43223,-3498.3097,492353.74193
BTCUSDT,1783907100,2026-07-13 01:45:00+00:00,63670.2,63676.8,63366.0,63382.1,135155.5356,0.0,135155.5356
BTCUSDT,1783908000,2026-07-13 02:00:00+00:00,63382.1,63429.8,63204.0,63382.4,1124614.142,-109358.5365,1233972.6785
BTCUSDT,1783908900,2026-07-13 02:15:00+00:00,63382.4,63527.6,63337.8,63440.5,0.0,-9651.3052,9651.3052
BTCUSDT,1783909800,2026-07-13 02:30:00+00:00,63440.6,63484.0,63361.7,63441.8,3108.5502,0.0,3108.5502
BTCUSDT,1783910700,2026-07-13 02:45:00+00:00,63441.7,63446.0,63309.0,63344.8,23678.1687,-2280.112,25958.2807
BTCUSDT,1783911600,2026-07-13 03:00:00+00:00,63344.9,63362.4,62822.6,62992.1,6986280.53679,-693.1353,6986973.6720900005
BTCUSDT,1783912500,2026-07-13 03:15:00+00:00,62992.2,63093.6,62739.1,63040.0,3100752.72066,-4917.6164,3105670.3370600003
BTCUSDT,1783913400,2026-07-13 03:30:00+00:00,63040.0,63044.2,62705.0,62796.4,790031.97774,-62.851,790094.82874
BTCUSDT,1783914300,2026-07-13 03:45:00+00:00,62796.3,62840.5,62750.0,62780.2,0.0,0.0,0.0
BTCUSDT,1783915200,2026-07-13 04:00:00+00:00,62780.1,62845.5,62660.3,62793.3,26331.606,-753.3324,27084.9384
BTCUSDT,1783916100,2026-07-13 04:15:00+00:00,62793.3,62884.8,62793.2,62850.0,0.0,0.0,0.0
BTCUSDT,1783917000,2026-07-13 04:30:00+00:00,62850.0,62854.0,62592.1,62698.4,187988.0981,0.0,187988.0981
BTCUSDT,1783917900,2026-07-13 04:45:00+00:00,62698.4,62758.3,62630.9,62649.8,61628.8556,0.0,61628.8556
BTCUSDT,1783918800,2026-07-13 05:00:00+00:00,62649.7,62880.0,62434.9,62785.2,1548299.03845,-3638.9569,1551937.9953500002
BTCUSDT,1783919700,2026-07-13 05:15:00+00:00,62785.2,62810.8,62575.7,62607.6,31334.4928,0.0,31334.4928
BTCUSDT,1783920600,2026-07-13 05:30:00+00:00,62607.5,62791.4,62532.2,62773.4,9195.3204,-74233.4858,83428.80619999999
BTCUSDT,1783921500,2026-07-13 05:45:00+00:00,62773.4,62800.0,62728.7,62764.1,0.0,0.0,0.0
BTCUSDT,1783922400,2026-07-13 06:00:00+00:00,62764.1,62834.9,62700.0,62712.7,1444.975,0.0,1444.975
BTCUSDT,1783923300,2026-07-13 06:15:00+00:00,62712.6,62810.0,62675.0,62810.0,0.0,0.0,0.0
BTCUSDT,1783924200,2026-07-13 06:30:00+00:00,62810.0,62840.0,62727.8,62812.2,0.0,-62.84,62.84
BTCUSDT,1783925100,2026-07-13 06:45:00+00:00,62812.1,62848.2,62755.0,62766.6,0.0,0.0,0.0
BTCUSDT,1783926000,2026-07-13 07:00:00+00:00,62766.6,62848.0,62719.4,62778.7,125.4634,-439.1429,564.6063
BTCUSDT,1783926900,2026-07-13 07:15:00+00:00,62778.8,62975.0,62755.9,62927.1,0.0,-394671.5296,394671.5296
BTCUSDT,1783927800,2026-07-13 07:30:00+00:00,62927.0,63027.6,62880.1,62942.0,0.0,-5858.7762,5858.7762
BTCUSDT,1783928700,2026-07-13 07:45:00+00:00,62942.0,63030.0,62933.1,62952.7,0.0,-2521.12,2521.12
BTCUSDT,1783929600,2026-07-13 08:00:00+00:00,62952.8,63027.6,62902.5,63009.3,61888.3657,-1511.4563,63399.822
BTCUSDT,1783930500,2026-07-13 08:15:00+00:00,63009.3,63062.7,62943.5,63052.4,0.0,-26481.8953,26481.8953
BTCUSDT,1783931400,2026-07-13 08:30:00+00:00,63052.5,63099.6,62966.2,63092.1,0.0,-126.1362,126.1362
BTCUSDT,1783932300,2026-07-13 08:45:00+00:00,63092.2,63260.0,63091.0,63174.9,0.0,-563350.4458,563350.4458
BTCUSDT,1783933200,2026-07-13 09:00:00+00:00,63174.9,63179.3,63102.6,63124.7,0.0,0.0,0.0
BTCUSDT,1783934100,2026-07-13 09:15:00+00:00,63124.6,63124.7,63066.8,63090.0,0.0,0.0,0.0
BTCUSDT,1783935000,2026-07-13 09:30:00+00:00,63090.0,63090.0,63064.4,63075.5,63.0774,0.0,63.0774
BTCUSDT,1783935900,2026-07-13 09:45:00+00:00,63075.4,63085.9,63064.4,63074.0,0.0,0.0,0.0
BTCUSDT,1783936800,2026-07-13 10:00:00+00:00,63074.0,63078.7,63064.4,63064.4,1954.9964,0.0,1954.9964
BTCUSDT,1783937700,2026-07-13 10:15:00+00:00,63064.4,63130.9,63064.4,63067.0,0.0,0.0,0.0
BTCUSDT,1783938600,2026-07-13 10:30:00+00:00,63067.0,63105.8,62873.3,62911.9,26180.3472,0.0,26180.3472
BTCUSDT,1783939500,2026-07-13 10:45:00+00:00,62911.9,62950.0,62834.4,62844.6,2263.8204,0.0,2263.8204
BTCUSDT,1783940400,2026-07-13 11:00:00+00:00,62844.7,63116.1,62844.7,63055.0,0.0,-44784.8013,44784.8013
BTCUSDT,1783941300,2026-07-13 11:15:00+00:00,63055.0,63074.7,62963.4,63000.4,0.0,-63.0445,63.0445
BTCUSDT,1783942200,2026-07-13 11:30:00+00:00,63000.4,63001.2,62923.7,62937.2,7684.0914,0.0,7684.0914
BTCUSDT,1783943100,2026-07-13 11:45:00+00:00,62937.2,62944.4,62875.2,62881.3,7423.7781,0.0,7423.7781
BTCUSDT,1783944000,2026-07-13 12:00:00+00:00,62881.4,62970.7,62779.1,62820.2,801348.40822,0.0,801348.40822
BTCUSDT,1783944900,2026-07-13 12:15:00+00:00,62820.1,62865.8,62689.6,62721.5,440053.43467,-251.2282,440304.66287
BTCUSDT,1783945800,2026-07-13 12:30:00+00:00,62721.5,62762.4,62545.2,62582.8,872434.84143,0.0,872434.84143
BTCUSDT,1783946700,2026-07-13 12:45:00+00:00,62582.8,62645.3,62531.0,62597.9,3565.8122,0.0,3565.8122
BTCUSDT,1783947600,2026-07-13 13:00:00+00:00,62597.9,62638.2,62483.0,62488.9,315137.4148,0.0,315137.4148
BTCUSDT,1783948500,2026-07-13 13:15:00+00:00,62488.9,62563.0,62350.1,62500.0,681127.11491,-4690.1803,685817.29521
BTCUSDT,1783949400,2026-07-13 13:30:00+00:00,62500.0,62752.4,62226.4,62303.4,1838683.36328,-153406.75815,1992090.12143
BTCUSDT,1783950300,2026-07-13 13:45:00+00:00,62303.4,62393.4,62141.2,62300.1,674446.341,-2307.9971,676754.3381
BTCUSDT,1783951200,2026-07-13 14:00:00+00:00,62300.1,62398.1,62235.9,62393.7,20552.1539,-5545.0431,26097.197
BTCUSDT,1783952100,2026-07-13 14:15:00+00:00,62393.7,62635.0,62061.3,62529.0,694687.9883,-208225.5208,902913.5091
BTCUSDT,1783953000,2026-07-13 14:30:00+00:00,62529.0,62666.7,62433.0,62596.2,5371.0026,-7139.1661,12510.1687
BTCUSDT,1783953900,2026-07-13 14:45:00+00:00,62596.3,62777.0,62554.3,62770.3,0.0,-31906.7756,31906.7756
BTCUSDT,1783954800,2026-07-13 15:00:00+00:00,62770.2,62842.0,62657.4,62772.1,1566.5,-625038.7122,626605.2122
BTCUSDT,1783955700,2026-07-13 15:15:00+00:00,62772.0,62965.0,62763.5,62790.0,0.0,-184180.319,184180.319
BTCUSDT,1783956600,2026-07-13 15:30:00+00:00,62790.0,62830.9,62543.5,62631.2,9836.1919,0.0,9836.1919
BTCUSDT,1783957500,2026-07-13 15:45:00+00:00,62631.2,62667.4,62556.3,62596.6,250.4116,0.0,250.4116
BTCUSDT,1783958400,2026-07-13 16:00:00+00:00,62596.7,62614.5,62501.9,62520.0,10065.6131,0.0,10065.6131
BTCUSDT,1783959300,2026-07-13 16:15:00+00:00,62520.0,62520.0,62251.6,62322.7,191401.6276,0.0,191401.6276
BTCUSDT,1783960200,2026-07-13 16:30:00+00:00,62322.7,62371.4,62183.9,62344.9,237609.6777,0.0,237609.6777
BTCUSDT,1783961100,2026-07-13 16:45:00+00:00,62344.8,62410.0,62226.9,62258.0,249.0244,-8858.7552,9107.7796
BTCUSDT,1783962000,2026-07-13 17:00:00+00:00,62258.0,62347.2,62230.2,62296.8,1680.8527,0.0,1680.8527
BTCUSDT,1783962900,2026-07-13 17:15:00+00:00,62296.7,62296.7,62154.6,62165.0,346551.2251,0.0,346551.2251
BTCUSDT,1783963800,2026-07-13 17:30:00+00:00,62165.0,62207.6,61945.5,62076.9,4151341.80485,0.0,4151341.80485
BTCUSDT,1783964700,2026-07-13 17:45:00+00:00,62076.9,62166.5,61877.0,61877.0,1225867.8315,-1677.9534,1227545.7849
BTCUSDT,1783965600,2026-07-13 18:00:00+00:00,61877.1,62038.6,61856.0,61903.8,0.0,-1054.4794,1054.4794
BTCUSDT,1783966500,2026-07-13 18:15:00+00:00,61903.8,61984.2,61806.0,61924.8,654211.97,-3841.6064,658053.5764
BTCUSDT,1783967400,2026-07-13 18:30:00+00:00,61924.8,61981.5,61880.0,61978.7,0.0,0.0,0.0
BTCUSDT,1783968300,2026-07-13 18:45:00+00:00,61978.8,62077.6,61948.5,61997.3,80114.4024,0.0,80114.4024
BTCUSDT,1783969200,2026-07-13 19:00:00+00:00,61997.4,62067.5,61962.5,62052.1,62.0674,-372.258,434.3254
BTCUSDT,1783970100,2026-07-13 19:15:00+00:00,62052.0,62091.2,61970.0,61992.7,0.0,-7760.1708,7760.1708
BTCUSDT,1783971000,2026-07-13 19:30:00+00:00,61992.8,62157.9,61992.8,62152.3,0.0,-6274.47818,6274.47818
BTCUSDT,1783971900,2026-07-13 19:45:00+00:00,62152.3,62267.0,62105.1,62258.0,0.0,-26995.1606,26995.1606
BTCUSDT,1783972800,2026-07-13 20:00:00+00:00,62257.9,62299.0,62175.3,62191.2,0.0,-10029.3371,10029.3371
BTCUSDT,1783973700,2026-07-13 20:15:00+00:00,62191.1,62195.7,62051.3,62187.7,3476.7612,-253188.42975,256665.19095
BTCUSDT,1783974600,2026-07-13 20:30:00+00:00,62187.6,62241.4,62153.4,62153.4,746.274,-7094.4024,7840.6764
BTCUSDT,1783975500,2026-07-13 20:45:00+00:00,62153.4,62187.3,62020.0,62179.3,22271.6801,0.0,22271.6801
BTCUSDT,1783976400,2026-07-13 21:00:00+00:00,62179.3,62192.1,62021.4,62083.3,63077.0706,0.0,63077.0706
BTCUSDT,1783977300,2026-07-13 21:15:00+00:00,62083.2,62125.0,61961.0,62006.1,10845.87,0.0,10845.87
BTCUSDT,1783978200,2026-07-13 21:30:00+00:00,62006.0,62046.0,61868.0,61958.5,520697.4804,0.0,520697.4804
BTCUSDT,1783979100,2026-07-13 21:45:00+00:00,61958.6,62100.0,61890.0,62034.1,0.0,-53942.6356,53942.6356
BTCUSDT,1783980000,2026-07-13 22:00:00+00:00,62034.0,62181.6,62023.2,62151.2,0.0,-4662.2129,4662.2129
BTCUSDT,1783980900,2026-07-13 22:15:00+00:00,62151.2,62199.0,62100.1,62132.3,0.0,-192823.281,192823.281
BTCUSDT,1783981800,2026-07-13 22:30:00+00:00,62132.3,62157.1,61993.2,62034.4,50609.3251,0.0,50609.3251
BTCUSDT,1783982700,2026-07-13 22:45:00+00:00,62034.4,62045.8,61883.1,61897.9,3099.84,0.0,3099.84
BTCUSDT,1783983600,2026-07-13 23:00:00+00:00,61897.9,62048.3,61854.5,62027.9,156509.4645,-123.8946,156633.3591
BTCUSDT,1783984500,2026-07-13 23:15:00+00:00,62027.9,62210.3,62021.7,62140.0,186.4317,-28820.5301,29006.9618
BTCUSDT,1783985400,2026-07-13 23:30:00+00:00,62140.0,62181.6,62066.7,62093.6,0.0,0.0,0.0
BTCUSDT,1783986300,2026-07-13 23:45:00+00:00,62093.5,62333.4,62072.8,62307.0,0.0,-40272.6808,40272.6808
BTCUSDT,1783987200,2026-07-14 00:00:00+00:00,62307.0,62467.2,62240.9,62413.9,0.0,-79405.584,79405.584
BTCUSDT,1783988100,2026-07-14 00:15:00+00:00,62413.8,62413.8,62282.0,62345.9,22141.504,-62.3495,22203.8535
BTCUSDT,1783989000,2026-07-14 00:30:00+00:00,62345.9,62426.9,62258.3,62282.9,0.0,-3807.952,3807.952
BTCUSDT,1783989900,2026-07-14 00:45:00+00:00,62283.0,62639.3,62282.9,62520.7,0.0,-586896.6467,586896.6467
BTCUSDT,1783990800,2026-07-14 01:00:00+00:00,62520.7,62550.0,62427.0,62475.0,249.8604,0.0,249.8604
BTCUSDT,1783991700,2026-07-14 01:15:00+00:00,62475.0,62614.2,62455.9,62496.1,62.5623,-35990.7015,36053.2638
BTCUSDT,1783992600,2026-07-14 01:30:00+00:00,62496.0,62542.8,62435.6,62462.5,0.0,0.0,0.0
BTCUSDT,1783993500,2026-07-14 01:45:00+00:00,62462.6,62529.1,62440.0,62505.2,62.4936,0.0,62.4936
BTCUSDT,1783994400,2026-07-14 02:00:00+00:00,62505.2,62589.9,62455.3,62472.9,46042.2325,0.0,46042.2325
BTCUSDT,1783995300,2026-07-14 02:15:00+00:00,62472.8,62497.2,62286.9,62341.3,126618.0792,0.0,126618.0792
BTCUSDT,1783996200,2026-07-14 02:30:00+00:00,62341.2,62574.4,62341.2,62557.1,0.0,-22447.5995,22447.5995
BTCUSDT,1783997100,2026-07-14 02:45:00+00:00,62557.1,62610.0,62491.6,62516.8,0.0,-15385.7092,15385.7092
BTCUSDT,1783998000,2026-07-14 03:00:00+00:00,62516.8,62576.2,62334.4,62364.3,28782.9259,-250.042,29032.9679
BTCUSDT,1783998900,2026-07-14 03:15:00+00:00,62364.2,62441.4,62279.0,62441.4,198336.7846,-11028.4902,209365.2748
BTCUSDT,1783999800,2026-07-14 03:30:00+00:00,62441.4,62524.9,62400.9,62437.2,5869.9039,-10737.3021,16607.206000000002
BTCUSDT,1784000700,2026-07-14 03:45:00+00:00,62437.2,62551.8,62432.1,62538.2,0.0,0.0,0.0
BTCUSDT,1784001600,2026-07-14 04:00:00+00:00,62538.3,62633.1,62511.0,62535.5,312.9,-5381.01976,5693.91976
BTCUSDT,1784002500,2026-07-14 04:15:00+00:00,62535.6,62630.0,62515.0,62618.4,250.1216,0.0,250.1216
BTCUSDT,1784003400,2026-07-14 04:30:00+00:00,62618.5,62744.4,62618.4,62676.3,0.0,-357836.0775,357836.0775
BTCUSDT,1784004300,2026-07-14 04:45:00+00:00,62676.4,62738.1,62666.6,62713.6,940.452,-42823.2856,43763.7376
BTCUSDT,1784005200,2026-07-14 05:00:00+00:00,62713.6,62843.5,62669.4,62791.4,0.0,-3724339.02495,3724339.02495
BTCUSDT,1784006100,2026-07-14 05:15:00+00:00,62791.4,62847.6,62730.0,62812.9,0.0,-28215.3424,28215.3424
BTCUSDT,1784007000,2026-07-14 05:30:00+00:00,62813.0,62848.0,62687.0,62723.0,0.0,-377.088,377.088
BTCUSDT,1784007900,2026-07-14 05:45:00+00:00,62722.9,62730.9,62671.7,62699.9,0.0,0.0,0.0
BTCUSDT,1784008800,2026-07-14 06:00:00+00:00,62699.9,62708.0,62630.2,62634.4,0.0,0.0,0.0
BTCUSDT,1784009700,2026-07-14 06:15:00+00:00,62634.5,62680.0,62630.6,62659.7,0.0,-62.6747,62.6747
BTCUSDT,1784010600,2026-07-14 06:30:00+00:00,62659.8,62752.0,62600.0,62666.6,62.6,0.0,62.6
BTCUSDT,1784011500,2026-07-14 06:45:00+00:00,62666.5,62675.6,62537.0,62600.1,17898.366,0.0,17898.366
BTCUSDT,1784012400,2026-07-14 07:00:00+00:00,62600.1,62630.0,62525.1,62577.2,625.3656,-688.93,1314.2956
BTCUSDT,1784013300,2026-07-14 07:15:00+00:00,62577.2,62633.0,62540.8,62614.7,0.0,0.0,0.0
BTCUSDT,1784014200,2026-07-14 07:30:00+00:00,62614.7,62629.5,62534.5,62550.0,8256.7056,0.0,8256.7056
BTCUSDT,1784015100,2026-07-14 07:45:00+00:00,62550.0,62563.1,62489.7,62529.7,28700.0123,0.0,28700.0123
BTCUSDT,1784016000,2026-07-14 08:00:00+00:00,62529.7,62561.2,62458.3,62527.3,2562.0613,0.0,2562.0613
BTCUSDT,1784016900,2026-07-14 08:15:00+00:00,62527.2,62652.9,62527.2,62631.2,0.0,-3444.6352,3444.6352
BTCUSDT,1784017800,2026-07-14 08:30:00+00:00,62631.2,62780.0,62604.3,62749.9,0.0,-91952.3515,91952.3515
BTCUSDT,1784018700,2026-07-14 08:45:00+00:00,62749.9,62762.6,62645.2,62680.1,0.0,-376.0806,376.0806
BTCUSDT,1784019600,2026-07-14 09:00:00+00:00,62680.1,62721.2,62634.4,62676.8,125.28,0.0,125.28
BTCUSDT,1784020500,2026-07-14 09:15:00+00:00,62676.7,62709.3,62623.9,62645.3,0.0,0.0,0.0
BTCUSDT,1784021400,2026-07-14 09:30:00+00:00,62645.2,62653.5,62508.8,62533.7,20258.3158,0.0,20258.3158
BTCUSDT,1784022300,2026-07-14 09:45:00+00:00,62533.8,62622.0,62502.3,62604.2,2250.0864,0.0,2250.0864
BTCUSDT,1784023200,2026-07-14 10:00:00+00:00,62604.2,62708.3,62604.2,62690.9,0.0,-6268.2439,6268.2439
BTCUSDT,1784024100,2026-07-14 10:15:00+00:00,62691.0,62710.6,62633.9,62637.7,0.0,0.0,0.0
BTCUSDT,1784025000,2026-07-14 10:30:00+00:00,62637.8,62788.3,62577.5,62782.8,3763.794,-95718.8094,99482.6034
BTCUSDT,1784025900,2026-07-14 10:45:00+00:00,62782.7,62880.0,62755.8,62767.5,0.0,-111917.6375,111917.6375
BTCUSDT,1784026800,2026-07-14 11:00:00+00:00,62767.6,62776.5,62680.7,62766.0,752.7564,0.0,752.7564
BTCUSDT,1784027700,2026-07-14 11:15:00+00:00,62766.1,62848.7,62730.0,62833.9,49851.4488,0.0,49851.4488
BTCUSDT,1784028600,2026-07-14 11:30:00+00:00,62833.9,62896.0,62784.8,62828.7,0.0,-14776.5932,14776.5932
BTCUSDT,1784029500,2026-07-14 11:45:00+00:00,62828.7,62854.3,62806.0,62810.3,881.7746,-2764.9702,3646.7448
BTCUSDT,1784030400,2026-07-14 12:00:00+00:00,62810.3,62840.0,62756.5,62820.4,62.8116,-188.3475,251.1591
BTCUSDT,1784031300,2026-07-14 12:15:00+00:00,62820.4,63090.3,62786.4,62930.9,12137.5423,-1162362.4357,1174499.978
BTCUSDT,1784032200,2026-07-14 12:30:00+00:00,62930.8,63668.4,62918.7,63523.0,36631.7692,-7321732.64983,7358364.419029999
BTCUSDT,1784033100,2026-07-14 12:45:00+00:00,63523.1,63956.0,63523.1,63935.2,316596.851,-1877028.89878,2193625.74978
BTCUSDT,1784034000,2026-07-14 13:00:00+00:00,63935.3,63956.0,63726.1,63764.2,638.828,-895.0158,1533.8438
BTCUSDT,1784034900,2026-07-14 13:15:00+00:00,63764.2,64162.2,63763.1,63929.9,350114.6209,-2208672.42352,2558787.04442
BTCUSDT,1784035800,2026-07-14 13:30:00+00:00,63930.0,63961.9,63687.7,63764.8,90366.1518,-1916.6926,92282.8444
BTCUSDT,1784036700,2026-07-14 13:45:00+00:00,63764.9,63896.6,63666.0,63802.8,57502.4994,-172930.6034,230433.1028
BTCUSDT,1784037600,2026-07-14 14:00:00+00:00,63802.8,63853.2,63550.0,63846.6,30521.7921,-827.9804,31349.7725
BTCUSDT,1784038500,2026-07-14 14:15:00+00:00,63846.5,63888.0,63741.1,63887.3,12826.9475,0.0,12826.9475
BTCUSDT,1784039400,2026-07-14 14:30:00+00:00,63887.3,64060.1,63830.0,64005.4,0.0,-238651.53008,238651.53008
BTCUSDT,1784040300,2026-07-14 14:45:00+00:00,64005.4,64310.0,63896.0,64277.3,0.0,-4178413.76198,4178413.76198
BTCUSDT,1784041200,2026-07-14 15:00:00+00:00,64277.2,64386.0,64163.6,64184.9,4043.6573,-397840.1858,401883.8431
BTCUSDT,1784042100,2026-07-14 15:15:00+00:00,64185.0,64547.0,64170.6,64469.7,0.0,-45225.1826,45225.1826
BTCUSDT,1784043000,2026-07-14 15:30:00+00:00,64469.7,64950.0,64469.7,64757.7,967.533,-5959918.08495,5960885.61795
BTCUSDT,1784043900,2026-07-14 15:45:00+00:00,64757.7,64838.9,64572.4,64727.5,87427.5121,-388.7132,87816.2253
BTCUSDT,1784044800,2026-07-14 16:00:00+00:00,64727.4,64879.0,64589.3,64710.0,516.9502,-146212.7452,146729.6954
BTCUSDT,1784045700,2026-07-14 16:15:00+00:00,64709.8,64860.0,64651.0,64797.6,6015.8607,-23382.2345,29398.0952
BTCUSDT,1784046600,2026-07-14 16:30:00+00:00,64797.7,64870.0,64750.0,64752.8,0.0,-3372.8594,3372.8594
BTCUSDT,1784047500,2026-07-14 16:45:00+00:00,64752.8,64830.0,64682.6,64703.9,51642.80142,-12311.3513,63954.152720000006
BTCUSDT,1784048400,2026-07-14 17:00:00+00:00,64704.0,64704.0,64200.0,64568.5,41532.776,0.0,41532.776
BTCUSDT,1784049300,2026-07-14 17:15:00+00:00,64568.5,64639.1,64367.6,64492.7,14429.53,-2261.5495,16691.0795
BTCUSDT,1784050200,2026-07-14 17:30:00+00:00,64492.6,64500.0,64400.0,64493.4,0.0,0.0,0.0
BTCUSDT,1784051100,2026-07-14 17:45:00+00:00,64493.3,64694.5,64456.6,64597.5,0.0,-24293.501,24293.501
BTCUSDT,1784052000,2026-07-14 18:00:00+00:00,64597.5,64600.0,64457.4,64457.4,0.0,-839.7441,839.7441
BTCUSDT,1784052900,2026-07-14 18:15:00+00:00,64457.5,64525.8,64448.7,64491.2,0.0,-64.5101,64.5101
BTCUSDT,1784053800,2026-07-14 18:30:00+00:00,64491.3,64609.9,64449.3,64553.4,0.0,-322.7744,322.7744
BTCUSDT,1784054700,2026-07-14 18:45:00+00:00,64553.5,64631.6,64520.0,64544.0,0.0,-64.6167,64.6167
BTCUSDT,1784055600,2026-07-14 19:00:00+00:00,64544.0,64616.5,64515.2,64591.2,0.0,0.0,0.0
BTCUSDT,1784056500,2026-07-14 19:15:00+00:00,64591.2,64687.9,64518.3,64530.1,0.0,-32327.4114,32327.4114
BTCUSDT,1784057400,2026-07-14 19:30:00+00:00,64530.1,64530.1,64456.3,64516.8,0.0,-1482.7552,1482.7552
BTCUSDT,1784058300,2026-07-14 19:45:00+00:00,64516.8,64636.0,64516.3,64543.0,61175.2621,-60389.2024,121564.4645
BTCUSDT,1784059200,2026-07-14 20:00:00+00:00,64543.1,64563.5,64429.7,64429.7,44028.3769,-7155.4374,51183.814300000005
BTCUSDT,1784060100,2026-07-14 20:15:00+00:00,64429.8,64492.3,64413.0,64417.5,2899.4297,0.0,2899.4297
BTCUSDT,1784061000,2026-07-14 20:30:00+00:00,64417.5,64468.6,64390.4,64457.8,2189.9392,0.0,2189.9392
BTCUSDT,1784061900,2026-07-14 20:45:00+00:00,64457.8,64576.4,64424.7,64538.6,0.0,-1162.0656,1162.0656
BTCUSDT,1784062800,2026-07-14 21:00:00+00:00,64538.6,64598.0,64496.2,64598.0,0.0,-1161.9952,1161.9952
BTCUSDT,1784063700,2026-07-14 21:15:00+00:00,64598.0,64654.5,64595.2,64644.2,969.4485,-24234.2172,25203.6657
BTCUSDT,1784064600,2026-07-14 21:30:00+00:00,64644.2,64877.7,64644.1,64712.4,0.0,-486507.2607,486507.2607
BTCUSDT,1784065500,2026-07-14 21:45:00+00:00,64712.4,64748.5,64605.4,64650.0,281667.3634,0.0,281667.3634
BTCUSDT,1784066400,2026-07-14 22:00:00+00:00,64649.9,64650.0,64485.4,64512.9,3613.1146,-1612.825,5225.9396
BTCUSDT,1784067300,2026-07-14 22:15:00+00:00,64513.0,65130.0,64513.0,64910.5,0.0,-1278637.20588,1278637.20588
BTCUSDT,1784068200,2026-07-14 22:30:00+00:00,64910.5,65010.0,64886.0,64893.1,0.0,-562801.6672,562801.6672
BTCUSDT,1784069100,2026-07-14 22:45:00+00:00,64893.2,64957.4,64832.4,64837.1,0.0,0.0,0.0
BTCUSDT,1784070000,2026-07-14 23:00:00+00:00,64837.2,65040.3,64750.0,64994.0,14316.6123,0.0,14316.6123
BTCUSDT,1784070900,2026-07-14 23:15:00+00:00,64994.0,64994.1,64856.2,64889.8,0.0,0.0,0.0
BTCUSDT,1784071800,2026-07-14 23:30:00+00:00,64889.8,64989.2,64873.5,64977.5,0.0,-2274.1084,2274.1084
BTCUSDT,1784072700,2026-07-14 23:45:00+00:00,64977.5,65027.4,64960.0,65014.7,0.0,-46656.2862,46656.2862
BTCUSDT,1784073600,2026-07-15 00:00:00+00:00,65014.6,65043.3,64887.0,64891.4,1040.3584,-25618.5386,26658.897
BTCUSDT,1784074500,2026-07-15 00:15:00+00:00,64891.5,64910.1,64813.9,64861.2,1685.6667,-12709.9336,14395.6003
BTCUSDT,1784075400,2026-07-15 00:30:00+00:00,64861.1,64862.0,64743.6,64759.2,3367.6681,0.0,3367.6681
BTCUSDT,1784076300,2026-07-15 00:45:00+00:00,64759.2,64822.0,64759.2,64798.1,0.0,0.0,0.0
BTCUSDT,1784077200,2026-07-15 01:00:00+00:00,64798.0,64813.1,64690.0,64717.5,8543.6632,0.0,8543.6632
BTCUSDT,1784078100,2026-07-15 01:15:00+00:00,64717.6,64830.2,64672.6,64809.9,7965.4913,-1489.3154,9454.8067
BTCUSDT,1784079000,2026-07-15 01:30:00+00:00,64810.0,64824.9,64632.9,64691.4,26509.6455,-1682.8661,28192.5116
BTCUSDT,1784079900,2026-07-15 01:45:00+00:00,64691.5,64694.7,64618.8,64643.7,2455.7049,0.0,2455.7049
BTCUSDT,1784080800,2026-07-15 02:00:00+00:00,64643.7,64732.6,64620.6,64685.5,0.0,-36268.0942,36268.0942
BTCUSDT,1784081700,2026-07-15 02:15:00+00:00,64685.5,64685.5,64500.0,64500.0,73302.3595,0.0,73302.3595
BTCUSDT,1784082600,2026-07-15 02:30:00+00:00,64500.1,64540.8,64456.7,64540.8,35464.4847,0.0,35464.4847
BTCUSDT,1784083500,2026-07-15 02:45:00+00:00,64540.7,64544.9,64473.0,64473.0,258.0876,-515.8999,773.9875
BTCUSDT,1784084400,2026-07-15 03:00:00+00:00,64473.1,64643.7,64473.0,64608.0,64.473,-70047.248,70111.721
BTCUSDT,1784085300,2026-07-15 03:15:00+00:00,64607.9,64608.0,64559.9,64593.2,0.0,0.0,0.0
BTCUSDT,1784086200,2026-07-15 03:30:00+00:00,64593.1,64758.6,64584.9,64674.5,0.0,-23562.6867,23562.6867
BTCUSDT,1784087100,2026-07-15 03:45:00+00:00,64674.5,64820.1,64645.2,64760.8,7886.8608,-360473.9955,368360.8563
BTCUSDT,1784088000,2026-07-15 04:00:00+00:00,64760.9,64868.0,64733.4,64793.7,0.0,-194.238,194.238
BTCUSDT,1784088900,2026-07-15 04:15:00+00:00,64793.7,64827.5,64732.2,64733.4,0.0,0.0,0.0
BTCUSDT,1784089800,2026-07-15 04:30:00+00:00,64733.5,64807.0,64686.6,64781.3,0.0,0.0,0.0
BTCUSDT,1784090700,2026-07-15 04:45:00+00:00,64781.4,64843.5,64701.1,64723.5,0.0,-1490.7795,1490.7795
BTCUSDT,1784091600,2026-07-15 05:00:00+00:00,64723.6,64789.7,64580.0,64600.0,8916.5451,0.0,8916.5451
BTCUSDT,1784092500,2026-07-15 05:15:00+00:00,64600.0,64674.6,64599.9,64625.4,0.0,0.0,0.0
BTCUSDT,1784093400,2026-07-15 05:30:00+00:00,64625.3,64726.8,64618.9,64678.8,0.0,0.0,0.0
BTCUSDT,1784094300,2026-07-15 05:45:00+00:00,64678.8,64941.7,64667.3,64920.5,0.0,-64.7485,64.7485
BTCUSDT,1784095200,2026-07-15 06:00:00+00:00,64920.5,65030.1,64844.6,65016.1,64.9344,-364280.8718,364345.8062000001
BTCUSDT,1784096100,2026-07-15 06:15:00+00:00,65016.1,65020.8,64905.6,64963.3,0.0,0.0,0.0
BTCUSDT,1784097000,2026-07-15 06:30:00+00:00,64963.3,65260.0,64939.2,65014.9,0.0,-1071363.76639,1071363.76639
BTCUSDT,1784097900,2026-07-15 06:45:00+00:00,65014.8,65044.7,64784.7,64784.7,3441.4788,0.0,3441.4788
BTCUSDT,1784098800,2026-07-15 07:00:00+00:00,64784.8,64850.0,64712.2,64842.1,19363.4271,-453.208,19816.6351
BTCUSDT,1784099700,2026-07-15 07:15:00+00:00,64842.1,64850.0,64450.9,64503.3,397519.62773,0.0,397519.62773
BTCUSDT,1784100600,2026-07-15 07:30:00+00:00,64503.4,64621.0,64490.0,64579.7,580.8546,-5877.174,6458.0286
BTCUSDT,1784101500,2026-07-15 07:45:00+00:00,64579.7,64600.0,64528.0,64528.0,0.0,0.0,0.0
BTCUSDT,1784102400,2026-07-15 08:00:00+00:00,64528.0,64660.0,64528.0,64560.1,2002.4964,-140182.1139,142184.6103
BTCUSDT,1784103300,2026-07-15 08:15:00+00:00,64560.0,64630.9,64550.6,64620.6,1291.334,0.0,1291.334
BTCUSDT,1784104200,2026-07-15 08:30:00+00:00,64620.5,64715.0,64585.6,64714.0,0.0,-10545.2316,10545.2316
BTCUSDT,1784105100,2026-07-15 08:45:00+00:00,64714.0,64785.8,64705.0,64745.0,0.0,-13140.1994,13140.1994
BTCUSDT,1784106000,2026-07-15 09:00:00+00:00,64744.9,64830.0,64730.1,64811.2,0.0,-3239.6741,3239.6741
BTCUSDT,1784106900,2026-07-15 09:15:00+00:00,64811.1,64899.9,64800.0,64801.2,0.0,-640108.477,640108.477
BTCUSDT,1784107800,2026-07-15 09:30:00+00:00,64801.2,64803.9,64669.7,64686.1,55891.1085,-194.3756,56085.4841
BTCUSDT,1784108700,2026-07-15 09:45:00+00:00,64686.1,64710.0,64626.2,64644.6,1227.9454,-970.5585,2198.5039
BTCUSDT,1784109600,2026-07-15 10:00:00+00:00,64644.6,64826.8,64608.6,64770.6,0.0,-7256.1247,7256.1247
BTCUSDT,1784110500,2026-07-15 10:15:00+00:00,64770.7,64776.9,64592.0,64607.2,12474.3487,0.0,12474.3487
BTCUSDT,1784111400,2026-07-15 10:30:00+00:00,64607.1,64662.9,64582.7,64633.7,775.2,-1034.2873,1809.4873
BTCUSDT,1784112300,2026-07-15 10:45:00+00:00,64633.7,64650.0,64603.1,64633.0,0.0,0.0,0.0
BTCUSDT,1784113200,2026-07-15 11:00:00+00:00,64633.0,64728.7,64588.6,64698.0,0.0,-2263.947,2263.947
BTCUSDT,1784114100,2026-07-15 11:15:00+00:00,64698.0,64709.5,64585.6,64609.6,0.0,0.0,0.0
BTCUSDT,1784115000,2026-07-15 11:30:00+00:00,64609.5,64690.0,64605.5,64666.0,0.0,0.0,0.0
BTCUSDT,1784115900,2026-07-15 11:45:00+00:00,64665.9,64723.1,64652.2,64707.5,0.0,0.0,0.0
BTCUSDT,1784116800,2026-07-15 12:00:00+00:00,64707.4,64712.1,64590.7,64697.2,0.0,0.0,0.0
BTCUSDT,1784117700,2026-07-15 12:15:00+00:00,64697.1,64737.2,64568.8,64660.1,0.0,-1424.0952,1424.0952
BTCUSDT,1784118600,2026-07-15 12:30:00+00:00,64660.1,65029.2,64649.9,64767.2,6147.34,-535549.31434,541696.65434
BTCUSDT,1784119500,2026-07-15 12:45:00+00:00,64767.1,65241.3,64761.7,65133.7,11293.3316,-5779930.97123,5791224.30283
BTCUSDT,1784120400,2026-07-15 13:00:00+00:00,65133.7,65421.0,65126.7,65354.6,0.0,-4090456.36996,4090456.36996
BTCUSDT,1784121300,2026-07-15 13:15:00+00:00,65354.5,65550.5,65246.5,65284.6,0.0,-1909792.1537,1909792.1537
BTCUSDT,1784122200,2026-07-15 13:30:00+00:00,65284.7,65494.4,65211.5,65245.8,33193.8477,-13481.4828,46675.3305
BTCUSDT,1784123100,2026-07-15 13:45:00+00:00,65245.9,65245.9,64852.5,65090.2,419965.0215,-16783.6611,436748.6826
BTCUSDT,1784124000,2026-07-15 14:00:00+00:00,65090.2,65376.7,65033.5,65257.3,1043.5763,-86155.17684,87198.75314
BTCUSDT,1784124900,2026-07-15 14:15:00+00:00,65257.3,65394.4,65043.8,65304.2,308279.161,-54386.6326,362665.7936
BTCUSDT,1784125800,2026-07-15 14:30:00+00:00,65304.1,65497.0,65268.8,65341.1,47629.9325,-486618.06266,534247.99516
BTCUSDT,1784126700,2026-07-15 14:45:00+00:00,65341.1,65479.3,65285.4,65364.8,0.0,-43817.7213,43817.7213
BTCUSDT,1784127600,2026-07-15 15:00:00+00:00,65364.8,65466.4,65230.0,65369.8,3849.006,-17930.0124,21779.0184
BTCUSDT,1784128500,2026-07-15 15:15:00+00:00,65369.8,65413.1,65258.0,65373.1,15863.7386,-4897.3096,20761.0482
BTCUSDT,1784129400,2026-07-15 15:30:00+00:00,65373.2,65528.5,65300.0,65451.9,0.0,-207713.5145,207713.5145
BTCUSDT,1784130300,2026-07-15 15:45:00+00:00,65451.9,65589.7,65331.3,65391.6,392.199,-85655.7939,86047.9929
BTCUSDT,1784131200,2026-07-15 16:00:00+00:00,65391.5,65438.0,65056.8,65064.6,255070.1207,-58012.3617,313082.4824
BTCUSDT,1784132100,2026-07-15 16:15:00+00:00,65064.5,65148.2,65011.1,65137.1,35250.2188,-4558.316,39808.5348
BTCUSDT,1784133000,2026-07-15 16:30:00+00:00,65137.0,65145.2,64752.0,64905.7,453739.2319,-11046.736,464785.9679
BTCUSDT,1784133900,2026-07-15 16:45:00+00:00,64905.8,65092.3,64896.0,65089.5,0.0,-39529.6937,39529.6937
BTCUSDT,1784134800,2026-07-15 17:00:00+00:00,65089.6,65127.8,64977.1,64991.7,0.0,-4753.8666,4753.8666
BTCUSDT,1784135700,2026-07-15 17:15:00+00:00,64991.8,65040.0,64944.9,65010.0,0.0,0.0,0.0
BTCUSDT,1784136600,2026-07-15 17:30:00+00:00,65009.9,65085.7,64939.5,65006.6,0.0,0.0,0.0
BTCUSDT,1784137500,2026-07-15 17:45:00+00:00,65006.6,65148.2,64948.9,65023.1,5978.6292,-304472.20099,310450.83019
BTCUSDT,1784138400,2026-07-15 18:00:00+00:00,65023.1,65130.0,64920.1,65094.2,0.0,-7471.918,7471.918
BTCUSDT,1784139300,2026-07-15 18:15:00+00:00,65094.1,65096.9,64989.3,65031.7,0.0,-130.067,130.067
BTCUSDT,1784140200,2026-07-15 18:30:00+00:00,65031.7,65092.3,64950.0,64951.9,0.0,-65.0681,65.0681
BTCUSDT,1784141100,2026-07-15 18:45:00+00:00,64951.9,64991.1,64817.1,64837.4,28177.8398,0.0,28177.8398
BTCUSDT,1784142000,2026-07-15 19:00:00+00:00,64837.4,64924.0,64820.0,64902.1,0.0,-64.8975,64.8975
BTCUSDT,1784142900,2026-07-15 19:15:00+00:00,64902.0,64902.1,64708.0,64829.5,195244.32473,0.0,195244.32473
BTCUSDT,1784143800,2026-07-15 19:30:00+00:00,64829.6,64962.5,64812.9,64957.3,0.0,-908.5454,908.5454
BTCUSDT,1784144700,2026-07-15 19:45:00+00:00,64957.2,64967.9,64857.6,64942.0,0.0,-194.9037,194.9037
BTCUSDT,1784145600,2026-07-15 20:00:00+00:00,64942.1,64961.6,64869.8,64917.1,0.0,0.0,0.0
BTCUSDT,1784146500,2026-07-15 20:15:00+00:00,64917.1,64996.0,64916.6,64979.7,0.0,-1754.8866,1754.8866
BTCUSDT,1784147400,2026-07-15 20:30:00+00:00,64979.6,65030.5,64956.9,64968.3,0.0,-11897.1014,11897.1014
BTCUSDT,1784148300,2026-07-15 20:45:00+00:00,64968.3,64968.4,64934.6,64939.9,0.0,-259.7512,259.7512
BTCUSDT,1784149200,2026-07-15 21:00:00+00:00,64939.9,64985.9,64800.0,64864.0,25605.8007,0.0,25605.8007
BTCUSDT,1784150100,2026-07-15 21:15:00+00:00,64864.1,64900.0,64805.5,64837.4,0.0,0.0,0.0
BTCUSDT,1784151000,2026-07-15 21:30:00+00:00,64837.4,64854.6,64756.7,64781.6,22288.8608,0.0,22288.8608
BTCUSDT,1784151900,2026-07-15 21:45:00+00:00,64781.6,64800.0,64757.2,64800.0,0.0,0.0,0.0
BTCUSDT,1784152800,2026-07-15 22:00:00+00:00,64800.0,64850.0,64759.2,64776.8,0.0,0.0,0.0
BTCUSDT,1784153700,2026-07-15 22:15:00+00:00,64776.9,64866.0,64739.0,64866.0,0.0,0.0,0.0
BTCUSDT,1784154600,2026-07-15 22:30:00+00:00,64866.0,64923.8,64822.2,64849.5,0.0,-1038.5616,1038.5616
BTCUSDT,1784155500,2026-07-15 22:45:00+00:00,64849.5,64949.7,64826.9,64831.5,0.0,-12139.9516,12139.9516
BTCUSDT,1784156400,2026-07-15 23:00:00+00:00,64831.6,64912.5,64831.5,64880.6,0.0,0.0,0.0
BTCUSDT,1784157300,2026-07-15 23:15:00+00:00,64880.5,64902.4,64810.3,64819.2,194.457,0.0,194.457
BTCUSDT,1784158200,2026-07-15 23:30:00+00:00,64819.2,64835.6,64676.9,64708.7,1121587.68946,0.0,1121587.68946
BTCUSDT,1784159100,2026-07-15 23:45:00+00:00,64708.6,64794.4,64660.0,64721.4,0.0,0.0,0.0
BTCUSDT,1784160000,2026-07-16 00:00:00+00:00,64721.4,64814.7,64707.6,64794.0,0.0,-64.7801,64.7801
BTCUSDT,1784160900,2026-07-16 00:15:00+00:00,64793.9,64811.4,64534.2,64535.2,527645.6782,0.0,527645.6782
BTCUSDT,1784161800,2026-07-16 00:30:00+00:00,64535.3,64574.4,64464.0,64497.6,1016992.91444,0.0,1016992.91444
BTCUSDT,1784162700,2026-07-16 00:45:00+00:00,64497.6,64625.0,64480.0,64554.3,515.9504,-969.375,1485.3254
BTCUSDT,1784163600,2026-07-16 01:00:00+00:00,64554.3,64633.9,64525.1,64574.7,645.306,0.0,645.306
BTCUSDT,1784164500,2026-07-16 01:15:00+00:00,64574.6,64576.1,64362.2,64532.6,1320940.38714,-5094.2995,1326034.68664
BTCUSDT,1784165400,2026-07-16 01:30:00+00:00,64532.7,64712.4,64532.6,64586.3,0.0,-293783.7396,293783.7396
BTCUSDT,1784166300,2026-07-16 01:45:00+00:00,64586.2,64807.9,64569.3,64698.6,0.0,-105326.7807,105326.7807
BTCUSDT,1784167200,2026-07-16 02:00:00+00:00,64698.6,64705.0,64600.1,64622.8,0.0,-7304.3313,7304.3313
BTCUSDT,1784168100,2026-07-16 02:15:00+00:00,64622.8,64661.1,64563.2,64639.1,1355.8272,0.0,1355.8272
BTCUSDT,1784169000,2026-07-16 02:30:00+00:00,64639.1,64657.3,64553.2,64563.4,12925.0,0.0,12925.0
BTCUSDT,1784169900,2026-07-16 02:45:00+00:00,64563.3,64640.0,64550.0,64616.1,23382.4357,-18155.7726,41538.2083
BTCUSDT,1784170800,2026-07-16 03:00:00+00:00,64616.1,64693.5,64570.5,64674.8,132252.15795,-129.2916,132381.44955
BTCUSDT,1784171700,2026-07-16 03:15:00+00:00,64674.9,64675.0,64560.1,64662.3,0.0,0.0,0.0
BTCUSDT,1784172600,2026-07-16 03:30:00+00:00,64662.2,64723.3,64630.4,64636.2,1681.3472,0.0,1681.3472
BTCUSDT,1784173500,2026-07-16 03:45:00+00:00,64636.1,64636.2,64521.0,64593.0,450264.46076,0.0,450264.46076
BTCUSDT,1784174400,2026-07-16 04:00:00+00:00,64593.0,64638.0,64555.1,64623.1,64.5901,0.0,64.5901
BTCUSDT,1784175300,2026-07-16 04:15:00+00:00,64623.0,64631.1,64512.0,64625.1,0.0,-1872.2529,1872.2529
BTCUSDT,1784176200,2026-07-16 04:30:00+00:00,64625.1,64667.0,64563.8,64585.5,0.0,0.0,0.0
BTCUSDT,1784177100,2026-07-16 04:45:00+00:00,64585.5,64619.8,64550.0,64610.9,0.0,0.0,0.0
BTCUSDT,1784178000,2026-07-16 05:00:00+00:00,64610.9,64750.4,64573.4,64750.4,0.0,-117497.5923,117497.5923
BTCUSDT,1784178900,2026-07-16 05:15:00+00:00,64750.5,64930.0,64733.2,64907.2,64.78,-230230.9232,230295.7032
BTCUSDT,1784179800,2026-07-16 05:30:00+00:00,64907.2,64974.5,64830.0,64890.9,0.0,-353016.6913,353016.6913
BTCUSDT,1784180700,2026-07-16 05:45:00+00:00,64890.9,64921.2,64849.6,64897.9,129.7866,-1687.382,1817.1686
BTCUSDT,1784181600,2026-07-16 06:00:00+00:00,64898.0,64951.2,64821.1,64838.9,64.9247,0.0,64.9247
BTCUSDT,1784182500,2026-07-16 06:15:00+00:00,64838.9,64872.6,64774.9,64797.7,2397.5632,0.0,2397.5632
BTCUSDT,1784183400,2026-07-16 06:30:00+00:00,64797.6,64803.4,64603.4,64704.1,465635.773,0.0,465635.773
BTCUSDT,1784184300,2026-07-16 06:45:00+00:00,64704.1,64772.6,64671.8,64750.0,0.0,0.0,0.0
BTCUSDT,1784185200,2026-07-16 07:00:00+00:00,64749.9,64750.0,64623.0,64623.1,1487.939,0.0,1487.939
BTCUSDT,1784186100,2026-07-16 07:15:00+00:00,64623.2,64627.4,64466.5,64469.0,437201.104,-452.0383,437653.1423
BTCUSDT,1784187000,2026-07-16 07:30:00+00:00,64468.9,64476.0,64155.3,64200.2,791225.13402,0.0,791225.13402
BTCUSDT,1784187900,2026-07-16 07:45:00+00:00,64200.2,64255.0,64005.6,64200.0,295422.2701,0.0,295422.2701
BTCUSDT,1784188800,2026-07-16 08:00:00+00:00,64200.1,64228.0,63900.0,63914.0,320.5465,0.0,320.5465
BTCUSDT,1784189700,2026-07-16 08:15:00+00:00,63914.1,64139.4,63843.1,64127.0,407256.0234,-3193.83,410449.8534
BTCUSDT,1784190600,2026-07-16 08:30:00+00:00,64126.9,64340.0,64089.5,64109.9,0.0,-296043.6723,296043.6723
BTCUSDT,1784191500,2026-07-16 08:45:00+00:00,64109.9,64192.3,64031.2,64096.7,14674.8391,0.0,14674.8391
BTCUSDT,1784192400,2026-07-16 09:00:00+00:00,64096.6,64155.9,64072.7,64086.4,3205.0505,0.0,3205.0505
BTCUSDT,1784193300,2026-07-16 09:15:00+00:00,64086.5,64119.2,63988.3,64007.3,192.2403,0.0,192.2403
BTCUSDT,1784194200,2026-07-16 09:30:00+00:00,64007.3,64095.0,63985.1,64076.9,0.0,0.0,0.0
BTCUSDT,1784195100,2026-07-16 09:45:00+00:00,64076.8,64106.4,64000.6,64063.8,0.0,0.0,0.0
BTCUSDT,1784196000,2026-07-16 10:00:00+00:00,64063.9,64160.9,64047.7,64118.1,0.0,0.0,0.0
BTCUSDT,1784196900,2026-07-16 10:15:00+00:00,64118.0,64199.5,64102.9,64194.5,0.0,-27216.284,27216.284
BTCUSDT,1784197800,2026-07-16 10:30:00+00:00,64194.6,64241.3,64151.0,64159.1,0.0,-42893.8388,42893.8388
BTCUSDT,1784198700,2026-07-16 10:45:00+00:00,64159.0,64200.0,64135.2,64186.9,64.1588,0.0,64.1588
BTCUSDT,1784199600,2026-07-16 11:00:00+00:00,64187.0,64198.0,64080.0,64142.8,0.0,0.0,0.0
BTCUSDT,1784200500,2026-07-16 11:15:00+00:00,64142.7,64230.7,64057.2,64147.4,128.16,0.0,128.16
BTCUSDT,1784201400,2026-07-16 11:30:00+00:00,64147.5,64237.4,64116.5,64234.7,0.0,-173356.267,173356.267
BTCUSDT,1784202300,2026-07-16 11:45:00+00:00,64234.6,64245.6,64061.6,64226.6,19220.94,0.0,19220.94
BTCUSDT,1784203200,2026-07-16 12:00:00+00:00,64226.6,64226.6,64103.0,64136.1,64.1251,0.0,64.1251
BTCUSDT,1784204100,2026-07-16 12:15:00+00:00,64136.0,64160.0,64058.6,64160.0,384.6282,-1988.0192,2372.6474
BTCUSDT,1784205000,2026-07-16 12:30:00+00:00,64159.9,64185.7,63855.0,63869.4,611880.32542,-63.888,611944.21342
BTCUSDT,1784205900,2026-07-16 12:45:00+00:00,63869.4,64028.2,63833.0,63938.1,493878.51758,-4224.9078,498103.42538
BTCUSDT,1784206800,2026-07-16 13:00:00+00:00,63938.2,64085.0,63930.1,64059.8,5116.552,-17422.9023,22539.4543
BTCUSDT,1784207700,2026-07-16 13:15:00+00:00,64059.7,64230.1,64026.7,64230.1,0.0,-29571.5963,29571.5963
BTCUSDT,1784208600,2026-07-16 13:30:00+00:00,64230.1,64458.7,64126.8,64126.8,1925.227,-759902.1973,761827.4243
BTCUSDT,1784209500,2026-07-16 13:45:00+00:00,64126.8,64366.0,64082.5,64354.4,3268.9512,-34658.34,37927.2912
BTCUSDT,1784210400,2026-07-16 14:00:00+00:00,64354.3,64687.8,64300.1,64610.0,0.0,-289387.3938,289387.3938
BTCUSDT,1784211300,2026-07-16 14:15:00+00:00,64610.0,64844.3,64540.0,64733.7,0.0,-1490543.9927,1490543.9927
BTCUSDT,1784212200,2026-07-16 14:30:00+00:00,64733.7,64809.4,64629.3,64715.1,0.0,-6023.9233,6023.9233
BTCUSDT,1784213100,2026-07-16 14:45:00+00:00,64715.0,64718.6,64343.9,64510.0,16334.528,-64.5705,16399.0985
BTCUSDT,1784214000,2026-07-16 15:00:00+00:00,64510.0,64560.0,64281.6,64335.8,6645.7761,0.0,6645.7761
BTCUSDT,1784214900,2026-07-16 15:15:00+00:00,64335.8,64874.7,64300.1,64800.0,0.0,-153902.5079,153902.5079
BTCUSDT,1784215800,2026-07-16 15:30:00+00:00,64800.0,64806.4,64640.3,64697.7,0.0,-971.1,971.1
BTCUSDT,1784216700,2026-07-16 15:45:00+00:00,64697.8,64799.7,64585.6,64677.7,3036.5128,-76262.0672,79298.58
BTCUSDT,1784217600,2026-07-16 16:00:00+00:00,64677.7,64687.6,64440.9,64480.1,25825.3834,0.0,25825.3834
BTCUSDT,1784218500,2026-07-16 16:15:00+00:00,64480.1,64556.1,64361.2,64515.8,484133.01658,-2063.1584,486196.17498
BTCUSDT,1784219400,2026-07-16 16:30:00+00:00,64515.8,64640.0,64334.9,64348.5,965.7795,-4328.7187,5294.4982
BTCUSDT,1784220300,2026-07-16 16:45:00+00:00,64348.5,64507.8,64299.4,64448.4,34403.673,-257.3832,34661.0562
BTCUSDT,1784221200,2026-07-16 17:00:00+00:00,64448.4,64453.1,64130.6,64134.9,245528.18284,0.0,245528.18284
BTCUSDT,1784222100,2026-07-16 17:15:00+00:00,64134.8,64209.6,64059.1,64193.3,105398.4815,-34152.8394,139551.3209
BTCUSDT,1784223000,2026-07-16 17:30:00+00:00,64193.2,64257.7,64090.6,64119.7,0.0,-2890.2375,2890.2375
BTCUSDT,1784223900,2026-07-16 17:45:00+00:00,64119.7,64124.0,63958.0,64045.6,345970.113,-8525.4989,354495.6119
BTCUSDT,1784224800,2026-07-16 18:00:00+00:00,64045.5,64199.9,64022.3,64166.6,0.0,-128.2676,128.2676
BTCUSDT,1784225700,2026-07-16 18:15:00+00:00,64166.5,64306.8,64121.9,64187.6,771.1318,-27308.7493,28079.8811
BTCUSDT,1784226600,2026-07-16 18:30:00+00:00,64187.5,64197.3,64061.4,64126.1,769.1857,0.0,769.1857
BTCUSDT,1784227500,2026-07-16 18:45:00+00:00,64126.2,64299.9,64111.1,64217.1,0.0,-15676.381,15676.381
BTCUSDT,1784228400,2026-07-16 19:00:00+00:00,64217.0,64277.7,64185.8,64202.2,10398.5196,-1798.6248,12197.1444
BTCUSDT,1784229300,2026-07-16 19:15:00+00:00,64202.2,64256.0,64135.5,64237.5,513.4384,0.0,513.4384
BTCUSDT,1784230200,2026-07-16 19:30:00+00:00,64237.4,64261.6,64167.3,64170.6,0.0,0.0,0.0
BTCUSDT,1784231100,2026-07-16 19:45:00+00:00,64170.6,64257.7,64120.2,64241.6,512.9616,0.0,512.9616
BTCUSDT,1784232000,2026-07-16 20:00:00+00:00,64241.7,64249.9,64155.0,64159.9,0.0,0.0,0.0
BTCUSDT,1784232900,2026-07-16 20:15:00+00:00,64160.0,64215.9,64124.9,64154.0,0.0,0.0,0.0
BTCUSDT,1784233800,2026-07-16 20:30:00+00:00,64153.9,64181.7,64103.6,64123.5,64.1036,0.0,64.1036
BTCUSDT,1784234700,2026-07-16 20:45:00+00:00,64123.4,64134.7,64075.1,64090.1,28455.4901,0.0,28455.4901
BTCUSDT,1784235600,2026-07-16 21:00:00+00:00,64090.1,64181.3,64077.3,64160.1,1473.7779,-384.6162,1858.3941
BTCUSDT,1784236500,2026-07-16 21:15:00+00:00,64160.0,64185.6,64132.4,64142.7,0.0,0.0,0.0
BTCUSDT,1784237400,2026-07-16 21:30:00+00:00,64142.5,64217.6,64130.0,64190.0,0.0,0.0,0.0
BTCUSDT,1784238300,2026-07-16 21:45:00+00:00,64190.0,64190.0,64105.0,64135.9,0.0,0.0,0.0
BTCUSDT,1784239200,2026-07-16 22:00:00+00:00,64136.0,64221.3,64126.9,64176.8,0.0,0.0,0.0
BTCUSDT,1784240100,2026-07-16 22:15:00+00:00,64176.8,64176.8,63982.9,63997.5,0.0,-384.792,384.792
BTCUSDT,1784241000,2026-07-16 22:30:00+00:00,63997.4,64159.1,63997.4,64053.9,256.0536,-64.1425,320.1961
BTCUSDT,1784241900,2026-07-16 22:45:00+00:00,64053.9,64059.0,63922.6,63939.5,694318.295,-191292.9044,885611.1994
BTCUSDT,1784242800,2026-07-16 23:00:00+00:00,63939.6,63978.6,63880.0,63901.6,10801.19,0.0,10801.19
BTCUSDT,1784243700,2026-07-16 23:15:00+00:00,63901.6,63901.6,63714.6,63788.0,2341050.04136,0.0,2341050.04136
BTCUSDT,1784244600,2026-07-16 23:30:00+00:00,63787.9,63826.3,63712.6,63810.1,4269.5739,0.0,4269.5739
BTCUSDT,1784245500,2026-07-16 23:45:00+00:00,63810.1,63882.1,63767.0,63801.0,0.0,0.0,0.0
BTCUSDT,1784246400,2026-07-17 00:00:00+00:00,63801.1,63819.2,63715.7,63768.3,6309.0097,0.0,6309.0097
BTCUSDT,1784247300,2026-07-17 00:15:00+00:00,63768.2,63890.4,63740.8,63772.1,24870.6617,-12385.2489,37255.9106
BTCUSDT,1784248200,2026-07-17 00:30:00+00:00,63772.1,63779.5,63580.0,63765.1,1302724.26998,-15172.4821,1317896.75208
BTCUSDT,1784249100,2026-07-17 00:45:00+00:00,63765.1,63862.9,63760.1,63862.9,0.0,-105653.3558,105653.3558
BTCUSDT,1784250000,2026-07-17 01:00:00+00:00,63862.9,64041.6,63841.0,63963.8,0.0,-201739.1024,201739.1024
BTCUSDT,1784250900,2026-07-17 01:15:00+00:00,63963.8,63995.0,63800.0,63949.9,41549.6229,0.0,41549.6229
BTCUSDT,1784251800,2026-07-17 01:30:00+00:00,63950.0,63959.6,63700.0,63700.1,58370.5492,0.0,58370.5492
BTCUSDT,1784252700,2026-07-17 01:45:00+00:00,63700.0,63700.0,63435.6,63510.8,1673609.7327,0.0,1673609.7327
BTCUSDT,1784253600,2026-07-17 02:00:00+00:00,63510.7,63597.7,63401.0,63584.9,375241.9165,-762.8988,376004.8153
BTCUSDT,1784254500,2026-07-17 02:15:00+00:00,63584.9,63628.0,63469.8,63505.3,0.0,-636.2041,636.2041
BTCUSDT,1784255400,2026-07-17 02:30:00+00:00,63505.2,63548.6,63386.0,63426.7,41983.9295,0.0,41983.9295
BTCUSDT,1784256300,2026-07-17 02:45:00+00:00,63426.7,63475.8,63358.0,63457.5,423640.237,0.0,423640.237
BTCUSDT,1784257200,2026-07-17 03:00:00+00:00,63457.5,63633.2,63450.1,63596.0,4071.0016,-103712.214,107783.2156
BTCUSDT,1784258100,2026-07-17 03:15:00+00:00,63596.0,63693.2,63587.9,63650.3,0.0,-318.2618,318.2618
BTCUSDT,1784259000,2026-07-17 03:30:00+00:00,63650.4,63669.1,63574.4,63597.8,0.0,0.0,0.0
BTCUSDT,1784259900,2026-07-17 03:45:00+00:00,63597.8,63607.0,63494.6,63538.1,127.0,0.0,127.0
BTCUSDT,1784260800,2026-07-17 04:00:00+00:00,63538.0,63538.1,63453.8,63471.0,8442.6029,-63.4784,8506.0813
BTCUSDT,1784261700,2026-07-17 04:15:00+00:00,63470.9,63510.5,63281.0,63362.7,849781.4805,0.0,849781.4805
BTCUSDT,1784262600,2026-07-17 04:30:00+00:00,63362.8,63470.9,63308.0,63455.5,316.7625,0.0,316.7625
BTCUSDT,1784263500,2026-07-17 04:45:00+00:00,63455.4,63560.0,63444.0,63460.0,0.0,-101145.8019,101145.8019
BTCUSDT,1784264400,2026-07-17 05:00:00+00:00,63460.1,63460.1,63340.0,63408.2,0.0,-63.3672,63.3672
BTCUSDT,1784265300,2026-07-17 05:15:00+00:00,63408.2,63414.9,63120.0,63176.5,607918.79988,-63.292,607982.09188
BTCUSDT,1784266200,2026-07-17 05:30:00+00:00,63176.5,63200.0,62869.7,62943.1,2086815.66482,-504.2034,2087319.86822
BTCUSDT,1784267100,2026-07-17 05:45:00+00:00,62943.1,62948.8,62754.6,62807.3,1937778.58278,0.0,1937778.58278
BTCUSDT,1784268000,2026-07-17 06:00:00+00:00,62807.4,62961.7,62731.8,62796.0,117174.2623,-12649.2542,129823.5165
BTCUSDT,1784268900,2026-07-17 06:15:00+00:00,62796.0,62913.9,62655.0,62900.0,462162.02612,-117507.6788,579669.7049199999
BTCUSDT,1784269800,2026-07-17 06:30:00+00:00,62900.0,62932.9,62830.5,62846.4,0.0,-692.2391,692.2391
BTCUSDT,1784270700,2026-07-17 06:45:00+00:00,62846.4,62922.8,62818.8,62915.4,1445.4763,0.0,1445.4763
BTCUSDT,1784271600,2026-07-17 07:00:00+00:00,62915.5,62915.5,62836.8,62871.9,1508.4161,0.0,1508.4161
BTCUSDT,1784272500,2026-07-17 07:15:00+00:00,62871.9,62904.7,62761.3,62900.4,7409.395,0.0,7409.395
BTCUSDT,1784273400,2026-07-17 07:30:00+00:00,62900.5,62947.1,62839.0,62899.5,65128.8625,-1384.3424,66513.2049
BTCUSDT,1784274300,2026-07-17 07:45:00+00:00,62899.5,62926.1,62784.1,62792.9,62.865,0.0,62.865
BTCUSDT,1784275200,2026-07-17 08:00:00+00:00,62792.8,62864.4,62723.4,62864.4,136118.4294,0.0,136118.4294
BTCUSDT,1784276100,2026-07-17 08:15:00+00:00,62864.4,62866.9,62705.4,62772.1,67204.0313,-501.788,67705.8193
BTCUSDT,1784277000,2026-07-17 08:30:00+00:00,62772.0,62772.1,62611.0,62760.2,661885.49474,0.0,661885.49474
BTCUSDT,1784277900,2026-07-17 08:45:00+00:00,62760.3,62905.0,62760.2,62857.5,125.6624,-16330.6752,16456.3376
BTCUSDT,1784278800,2026-07-17 09:00:00+00:00,62857.4,62933.0,62831.8,62932.1,49731.8335,-10626.8102,60358.6437
BTCUSDT,1784279700,2026-07-17 09:15:00+00:00,62932.1,62941.8,62833.3,62920.1,0.0,-3398.3658,3398.3658
BTCUSDT,1784280600,2026-07-17 09:30:00+00:00,62920.1,63034.0,62897.4,63034.0,0.0,-38723.5984,38723.5984
BTCUSDT,1784281500,2026-07-17 09:45:00+00:00,63034.0,63039.8,62937.1,62962.2,0.0,-1134.7164,1134.7164
BTCUSDT,1784282400,2026-07-17 10:00:00+00:00,62962.3,63116.0,62962.2,63070.5,6625.1185,-68385.8463,75010.9648
BTCUSDT,1784283300,2026-07-17 10:15:00+00:00,63070.4,63100.9,63020.1,63063.7,0.0,-2397.5549,2397.5549
BTCUSDT,1784284200,2026-07-17 10:30:00+00:00,63063.6,63163.5,63048.8,63152.1,0.0,-7259.2453,7259.2453
BTCUSDT,1784285100,2026-07-17 10:45:00+00:00,63152.0,63165.9,63133.2,63146.9,0.0,-7137.5674,7137.5674
BTCUSDT,1784286000,2026-07-17 11:00:00+00:00,63146.9,63179.9,63055.2,63055.2,0.0,-6886.5473,6886.5473
BTCUSDT,1784286900,2026-07-17 11:15:00+00:00,63055.3,63107.2,63031.3,63104.1,4982.3009,0.0,4982.3009
BTCUSDT,1784287800,2026-07-17 11:30:00+00:00,63104.1,63275.9,63075.9,63274.4,5493.8889,-265494.5252,270988.4141
BTCUSDT,1784288700,2026-07-17 11:45:00+00:00,63274.4,63337.4,63238.0,63273.2,0.0,-175780.2748,175780.2748
BTCUSDT,1784289600,2026-07-17 12:00:00+00:00,63273.1,63320.0,63208.9,63226.8,0.0,0.0,0.0
BTCUSDT,1784290500,2026-07-17 12:15:00+00:00,63226.8,63275.0,63134.3,63173.2,252.7444,0.0,252.7444
BTCUSDT,1784291400,2026-07-17 12:30:00+00:00,63173.3,63178.2,63043.4,63088.0,54882.1295,-189.4554,55071.5849
BTCUSDT,1784292300,2026-07-17 12:45:00+00:00,63088.0,63136.9,63037.0,63073.9,99809.4164,-11926.4399,111735.8563
BTCUSDT,1784293200,2026-07-17 13:00:00+00:00,63073.9,63073.9,62740.0,62788.3,1162818.26609,-503.393,1163321.65909
BTCUSDT,1784294100,2026-07-17 13:15:00+00:00,62788.3,62933.5,62778.4,62829.9,2260.0224,-1572.7822,3832.8046
BTCUSDT,1784295000,2026-07-17 13:30:00+00:00,62830.0,62913.9,62505.1,62540.0,921635.49062,-816.6675,922452.15812
BTCUSDT,1784295900,2026-07-17 13:45:00+00:00,62540.0,63155.8,62505.4,63128.6,30580.3469,-1128886.7898,1159467.1367
BTCUSDT,1784296800,2026-07-17 14:00:00+00:00,63128.7,63496.0,63117.4,63367.1,5118.1713,-899209.93755,904328.10885
BTCUSDT,1784297700,2026-07-17 14:15:00+00:00,63367.0,63468.3,63163.7,63216.5,324793.8047,0.0,324793.8047
BTCUSDT,1784298600,2026-07-17 14:30:00+00:00,63216.6,63328.1,63051.4,63243.0,55203.4109,-8981.5828,64184.993700000006
BTCUSDT,1784299500,2026-07-17 14:45:00+00:00,63242.9,63268.5,63100.8,63142.5,8336.2116,0.0,8336.2116
BTCUSDT,1784300400,2026-07-17 15:00:00+00:00,63142.5,63162.6,62817.0,62890.6,488882.3531,-2199.75,491082.1031
BTCUSDT,1784301300,2026-07-17 15:15:00+00:00,62890.6,63249.8,62875.5,63240.3,0.0,-162417.7694,162417.7694
BTCUSDT,1784302200,2026-07-17 15:30:00+00:00,63240.3,63277.7,63082.7,63188.0,315.438,-28400.0577,28715.4957
BTCUSDT,1784303100,2026-07-17 15:45:00+00:00,63187.9,63432.5,63120.0,63432.4,0.0,-128276.05068,128276.05068
BTCUSDT,1784304000,2026-07-17 16:00:00+00:00,63432.5,63541.0,63318.6,63435.4,0.0,-88143.604,88143.604
BTCUSDT,1784304900,2026-07-17 16:15:00+00:00,63435.5,63514.4,63272.4,63446.0,60139.3238,0.0,60139.3238
BTCUSDT,1784305800,2026-07-17 16:30:00+00:00,63446.0,63513.0,63340.0,63499.9,0.0,-2349.4411,2349.4411
BTCUSDT,1784306700,2026-07-17 16:45:00+00:00,63500.0,63681.3,63454.1,63553.7,0.0,-331940.8919,331940.8919
BTCUSDT,1784307600,2026-07-17 17:00:00+00:00,63553.7,64122.0,63553.7,63928.0,831.1017,-2600236.53647,2601067.63817
BTCUSDT,1784308500,2026-07-17 17:15:00+00:00,63928.0,64098.5,63882.5,63994.7,0.0,-4100.706,4100.706
BTCUSDT,1784309400,2026-07-17 17:30:00+00:00,63994.6,64080.0,63942.6,63999.5,7418.9424,0.0,7418.9424
BTCUSDT,1784310300,2026-07-17 17:45:00+00:00,63999.5,64194.6,63961.5,64011.8,256.044,-456447.1303,456703.1743
BTCUSDT,1784311200,2026-07-17 18:00:00+00:00,64011.7,64082.1,63931.9,64056.7,63.952,-832.4823,896.4343
BTCUSDT,1784312100,2026-07-17 18:15:00+00:00,64056.8,64056.8,63855.8,63928.6,17756.4992,0.0,17756.4992
BTCUSDT,1784313000,2026-07-17 18:30:00+00:00,63928.6,64120.7,63915.3,64118.5,0.0,-576.2607,576.2607
BTCUSDT,1784313900,2026-07-17 18:45:00+00:00,64118.5,64356.7,64113.0,64220.1,0.0,-1275678.4239,1275678.4239
BTCUSDT,1784314800,2026-07-17 19:00:00+00:00,64220.1,64226.1,64017.7,64039.6,242348.31525,0.0,242348.31525
BTCUSDT,1784315700,2026-07-17 19:15:00+00:00,64039.6,64060.5,63943.5,64059.8,63.987,0.0,63.987
BTCUSDT,1784316600,2026-07-17 19:30:00+00:00,64059.9,64148.7,64035.2,64148.7,0.0,-18469.8775,18469.8775
BTCUSDT,1784317500,2026-07-17 19:45:00+00:00,64148.7,64179.7,64107.0,64121.4,449.1557,0.0,449.1557
BTCUSDT,1784318400,2026-07-17 20:00:00+00:00,64121.3,64121.3,63967.5,63976.0,2367.9561,0.0,2367.9561
BTCUSDT,1784319300,2026-07-17 20:15:00+00:00,63976.0,64045.1,63949.7,64003.4,0.0,-1151.4258,1151.4258
BTCUSDT,1784320200,2026-07-17 20:30:00+00:00,64003.3,64081.7,63928.9,64081.7,383.871,0.0,383.871
BTCUSDT,1784321100,2026-07-17 20:45:00+00:00,64081.7,64165.7,64004.7,64086.1,0.0,-2371.059,2371.059
BTCUSDT,1784322000,2026-07-17 21:00:00+00:00,64086.2,64159.5,64086.1,64133.2,0.0,0.0,0.0
BTCUSDT,1784322900,2026-07-17 21:15:00+00:00,64133.2,64188.2,64095.0,64112.3,0.0,-2502.8927,2502.8927
BTCUSDT,1784323800,2026-07-17 21:30:00+00:00,64112.3,64121.8,64046.2,64069.9,0.0,0.0,0.0
BTCUSDT,1784324700,2026-07-17 21:45:00+00:00,64070.0,64081.1,64031.6,64070.6,0.0,0.0,0.0
BTCUSDT,1784325600,2026-07-17 22:00:00+00:00,64070.6,64117.5,64023.3,64052.2,0.0,0.0,0.0
BTCUSDT,1784326500,2026-07-17 22:15:00+00:00,64052.1,64052.1,63934.0,63937.4,30900.78218,0.0,30900.78218
BTCUSDT,1784327400,2026-07-17 22:30:00+00:00,63937.5,63945.4,63891.6,63918.9,5432.4675,0.0,5432.4675
BTCUSDT,1784328300,2026-07-17 22:45:00+00:00,63918.8,63966.0,63912.1,63952.8,9461.6104,0.0,9461.6104
BTCUSDT,1784329200,2026-07-17 23:00:00+00:00,63952.7,63952.8,63860.0,63878.2,220477.488,0.0,220477.488
BTCUSDT,1784330100,2026-07-17 23:15:00+00:00,63878.2,63939.0,63868.0,63939.0,0.0,0.0,0.0
BTCUSDT,1784331000,2026-07-17 23:30:00+00:00,63938.9,63985.0,63935.6,63948.1,102508.8703,-319.728,102828.5983
BTCUSDT,1784331900,2026-07-17 23:45:00+00:00,63948.1,63969.5,63898.9,63909.9,319.6285,-447.342,766.9704999999999
BTCUSDT,1784332800,2026-07-18 00:00:00+00:00,63909.9,63943.4,63859.6,63936.9,0.0,0.0,0.0
BTCUSDT,1784333700,2026-07-18 00:15:00+00:00,63936.9,63991.0,63932.0,63964.3,0.0,-255.7948,255.7948
BTCUSDT,1784334600,2026-07-18 00:30:00+00:00,63964.2,63964.3,63871.4,63897.0,0.0,0.0,0.0
BTCUSDT,1784335500,2026-07-18 00:45:00+00:00,63897.0,63929.6,63865.1,63881.6,0.0,-1085.8784,1085.8784
BTCUSDT,1784336400,2026-07-18 01:00:00+00:00,63881.6,63900.0,63862.0,63896.2,0.0,-4280.898,4280.898
BTCUSDT,1784337300,2026-07-18 01:15:00+00:00,63896.2,63980.0,63896.1,63973.6,0.0,-17078.4408,17078.4408
BTCUSDT,1784338200,2026-07-18 01:30:00+00:00,63973.5,63973.6,63888.0,63916.6,0.0,0.0,0.0
BTCUSDT,1784339100,2026-07-18 01:45:00+00:00,63916.5,63958.7,63916.5,63929.2,63.9479,0.0,63.9479
BTCUSDT,1784340000,2026-07-18 02:00:00+00:00,63929.2,63948.0,63900.0,63942.4,0.0,-5689.3339,5689.3339
BTCUSDT,1784340900,2026-07-18 02:15:00+00:00,63942.4,63980.6,63942.3,63970.0,0.0,0.0,0.0
BTCUSDT,1784341800,2026-07-18 02:30:00+00:00,63969.9,64014.9,63934.6,63938.7,63.9849,-3583.1732,3647.1581
BTCUSDT,1784342700,2026-07-18 02:45:00+00:00,63938.8,63950.0,63920.5,63931.5,0.0,-447.5975,447.5975
BTCUSDT,1784343600,2026-07-18 03:00:00+00:00,63931.6,63960.0,63921.0,63953.3,0.0,0.0,0.0
BTCUSDT,1784344500,2026-07-18 03:15:00+00:00,63953.3,63969.7,63916.3,63924.7,0.0,0.0,0.0
BTCUSDT,1784345400,2026-07-18 03:30:00+00:00,63924.8,63939.0,63908.9,63915.6,0.0,-127.8342,127.8342
BTCUSDT,1784346300,2026-07-18 03:45:00+00:00,63915.6,63995.8,63900.0,63989.5,2876.3415,0.0,2876.3415
BTCUSDT,1784347200,2026-07-18 04:00:00+00:00,63989.5,63992.8,63952.4,63966.9,255.8808,0.0,255.8808
BTCUSDT,1784348100,2026-07-18 04:15:00+00:00,63966.9,63967.5,63930.0,63953.4,0.0,-895.223,895.223
BTCUSDT,1784349000,2026-07-18 04:30:00+00:00,63953.4,63953.4,63915.0,63919.9,63.9252,-51391.9054,51455.8306
BTCUSDT,1784349900,2026-07-18 04:45:00+00:00,63920.0,63949.0,63919.9,63946.3,63.9268,0.0,63.9268
BTCUSDT,1784350800,2026-07-18 05:00:00+00:00,63946.3,63953.2,63900.0,63900.0,0.0,0.0,0.0
BTCUSDT,1784351700,2026-07-18 05:15:00+00:00,63900.0,63951.8,63894.3,63946.6,0.0,-447.559,447.559
BTCUSDT,1784352600,2026-07-18 05:30:00+00:00,63946.7,63973.3,63932.8,63939.9,0.0,-255.7316,255.7316
BTCUSDT,1784353500,2026-07-18 05:45:00+00:00,63939.9,63973.3,63914.0,63936.3,2045.248,0.0,2045.248
BTCUSDT,1784354400,2026-07-18 06:00:00+00:00,63936.3,63942.3,63925.9,63936.2,0.0,-255.7452,255.7452
BTCUSDT,1784355300,2026-07-18 06:15:00+00:00,63936.3,63979.0,63935.4,63959.9,0.0,-767.6772,767.6772
BTCUSDT,1784356200,2026-07-18 06:30:00+00:00,63959.9,63959.9,63914.1,63946.6,63.9505,0.0,63.9505
BTCUSDT,1784357100,2026-07-18 06:45:00+00:00,63946.6,63956.9,63943.2,63954.1,1406.911,0.0,1406.911
BTCUSDT,1784358000,2026-07-18 07:00:00+00:00,63954.2,63993.4,63952.8,63967.2,0.0,-2110.5447,2110.5447
BTCUSDT,1784358900,2026-07-18 07:15:00+00:00,63967.2,63991.6,63967.2,63990.1,0.0,0.0,0.0
BTCUSDT,1784359800,2026-07-18 07:30:00+00:00,63990.1,63995.6,63966.2,63992.4,0.0,0.0,0.0
BTCUSDT,1784360700,2026-07-18 07:45:00+00:00,63992.3,64000.0,63975.9,63980.1,0.0,-767.808,767.808
BTCUSDT,1784361600,2026-07-18 08:00:00+00:00,63980.0,63994.0,63930.4,63954.8,6649.7912,0.0,6649.7912
BTCUSDT,1784362500,2026-07-18 08:15:00+00:00,63954.8,63996.9,63950.7,63988.7,0.0,0.0,0.0
BTCUSDT,1784363400,2026-07-18 08:30:00+00:00,63988.7,63997.8,63957.0,63957.0,0.0,0.0,0.0
BTCUSDT,1784364300,2026-07-18 08:45:00+00:00,63957.1,63985.4,63957.0,63977.2,0.0,0.0,0.0
BTCUSDT,1784365200,2026-07-18 09:00:00+00:00,63977.2,63985.0,63940.5,63953.2,0.0,-1790.8321,1790.8321
BTCUSDT,1784366100,2026-07-18 09:15:00+00:00,63953.1,63953.2,63912.0,63919.6,3835.4001,-255.7596,4091.1597
BTCUSDT,1784367000,2026-07-18 09:30:00+00:00,63919.6,63949.7,63919.6,63949.7,0.0,-383.568,383.568
BTCUSDT,1784367900,2026-07-18 09:45:00+00:00,63949.6,63963.6,63947.9,63961.2,0.0,-63.9636,63.9636
BTCUSDT,1784368800,2026-07-18 10:00:00+00:00,63961.1,63974.3,63957.3,63967.9,26671.7009,-895.4568,27567.1577
BTCUSDT,1784369700,2026-07-18 10:15:00+00:00,63967.8,63983.5,63964.9,63980.2,0.0,-12090.1958,12090.1958
BTCUSDT,1784370600,2026-07-18 10:30:00+00:00,63980.2,63990.0,63971.9,63981.2,0.0,-575.8344,575.8344
BTCUSDT,1784371500,2026-07-18 10:45:00+00:00,63981.2,63985.0,63981.2,63981.2,319.9065,0.0,319.9065
BTCUSDT,1784372400,2026-07-18 11:00:00+00:00,63981.2,63996.7,63981.2,63990.2,0.0,-127.98,127.98
BTCUSDT,1784373300,2026-07-18 11:15:00+00:00,63990.2,63997.6,63990.1,63992.0,0.0,0.0,0.0
BTCUSDT,1784374200,2026-07-18 11:30:00+00:00,63992.0,63997.6,63992.0,63996.6,0.0,0.0,0.0
BTCUSDT,1784375100,2026-07-18 11:45:00+00:00,63996.6,64073.2,63995.0,64033.3,128.0664,-16458.9487,16587.0151
BTCUSDT,1784376000,2026-07-18 12:00:00+00:00,64033.2,64170.0,64033.2,64100.1,0.0,-396093.8619,396093.8619
BTCUSDT,1784376900,2026-07-18 12:15:00+00:00,64100.1,64114.2,64019.4,64061.1,1985.5345,0.0,1985.5345
BTCUSDT,1784377800,2026-07-18 12:30:00+00:00,64061.1,64177.7,64032.9,64152.6,0.0,-23419.3855,23419.3855
BTCUSDT,1784378700,2026-07-18 12:45:00+00:00,64152.6,64237.7,64152.5,64181.4,64.1561,-59921.7668,59985.9229
BTCUSDT,1784379600,2026-07-18 13:00:00+00:00,64181.5,64185.4,63956.4,63981.6,35775.8531,0.0,35775.8531
BTCUSDT,1784380500,2026-07-18 13:15:00+00:00,63981.7,64034.0,63925.2,64026.5,37981.3477,0.0,37981.3477
BTCUSDT,1784381400,2026-07-18 13:30:00+00:00,64026.6,64073.8,63993.5,64028.2,0.0,0.0,0.0
BTCUSDT,1784382300,2026-07-18 13:45:00+00:00,64028.2,64081.7,64002.6,64081.3,0.0,0.0,0.0
BTCUSDT,1784383200,2026-07-18 14:00:00+00:00,64081.2,64147.3,64065.8,64136.1,0.0,-11347.7818,11347.7818
BTCUSDT,1784384100,2026-07-18 14:15:00+00:00,64136.0,64147.3,64084.1,64147.1,0.0,-8142.6446,8142.6446
BTCUSDT,1784385000,2026-07-18 14:30:00+00:00,64147.0,64167.2,64118.6,64150.5,0.0,-128.2374,128.2374
BTCUSDT,1784385900,2026-07-18 14:45:00+00:00,64150.6,64150.6,64076.6,64099.0,192.4137,-34695.4165,34887.8302
BTCUSDT,1784386800,2026-07-18 15:00:00+00:00,64099.0,64105.6,64050.8,64070.2,64.0815,0.0,64.0815
BTCUSDT,1784387700,2026-07-18 15:15:00+00:00,64070.3,64107.6,64045.9,64045.9,320.3793,0.0,320.3793
BTCUSDT,1784388600,2026-07-18 15:30:00+00:00,64046.0,64055.7,64012.0,64012.0,128.1034,0.0,128.1034
BTCUSDT,1784389500,2026-07-18 15:45:00+00:00,64012.0,64135.6,64000.0,64090.0,0.0,-897.5904,897.5904
BTCUSDT,1784390400,2026-07-18 16:00:00+00:00,64090.0,64129.0,64054.5,64114.1,31527.9237,-27617.3731,59145.2968
BTCUSDT,1784391300,2026-07-18 16:15:00+00:00,64114.2,64121.6,64076.7,64117.0,320.5134,-7112.5248,7433.0382
BTCUSDT,1784392200,2026-07-18 16:30:00+00:00,64117.0,64142.0,64100.0,64110.7,20647.4576,-34504.3829,55151.8405
BTCUSDT,1784393100,2026-07-18 16:45:00+00:00,64110.7,64298.6,64086.1,64278.2,256.5052,-305345.8816,305602.38680000004
BTCUSDT,1784394000,2026-07-18 17:00:00+00:00,64278.3,64300.0,64250.3,64299.9,0.0,-136151.369,136151.369
BTCUSDT,1784394900,2026-07-18 17:15:00+00:00,64300.0,64433.5,64252.5,64267.2,128.5648,-540423.1642,540551.729
BTCUSDT,1784395800,2026-07-18 17:30:00+00:00,64267.1,64437.0,64267.1,64413.3,0.0,-64.3708,64.3708
BTCUSDT,1784396700,2026-07-18 17:45:00+00:00,64413.2,64466.0,64373.4,64450.0,0.0,-113384.301,113384.301
BTCUSDT,1784397600,2026-07-18 18:00:00+00:00,64450.0,64458.0,64424.5,64438.6,0.0,0.0,0.0
BTCUSDT,1784398500,2026-07-18 18:15:00+00:00,64438.5,64666.0,64428.8,64543.0,0.0,-83561.9608,83561.9608
BTCUSDT,1784399400,2026-07-18 18:30:00+00:00,64543.0,64543.0,64441.8,64443.5,0.0,-386.904,386.904
BTCUSDT,1784400300,2026-07-18 18:45:00+00:00,64443.4,64500.0,64441.7,64477.3,0.0,-49374.8252,49374.8252
BTCUSDT,1784401200,2026-07-18 19:00:00+00:00,64477.4,64523.4,64474.2,64507.4,0.0,0.0,0.0
BTCUSDT,1784402100,2026-07-18 19:15:00+00:00,64507.5,64566.0,64447.0,64447.0,10312.0,0.0,10312.0
BTCUSDT,1784403000,2026-07-18 19:30:00+00:00,64447.1,64509.9,64445.5,64493.8,3286.8684,-75713.6277,79000.4961
BTCUSDT,1784403900,2026-07-18 19:45:00+00:00,64493.8,64540.0,64493.8,64526.3,774.0312,0.0,774.0312
BTCUSDT,1784404800,2026-07-18 20:00:00+00:00,64526.4,64607.9,64467.2,64588.1,0.0,-74033.2423,74033.2423
BTCUSDT,1784405700,2026-07-18 20:15:00+00:00,64588.1,64738.2,64579.2,64614.7,970.101,-1095327.53628,1096297.63728
BTCUSDT,1784406600,2026-07-18 20:30:00+00:00,64614.8,64614.8,64553.9,64577.0,1937.1428,0.0,1937.1428
BTCUSDT,1784407500,2026-07-18 20:45:00+00:00,64577.0,64694.5,64539.9,64665.5,0.0,-323.331,323.331
BTCUSDT,1784408400,2026-07-18 21:00:00+00:00,64665.5,64741.7,64611.3,64741.4,905.2016,0.0,905.2016
BTCUSDT,1784409300,2026-07-18 21:15:00+00:00,64741.5,64819.2,64689.0,64694.8,0.0,-633723.46918,633723.46918
BTCUSDT,1784410200,2026-07-18 21:30:00+00:00,64694.8,64694.9,64600.5,64617.3,4139.2112,-78012.8838,82152.095
BTCUSDT,1784411100,2026-07-18 21:45:00+00:00,64617.3,64780.0,64584.2,64697.6,0.0,0.0,0.0
BTCUSDT,1784412000,2026-07-18 22:00:00+00:00,64697.5,64837.4,64692.0,64765.4,0.0,-98461.4122,98461.4122
BTCUSDT,1784412900,2026-07-18 22:15:00+00:00,64765.5,64804.9,64702.6,64702.7,0.0,0.0,0.0
BTCUSDT,1784413800,2026-07-18 22:30:00+00:00,64702.6,64756.8,64680.6,64743.3,19408.62,0.0,19408.62
BTCUSDT,1784414700,2026-07-18 22:45:00+00:00,64743.2,64800.0,64715.6,64774.4,0.0,-453.6,453.6
BTCUSDT,1784415600,2026-07-18 23:00:00+00:00,64774.3,64790.6,64677.7,64705.2,0.0,-4728.4436,4728.4436
BTCUSDT,1784416500,2026-07-18 23:15:00+00:00,64705.2,64812.3,64701.2,64799.6,0.0,0.0,0.0
BTCUSDT,1784417400,2026-07-18 23:30:00+00:00,64799.6,64812.3,64770.0,64795.0,0.0,0.0,0.0
BTCUSDT,1784418300,2026-07-18 23:45:00+00:00,64795.0,64818.1,64774.7,64806.7,0.0,0.0,0.0
BTCUSDT,1784419200,2026-07-19 00:00:00+00:00,64806.7,64827.4,64781.6,64811.7,0.0,-64.82,64.82
BTCUSDT,1784420100,2026-07-19 00:15:00+00:00,64811.7,64878.8,64754.5,64761.7,0.0,-78549.5046,78549.5046
BTCUSDT,1784421000,2026-07-19 00:30:00+00:00,64761.8,64780.4,64750.0,64750.1,0.0,0.0,0.0
BTCUSDT,1784421900,2026-07-19 00:45:00+00:00,64750.0,64779.6,64750.0,64756.5,0.0,-2914.3575,2914.3575
BTCUSDT,1784422800,2026-07-19 01:00:00+00:00,64756.5,64765.6,64750.0,64750.0,979.941,-6216.1344,7196.0754
BTCUSDT,1784423700,2026-07-19 01:15:00+00:00,64750.0,64771.8,64750.0,64752.7,2460.5,0.0,2460.5
BTCUSDT,1784424600,2026-07-19 01:30:00+00:00,64752.7,64753.6,64750.0,64750.0,0.0,0.0,0.0
BTCUSDT,1784425500,2026-07-19 01:45:00+00:00,64750.0,64762.0,64750.0,64750.0,0.0,0.0,0.0
BTCUSDT,1784426400,2026-07-19 02:00:00+00:00,64750.0,64948.8,64672.4,64869.1,0.0,-11731.7865,11731.7865
BTCUSDT,1784427300,2026-07-19 02:15:00+00:00,64869.1,64897.3,64764.1,64795.7,0.0,-2595.48,2595.48
BTCUSDT,1784428200,2026-07-19 02:30:00+00:00,64795.7,64928.0,64795.7,64812.5,21927.009,-226488.7257,248415.7347
BTCUSDT,1784429100,2026-07-19 02:45:00+00:00,64812.6,64838.7,64791.5,64795.4,0.0,-3305.1087,3305.1087
BTCUSDT,1784430000,2026-07-19 03:00:00+00:00,64795.5,64815.8,64686.8,64704.9,6664.5326,0.0,6664.5326
BTCUSDT,1784430900,2026-07-19 03:15:00+00:00,64704.9,64705.0,64594.6,64641.5,79786.6535,0.0,79786.6535
BTCUSDT,1784431800,2026-07-19 03:30:00+00:00,64641.5,64671.2,64623.7,64642.4,1357.3891,-13379.652,14737.0411
BTCUSDT,1784432700,2026-07-19 03:45:00+00:00,64642.3,64686.8,64634.9,64686.8,7243.4888,0.0,7243.4888
BTCUSDT,1784433600,2026-07-19 04:00:00+00:00,64686.8,64686.8,64580.4,64617.1,1873.1665,0.0,1873.1665
BTCUSDT,1784434500,2026-07-19 04:15:00+00:00,64617.0,64691.0,64617.0,64684.8,129.2674,0.0,129.2674
BTCUSDT,1784435400,2026-07-19 04:30:00+00:00,64684.9,64775.2,64669.3,64734.7,0.0,-4080.6108,4080.6108
BTCUSDT,1784436300,2026-07-19 04:45:00+00:00,64734.8,64759.3,64682.6,64692.2,0.0,0.0,0.0
BTCUSDT,1784437200,2026-07-19 05:00:00+00:00,64692.2,64772.9,64692.2,64765.3,0.0,-6473.67,6473.67
BTCUSDT,1784438100,2026-07-19 05:15:00+00:00,64765.3,64789.8,64680.9,64685.3,0.0,-3239.0858,3239.0858
BTCUSDT,1784439000,2026-07-19 05:30:00+00:00,64685.3,64687.2,64643.4,64670.1,0.0,-64.6828,64.6828
BTCUSDT,1784439900,2026-07-19 05:45:00+00:00,64670.1,64722.1,64670.0,64695.1,0.0,0.0,0.0
BTCUSDT,1784440800,2026-07-19 06:00:00+00:00,64695.0,64700.2,64670.0,64700.1,0.0,0.0,0.0
BTCUSDT,1784441700,2026-07-19 06:15:00+00:00,64700.1,64732.3,64689.6,64701.6,129.3922,0.0,129.3922
BTCUSDT,1784442600,2026-07-19 06:30:00+00:00,64701.7,64737.7,64690.9,64705.2,0.0,-19672.5392,19672.5392
BTCUSDT,1784443500,2026-07-19 06:45:00+00:00,64705.1,64712.3,64670.9,64682.3,0.0,0.0,0.0
BTCUSDT,1784444400,2026-07-19 07:00:00+00:00,64682.2,64697.4,64659.2,64664.7,64.6863,0.0,64.6863
BTCUSDT,1784445300,2026-07-19 07:15:00+00:00,64664.8,64698.6,64661.3,64696.1,0.0,-64.6932,64.6932
BTCUSDT,1784446200,2026-07-19 07:30:00+00:00,64696.2,64759.3,64681.4,64744.3,0.0,0.0,0.0
BTCUSDT,1784447100,2026-07-19 07:45:00+00:00,64744.3,64744.3,64643.4,64692.2,0.0,0.0,0.0
BTCUSDT,1784448000,2026-07-19 08:00:00+00:00,64692.1,64706.5,64638.7,64678.7,0.0,0.0,0.0
BTCUSDT,1784448900,2026-07-19 08:15:00+00:00,64678.7,64678.7,64600.0,64636.5,0.0,-2068.2592,2068.2592
BTCUSDT,1784449800,2026-07-19 08:30:00+00:00,64636.5,64653.2,64610.0,64627.5,4008.2,-2262.4865,6270.6865
BTCUSDT,1784450700,2026-07-19 08:45:00+00:00,64627.6,64723.5,64627.5,64678.1,0.0,-1941.612,1941.612
BTCUSDT,1784451600,2026-07-19 09:00:00+00:00,64678.2,64694.0,64620.0,64620.0,0.0,0.0,0.0
BTCUSDT,1784452500,2026-07-19 09:15:00+00:00,64620.1,64620.1,64522.6,64556.0,76921.2656,0.0,76921.2656
BTCUSDT,1784453400,2026-07-19 09:30:00+00:00,64556.0,64580.7,64467.2,64494.6,18250.8772,0.0,18250.8772
BTCUSDT,1784454300,2026-07-19 09:45:00+00:00,64494.7,64522.0,64479.1,64495.2,1934.739,-2321.7094,4256.4484
BTCUSDT,1784455200,2026-07-19 10:00:00+00:00,64495.1,64576.0,64454.6,64546.8,558051.1184,-1549.4632,559600.5816
BTCUSDT,1784456100,2026-07-19 10:15:00+00:00,64546.8,64605.2,64546.7,64604.4,0.0,-64.598,64.598
BTCUSDT,1784457000,2026-07-19 10:30:00+00:00,64604.4,64656.9,64586.8,64645.1,0.0,-11308.0151,11308.0151
BTCUSDT,1784457900,2026-07-19 10:45:00+00:00,64645.0,64677.7,64537.0,64561.4,0.0,-5495.0962,5495.0962
BTCUSDT,1784458800,2026-07-19 11:00:00+00:00,64561.4,64606.0,64468.3,64559.3,47055.52528,-298122.9971,345178.52238
BTCUSDT,1784459700,2026-07-19 11:15:00+00:00,64559.4,64610.0,64500.0,64524.1,0.0,0.0,0.0
BTCUSDT,1784460600,2026-07-19 11:30:00+00:00,64524.0,64531.5,64480.0,64504.4,0.0,0.0,0.0
BTCUSDT,1784461500,2026-07-19 11:45:00+00:00,64504.4,64516.4,64415.0,64445.7,838.2625,-516.1192,1354.3817
BTCUSDT,1784462400,2026-07-19 12:00:00+00:00,64445.7,64445.7,64318.7,64318.7,538571.46519,-128.7228,538700.18799
BTCUSDT,1784463300,2026-07-19 12:15:00+00:00,64318.8,64427.0,64259.5,64288.0,2186.6957,-6633.5963,8820.292000000001
BTCUSDT,1784464200,2026-07-19 12:30:00+00:00,64287.9,64418.7,64280.0,64384.9,0.0,-5604.241,5604.241
BTCUSDT,1784465100,2026-07-19 12:45:00+00:00,64384.9,64431.9,64318.0,64417.5,0.0,-1222.9071,1222.9071
BTCUSDT,1784466000,2026-07-19 13:00:00+00:00,64417.4,64433.5,64320.0,64335.5,965.1195,0.0,965.1195
BTCUSDT,1784466900,2026-07-19 13:15:00+00:00,64335.6,64397.8,64273.4,64383.6,1222.043,0.0,1222.043
BTCUSDT,1784467800,2026-07-19 13:30:00+00:00,64383.6,64455.7,64379.7,64393.8,257.5308,-1997.564,2255.0948
BTCUSDT,1784468700,2026-07-19 13:45:00+00:00,64393.7,64497.9,64383.9,64453.0,0.0,-10188.3216,10188.3216
BTCUSDT,1784469600,2026-07-19 14:00:00+00:00,64453.0,64534.7,64446.2,64517.6,257.7848,-580.5873,838.3721
BTCUSDT,1784470500,2026-07-19 14:15:00+00:00,64517.5,64533.2,64389.0,64437.0,128.8962,-258.0004,386.8966
BTCUSDT,1784471400,2026-07-19 14:30:00+00:00,64437.1,64523.9,64421.4,64500.0,0.0,-21474.4809,21474.4809
BTCUSDT,1784472300,2026-07-19 14:45:00+00:00,64500.0,64633.0,64495.8,64561.1,0.0,-310132.39692,310132.39692
BTCUSDT,1784473200,2026-07-19 15:00:00+00:00,64561.0,64594.7,64500.0,64551.0,4003.1332,-8391.6809,12394.8141
BTCUSDT,1784474100,2026-07-19 15:15:00+00:00,64550.9,64569.8,64468.0,64480.0,0.0,-64.5038,64.5038
BTCUSDT,1784475000,2026-07-19 15:30:00+00:00,64480.1,64559.4,64466.6,64536.1,193.5487,0.0,193.5487
BTCUSDT,1784475900,2026-07-19 15:45:00+00:00,64536.0,64560.0,64508.2,64545.2,0.0,-3227.265,3227.265
BTCUSDT,1784476800,2026-07-19 16:00:00+00:00,64545.3,64624.8,64474.2,64523.1,0.0,-9549.5884,9549.5884
BTCUSDT,1784477700,2026-07-19 16:15:00+00:00,64523.1,64603.1,64483.3,64582.5,7101.039,-8913.7627,16014.8017
BTCUSDT,1784478600,2026-07-19 16:30:00+00:00,64582.6,64585.8,64498.7,64577.6,64.5004,-258.3104,322.81080000000003
BTCUSDT,1784479500,2026-07-19 16:45:00+00:00,64577.6,64585.0,64490.3,64510.7,2064.1824,-5874.8235,7939.0059
BTCUSDT,1784480400,2026-07-19 17:00:00+00:00,64510.7,64671.0,64365.7,64670.9,87904.4684,-36128.1534,124032.6218
BTCUSDT,1784481300,2026-07-19 17:15:00+00:00,64671.0,64733.0,64599.9,64617.1,0.0,-295500.019,295500.019
BTCUSDT,1784482200,2026-07-19 17:30:00+00:00,64617.2,64700.2,64572.1,64592.4,1228.3643,-6012.6006,7240.9649
BTCUSDT,1784483100,2026-07-19 17:45:00+00:00,64592.5,64592.5,64505.7,64520.0,0.0,-7167.6713,7167.6713
BTCUSDT,1784484000,2026-07-19 18:00:00+00:00,64520.0,64529.1,64262.9,64447.9,1006560.8103,0.0,1006560.8103
BTCUSDT,1784484900,2026-07-19 18:15:00+00:00,64447.9,64466.5,64366.0,64369.3,0.0,0.0,0.0
BTCUSDT,1784485800,2026-07-19 18:30:00+00:00,64369.2,64420.0,64318.0,64400.0,0.0,-1481.66,1481.66
BTCUSDT,1784486700,2026-07-19 18:45:00+00:00,64400.1,64420.0,64336.5,64399.8,4957.2721,0.0,4957.2721
BTCUSDT,1784487600,2026-07-19 19:00:00+00:00,64399.8,64440.0,64319.5,64428.7,0.0,-257.7204,257.7204
BTCUSDT,1784488500,2026-07-19 19:15:00+00:00,64428.7,64442.2,64392.0,64415.3,708.3813,0.0,708.3813
BTCUSDT,1784489400,2026-07-19 19:30:00+00:00,64415.4,64436.8,64382.0,64391.3,0.0,-68726.6437,68726.6437
BTCUSDT,1784490300,2026-07-19 19:45:00+00:00,64391.2,64440.2,64359.5,64438.1,966.186,-1932.2188,2898.4048000000003
BTCUSDT,1784491200,2026-07-19 20:00:00+00:00,64438.1,64534.3,64438.0,64480.3,0.0,-20389.9316,20389.9316
BTCUSDT,1784492100,2026-07-19 20:15:00+00:00,64480.2,64502.4,64443.3,64462.9,0.0,0.0,0.0
BTCUSDT,1784493000,2026-07-19 20:30:00+00:00,64463.0,64510.6,64451.0,64475.5,966.921,0.0,966.921
BTCUSDT,1784493900,2026-07-19 20:45:00+00:00,64475.5,64516.0,64446.0,64515.9,515.8432,0.0,515.8432
BTCUSDT,1784494800,2026-07-19 21:00:00+00:00,64516.0,64539.0,64462.8,64511.0,64.4892,0.0,64.4892
BTCUSDT,1784495700,2026-07-19 21:15:00+00:00,64510.9,64514.8,64430.0,64449.9,0.0,0.0,0.0
BTCUSDT,1784496600,2026-07-19 21:30:00+00:00,64450.0,64450.0,64320.0,64324.1,64.438,0.0,64.438
BTCUSDT,1784497500,2026-07-19 21:45:00+00:00,64324.1,64409.0,64305.0,64393.7,0.0,0.0,0.0
BTCUSDT,1784498400,2026-07-19 22:00:00+00:00,64393.6,64660.0,64319.3,64633.5,645.875,-240800.3554,241446.2304
BTCUSDT,1784499300,2026-07-19 22:15:00+00:00,64633.6,64874.9,64633.5,64726.5,0.0,-914647.5939,914647.5939
BTCUSDT,1784500200,2026-07-19 22:30:00+00:00,64726.5,64790.0,64653.4,64777.3,0.0,-582.48,582.48
BTCUSDT,1784501100,2026-07-19 22:45:00+00:00,64777.2,64780.0,64635.0,64642.7,258.56,-64.6801,323.2401
BTCUSDT,1784502000,2026-07-19 23:00:00+00:00,64642.8,64685.9,64534.9,64669.6,2905.8469,-1549.6176,4455.4645
BTCUSDT,1784502900,2026-07-19 23:15:00+00:00,64669.7,64681.5,64606.0,64642.0,0.0,0.0,0.0
BTCUSDT,1784503800,2026-07-19 23:30:00+00:00,64642.1,64743.7,64610.2,64720.0,0.0,-5371.4107,5371.4107
BTCUSDT,1784504700,2026-07-19 23:45:00+00:00,64720.0,64748.1,64625.6,64694.7,2651.593,-1293.566,3945.159
BTCUSDT,1784505600,2026-07-20 00:00:00+00:00,64694.8,65039.8,64534.6,64987.5,37005.0596,-2002029.94417,2039035.00377
BTCUSDT,1784506500,2026-07-20 00:15:00+00:00,64987.4,65084.6,64769.1,64843.8,31833.0383,-148192.2474,180025.2857
BTCUSDT,1784507400,2026-07-20 00:30:00+00:00,64843.8,64911.8,64756.5,64785.5,2267.4672,0.0,2267.4672
BTCUSDT,1784508300,2026-07-20 00:45:00+00:00,64785.6,64785.6,64380.0,64526.0,205979.7688,0.0,205979.7688
BTCUSDT,1784509200,2026-07-20 01:00:00+00:00,64526.0,65011.0,64473.0,64775.2,129.3396,-464577.59718,464706.93678
BTCUSDT,1784510100,2026-07-20 01:15:00+00:00,64775.2,64923.6,64657.0,64820.7,0.0,-973.266,973.266
BTCUSDT,1784511000,2026-07-20 01:30:00+00:00,64820.7,64903.8,64668.8,64736.7,1555.9512,-64.8313,1620.7825
BTCUSDT,1784511900,2026-07-20 01:45:00+00:00,64736.8,64754.7,64470.0,64594.7,40669.4876,0.0,40669.4876
BTCUSDT,1784512800,2026-07-20 02:00:00+00:00,64594.7,64920.0,64588.8,64794.5,0.0,-57289.71,57289.71
BTCUSDT,1784513700,2026-07-20 02:15:00+00:00,64794.6,64804.6,64551.6,64637.3,63816.4922,-32850.311,96666.8032
BTCUSDT,1784514600,2026-07-20 02:30:00+00:00,64637.3,64864.2,64626.1,64801.7,0.0,-7649.0172,7649.0172
BTCUSDT,1784515500,2026-07-20 02:45:00+00:00,64801.8,64940.0,64800.1,64800.1,0.0,-10321.552,10321.552
BTCUSDT,1784516400,2026-07-20 03:00:00+00:00,64800.1,64860.1,64742.9,64812.9,0.0,0.0,0.0
BTCUSDT,1784517300,2026-07-20 03:15:00+00:00,64812.9,64860.1,64610.2,64650.4,6013.6937,0.0,6013.6937
BTCUSDT,1784518200,2026-07-20 03:30:00+00:00,64650.3,64876.4,64628.5,64876.4,0.0,-3176.2098,3176.2098
BTCUSDT,1784519100,2026-07-20 03:45:00+00:00,64876.3,64887.0,64752.8,64839.4,0.0,-259.52,259.52
BTCUSDT,1784520000,2026-07-20 04:00:00+00:00,64839.3,64843.4,64670.0,64674.3,6469.1543,0.0,6469.1543
BTCUSDT,1784520900,2026-07-20 04:15:00+00:00,64674.4,64757.0,64602.0,64733.6,8406.278,0.0,8406.278
BTCUSDT,1784521800,2026-07-20 04:30:00+00:00,64733.6,64789.9,64673.4,64700.1,0.0,-1942.8958,1942.8958
BTCUSDT,1784522700,2026-07-20 04:45:00+00:00,64700.1,64704.2,64503.0,64511.3,430599.9904,0.0,430599.9904
BTCUSDT,1784523600,2026-07-20 05:00:00+00:00,64511.4,64536.1,64046.0,64217.0,675719.5848,0.0,675719.5848
BTCUSDT,1784524500,2026-07-20 05:15:00+00:00,64217.0,64359.3,64056.5,64160.0,102913.1041,-1414.3761,104327.4802
BTCUSDT,1784525400,2026-07-20 05:30:00+00:00,64159.9,64232.5,64080.0,64178.9,0.0,-4367.0824,4367.0824
BTCUSDT,1784526300,2026-07-20 05:45:00+00:00,64178.9,64182.0,64068.9,64101.7,833.066,0.0,833.066
BTCUSDT,1784527200,2026-07-20 06:00:00+00:00,64101.8,64173.1,64052.0,64170.0,10569.4488,0.0,10569.4488
BTCUSDT,1784528100,2026-07-20 06:15:00+00:00,64169.9,64198.3,64064.9,64107.2,961.815,0.0,961.815
BTCUSDT,1784529000,2026-07-20 06:30:00+00:00,64107.2,64130.0,63736.1,63793.7,1947134.85868,0.0,1947134.85868
BTCUSDT,1784529900,2026-07-20 06:45:00+00:00,63793.7,63929.7,63738.0,63890.0,0.0,-6836.1244,6836.1244
BTCUSDT,1784530800,2026-07-20 07:00:00+00:00,63890.0,63984.1,63885.5,63941.5,0.0,-85998.4485,85998.4485
BTCUSDT,1784531700,2026-07-20 07:15:00+00:00,63941.6,64115.5,63865.0,64101.6,45879.1948,-122813.2698,168692.4646
BTCUSDT,1784532600,2026-07-20 07:30:00+00:00,64101.7,64188.0,64062.4,64188.0,256.408,-47477.6504,47734.0584
BTCUSDT,1784533500,2026-07-20 07:45:00+00:00,64188.0,64285.5,64166.5,64250.0,128.433,-28715.9517,28844.3847
BTCUSDT,1784534400,2026-07-20 08:00:00+00:00,64250.0,64337.0,64200.0,64271.7,514.1952,-46183.1735,46697.3687
BTCUSDT,1784535300,2026-07-20 08:15:00+00:00,64271.7,64333.0,64199.9,64210.3,128.4801,0.0,128.4801
BTCUSDT,1784536200,2026-07-20 08:30:00+00:00,64210.3,64250.0,63858.1,63895.9,313189.1379,-8399.7171,321588.855
BTCUSDT,1784537100,2026-07-20 08:45:00+00:00,63895.9,64086.1,63895.9,64031.4,0.0,-16143.8244,16143.8244
BTCUSDT,1784538000,2026-07-20 09:00:00+00:00,64031.4,64087.6,63984.5,64077.6,256.0362,-384.3684,640.4046000000001
BTCUSDT,1784538900,2026-07-20 09:15:00+00:00,64077.7,64175.6,64058.6,64174.5,0.0,-17384.9112,17384.9112
BTCUSDT,1784539800,2026-07-20 09:30:00+00:00,64174.5,64232.0,64155.5,64210.5,3596.7698,-63329.2816,66926.0514
BTCUSDT,1784540700,2026-07-20 09:45:00+00:00,64210.5,64260.0,64176.6,64176.6,0.0,-18179.874,18179.874
BTCUSDT,1784541600,2026-07-20 10:00:00+00:00,64176.6,64260.6,64137.0,64258.5,1539.3312,0.0,1539.3312
BTCUSDT,1784542500,2026-07-20 10:15:00+00:00,64258.6,64393.2,64224.6,64329.2,3276.342,-88696.8545,91973.1965
BTCUSDT,1784543400,2026-07-20 10:30:00+00:00,64329.1,64329.2,64223.3,64304.9,1478.1525,-63.9463,1542.0988
BTCUSDT,1784544300,2026-07-20 10:45:00+00:00,64305.0,64327.3,64267.5,64280.5,0.0,0.0,0.0
BTCUSDT,1784545200,2026-07-20 11:00:00+00:00,64280.5,64425.3,64237.1,64360.0,0.0,-434638.5629,434638.5629
BTCUSDT,1784546100,2026-07-20 11:15:00+00:00,64360.1,64376.6,64294.7,64322.6,0.0,0.0,0.0
BTCUSDT,1784547000,2026-07-20 11:30:00+00:00,64322.5,64915.4,64316.0,64807.1,0.0,-2916304.9937,2916304.9937
BTCUSDT,1784547900,2026-07-20 11:45:00+00:00,64807.2,65048.3,64807.1,64970.8,0.0,-215830.7954,215830.7954
BTCUSDT,1784548800,2026-07-20 12:00:00+00:00,64970.8,64982.0,64668.1,64729.6,58595.1418,0.0,58595.1418
BTCUSDT,1784549700,2026-07-20 12:15:00+00:00,64729.5,64781.4,64646.2,64674.0,129.3822,0.0,129.3822
BTCUSDT,1784550600,2026-07-20 12:30:00+00:00,64673.9,64727.5,64572.0,64576.4,11501.0027,0.0,11501.0027
BTCUSDT,1784551500,2026-07-20 12:45:00+00:00,64576.4,64718.1,64571.0,64627.2,0.0,0.0,0.0
BTCUSDT,1784552400,2026-07-20 13:00:00+00:00,64627.1,64727.5,64600.0,64662.2,0.0,-64.6447,64.6447
BTCUSDT,1784553300,2026-07-20 13:15:00+00:00,64662.2,64698.2,64501.4,64528.1,27747.0589,0.0,27747.0589
BTCUSDT,1784554200,2026-07-20 13:30:00+00:00,64528.0,64737.5,64471.0,64626.1,19668.5608,-298176.645,317845.2058
BTCUSDT,1784555100,2026-07-20 13:45:00+00:00,64626.1,64736.5,64174.5,64315.0,786333.32688,-22051.4614,808384.78828
BTCUSDT,1784556000,2026-07-20 14:00:00+00:00,64315.0,64469.4,64248.0,64294.2,2636.7166,-128070.15606,130706.87266
BTCUSDT,1784556900,2026-07-20 14:15:00+00:00,64294.2,64444.0,64034.3,64441.2,339038.08956,-55064.6435,394102.73306
BTCUSDT,1784557800,2026-07-20 14:30:00+00:00,64441.2,64515.0,64313.2,64400.0,0.0,-27729.5048,27729.5048
BTCUSDT,1784558700,2026-07-20 14:45:00+00:00,64400.1,64550.0,64270.2,64393.0,64.2969,-10454.5726,10518.8695
BTCUSDT,1784559600,2026-07-20 15:00:00+00:00,64393.0,64972.2,64386.8,64949.9,0.0,-165826.8273,165826.8273
BTCUSDT,1784560500,2026-07-20 15:15:00+00:00,64950.0,64998.0,64855.3,64923.3,0.0,-68798.1572,68798.1572
BTCUSDT,1784561400,2026-07-20 15:30:00+00:00,64923.4,65310.0,64780.0,65209.1,129.613,-8881.71,9011.323
BTCUSDT,1784562300,2026-07-20 15:45:00+00:00,65209.0,65688.0,65209.0,65570.1,0.0,-2928648.90705,2928648.90705
BTCUSDT,1784563200,2026-07-20 16:00:00+00:00,65570.0,65615.5,65396.3,65534.0,327.0956,0.0,327.0956
BTCUSDT,1784564100,2026-07-20 16:15:00+00:00,65534.0,65542.2,65347.3,65418.2,720.4802,0.0,720.4802
BTCUSDT,1784565000,2026-07-20 16:30:00+00:00,65418.2,65542.0,65301.8,65348.9,3984.9958,-29553.4208,33538.4166
BTCUSDT,1784565900,2026-07-20 16:45:00+00:00,65349.0,65489.8,65339.2,65478.6,0.0,-1702.558,1702.558
BTCUSDT,1784566800,2026-07-20 17:00:00+00:00,65478.6,65545.5,65411.3,65470.8,0.0,-1572.3504,1572.3504
BTCUSDT,1784567700,2026-07-20 17:15:00+00:00,65470.7,65490.0,65400.0,65476.4,1308.06,-2618.652,3926.712
BTCUSDT,1784568600,2026-07-20 17:30:00+00:00,65476.4,65484.2,65313.9,65332.4,91448.2202,0.0,91448.2202
BTCUSDT,1784569500,2026-07-20 17:45:00+00:00,65332.4,65642.0,65332.3,65560.0,0.0,-104384.3366,104384.3366
BTCUSDT,1784570400,2026-07-20 18:00:00+00:00,65560.0,65788.0,65535.7,65725.2,0.0,-16040532.91502,16040532.91502
BTCUSDT,1784571300,2026-07-20 18:15:00+00:00,65725.1,65747.9,65549.2,65561.0,12067.1552,-26164.8136,38231.9688
BTCUSDT,1784572200,2026-07-20 18:30:00+00:00,65561.0,65561.1,65317.1,65325.4,7134.2928,0.0,7134.2928
BTCUSDT,1784573100,2026-07-20 18:45:00+00:00,65325.4,65330.3,65168.0,65215.8,210190.8495,0.0,210190.8495
BTCUSDT,1784574000,2026-07-20 19:00:00+00:00,65215.7,65256.1,65068.1,65076.6,326831.17858,-1694.6592,328525.83778
BTCUSDT,1784574900,2026-07-20 19:15:00+00:00,65076.5,65177.3,65044.1,65131.2,32010.2143,0.0,32010.2143
BTCUSDT,1784575800,2026-07-20 19:30:00+00:00,65131.3,65161.9,65011.4,65086.5,6567.957,0.0,6567.957
BTCUSDT,1784576700,2026-07-20 19:45:00+00:00,65086.5,65161.9,65043.5,65119.3,390.636,0.0,390.636
BTCUSDT,1784577600,2026-07-20 20:00:00+00:00,65119.3,65204.1,65030.2,65199.9,0.0,-22818.7822,22818.7822
BTCUSDT,1784578500,2026-07-20 20:15:00+00:00,65199.8,65303.0,65166.3,65262.0,0.0,-5678.2532,5678.2532
BTCUSDT,1784579400,2026-07-20 20:30:00+00:00,65262.0,65435.3,65248.2,65284.0,14093.8488,-105444.0179,119537.8667
BTCUSDT,1784580300,2026-07-20 20:45:00+00:00,65283.9,65359.1,65283.9,65344.7,0.0,-1436.5664,1436.5664
BTCUSDT,1784581200,2026-07-20 21:00:00+00:00,65344.8,65344.8,65255.7,65290.6,0.0,-783.6672,783.6672
BTCUSDT,1784582100,2026-07-20 21:15:00+00:00,65290.7,65326.0,65272.3,65278.1,0.0,0.0,0.0
BTCUSDT,1784583000,2026-07-20 21:30:00+00:00,65278.1,65416.4,65278.0,65328.3,0.0,-1504.3262,1504.3262
BTCUSDT,1784583900,2026-07-20 21:45:00+00:00,65328.4,65354.1,65241.6,65258.5,2740.6308,0.0,2740.6308
BTCUSDT,1784584800,2026-07-20 22:00:00+00:00,65258.4,65258.5,65110.0,65177.9,102501.5816,0.0,102501.5816
BTCUSDT,1784585700,2026-07-20 22:15:00+00:00,65177.8,65228.0,65125.7,65187.9,0.0,0.0,0.0
BTCUSDT,1784586600,2026-07-20 22:30:00+00:00,65187.9,65205.0,65061.2,65109.0,5271.9407,0.0,5271.9407
BTCUSDT,1784587500,2026-07-20 22:45:00+00:00,65108.9,65123.8,65089.0,65118.7,0.0,0.0,0.0
BTCUSDT,1784588400,2026-07-20 23:00:00+00:00,65118.8,65203.1,65098.8,65129.0,0.0,0.0,0.0
BTCUSDT,1784589300,2026-07-20 23:15:00+00:00,65128.9,65237.9,65128.9,65213.8,0.0,-14939.3538,14939.3538
BTCUSDT,1784590200,2026-07-20 23:30:00+00:00,65213.8,65231.0,65164.9,65194.0,0.0,0.0,0.0
BTCUSDT,1784591100,2026-07-20 23:45:00+00:00,65193.9,65244.9,65133.7,65224.8,0.0,-391.3302,391.3302
BTCUSDT,1784592000,2026-07-21 00:00:00+00:00,65224.7,65224.8,65122.3,65152.4,0.0,-103517.0437,103517.0437
BTCUSDT,1784592900,2026-07-21 00:15:00+00:00,65152.5,65399.8,65115.3,65321.9,0.0,-51153.5463,51153.5463
BTCUSDT,1784593800,2026-07-21 00:30:00+00:00,65321.8,65519.5,65317.3,65461.4,0.0,-36614.072,36614.072
BTCUSDT,1784594700,2026-07-21 00:45:00+00:00,65461.3,65561.0,65453.6,65538.9,14540.9698,-12376.1966,26917.1664
BTCUSDT,1784595600,2026-07-21 01:00:00+00:00,65538.8,65634.4,65447.1,65513.3,0.0,-61132.1256,61132.1256
BTCUSDT,1784596500,2026-07-21 01:15:00+00:00,65513.4,65520.0,65396.8,65414.7,0.0,0.0,0.0
BTCUSDT,1784597400,2026-07-21 01:30:00+00:00,65414.7,65452.0,65289.5,65310.1,2613.0571,0.0,2613.0571
BTCUSDT,1784598300,2026-07-21 01:45:00+00:00,65310.0,65315.3,65202.1,65205.1,13121.6699,0.0,13121.6699
BTCUSDT,1784599200,2026-07-21 02:00:00+00:00,65205.1,65387.8,65200.0,65261.3,0.0,-5817.0082,5817.0082
BTCUSDT,1784600100,2026-07-21 02:15:00+00:00,65261.3,65298.9,65145.1,65239.2,32590.9383,0.0,32590.9383
BTCUSDT,1784601000,2026-07-21 02:30:00+00:00,65239.2,65346.3,65239.0,65326.6,65.3016,-19534.4474,19599.749
BTCUSDT,1784601900,2026-07-21 02:45:00+00:00,65326.7,65479.5,65281.2,65386.4,5622.0522,-19089.2563,24711.3085
BTCUSDT,1784602800,2026-07-21 03:00:00+00:00,65386.5,65515.2,65380.0,65467.0,0.0,-44004.17334,44004.17334
BTCUSDT,1784603700,2026-07-21 03:15:00+00:00,65467.0,65513.1,65401.5,65464.3,0.0,0.0,0.0
BTCUSDT,1784604600,2026-07-21 03:30:00+00:00,65464.4,65519.6,65419.4,65502.4,0.0,-1963.924,1963.924
BTCUSDT,1784605500,2026-07-21 03:45:00+00:00,65502.4,65572.2,65421.7,65539.5,0.0,-97842.1196,97842.1196
BTCUSDT,1784606400,2026-07-21 04:00:00+00:00,65539.5,65723.0,65502.1,65574.3,0.0,-468600.184,468600.184
BTCUSDT,1784607300,2026-07-21 04:15:00+00:00,65574.2,65649.2,65485.6,65488.9,4915.605,-1180.9854,6096.590399999999
BTCUSDT,1784608200,2026-07-21 04:30:00+00:00,65488.8,65550.0,65471.8,65516.4,0.0,0.0,0.0
BTCUSDT,1784609100,2026-07-21 04:45:00+00:00,65516.4,65525.0,65453.5,65494.2,0.0,-1833.916,1833.916
BTCUSDT,1784610000,2026-07-21 05:00:00+00:00,65494.2,65537.4,65460.1,65510.7,0.0,-137520.873,137520.873
BTCUSDT,1784610900,2026-07-21 05:15:00+00:00,65510.8,65630.0,65462.3,65575.0,0.0,-16074.3141,16074.3141
BTCUSDT,1784611800,2026-07-21 05:30:00+00:00,65575.1,65661.9,65533.4,65623.8,2425.609,-1245.865,3671.474
BTCUSDT,1784612700,2026-07-21 05:45:00+00:00,65623.7,65927.9,65585.5,65724.9,35140.3515,-1062524.17825,1097664.5297500002
BTCUSDT,1784613600,2026-07-21 06:00:00+00:00,65724.8,65803.0,65604.8,65706.0,328.087,0.0,328.087
BTCUSDT,1784614500,2026-07-21 06:15:00+00:00,65706.0,65825.1,65630.7,65798.6,0.0,-8288.7219,8288.7219
BTCUSDT,1784615400,2026-07-21 06:30:00+00:00,65798.6,65970.0,65779.0,65933.1,0.0,-961137.8282,961137.8282
BTCUSDT,1784616300,2026-07-21 06:45:00+00:00,65933.0,65950.0,65847.6,65892.4,0.0,-1055.072,1055.072
BTCUSDT,1784617200,2026-07-21 07:00:00+00:00,65892.5,65922.0,65828.2,65896.4,65.8861,0.0,65.8861
BTCUSDT,1784618100,2026-07-21 07:15:00+00:00,65896.5,65988.0,65863.0,65932.8,131.9,-348500.6143,348632.51430000004
BTCUSDT,1784619000,2026-07-21 07:30:00+00:00,65932.8,66125.1,65915.8,66015.4,4881.7522,-1849605.57851,1854487.33071
BTCUSDT,1784619900,2026-07-21 07:45:00+00:00,66015.3,66240.0,66003.0,66166.9,24659.8077,-1392183.95086,1416843.75856
BTCUSDT,1784620800,2026-07-21 08:00:00+00:00,66166.8,66269.5,66103.4,66263.3,41483.4708,-417406.1927,458889.6635
BTCUSDT,1784621700,2026-07-21 08:15:00+00:00,66263.2,66333.0,66171.8,66194.5,0.0,-1399617.8793,1399617.8793
BTCUSDT,1784622600,2026-07-21 08:30:00+00:00,66194.5,66337.8,66162.1,66279.8,1390.0299,-136409.2319,137799.2618
BTCUSDT,1784623500,2026-07-21 08:45:00+00:00,66279.8,66305.9,66178.0,66200.0,0.0,-7691.392,7691.392
BTCUSDT,1784624400,2026-07-21 09:00:00+00:00,66199.9,66213.6,66110.0,66187.7,91190.2558,-2514.7374,93704.9932
BTCUSDT,1784625300,2026-07-21 09:15:00+00:00,66187.8,66223.6,66158.4,66211.3,0.0,-2316.2053,2316.2053
BTCUSDT,1784626200,2026-07-21 09:30:00+00:00,66211.2,66313.8,66199.6,66272.3,596.493,-4375.4456,4971.9386
BTCUSDT,1784627100,2026-07-21 09:45:00+00:00,66272.2,66320.4,66234.3,66261.2,15447.6134,-2981.664,18429.2774
BTCUSDT,1784628000,2026-07-21 10:00:00+00:00,66261.3,66372.1,66233.7,66331.3,66.2452,-317239.7196,317305.9648
BTCUSDT,1784628900,2026-07-21 10:15:00+00:00,66331.4,66382.0,66280.7,66370.0,0.0,-331.682,331.682
BTCUSDT,1784629800,2026-07-21 10:30:00+00:00,66370.0,66390.0,66291.1,66317.6,0.0,-46730.7046,46730.7046
BTCUSDT,1784630700,2026-07-21 10:45:00+00:00,66317.6,66330.0,66145.5,66161.1,57432.2781,-66.1695,57498.44760000001
BTCUSDT,1784631600,2026-07-21 11:00:00+00:00,66161.0,66229.0,66117.1,66204.7,15671.5098,-330.763,16002.2728
BTCUSDT,1784632500,2026-07-21 11:15:00+00:00,66204.7,66230.7,66154.9,66207.0,0.0,0.0,0.0
BTCUSDT,1784633400,2026-07-21 11:30:00+00:00,66207.0,66322.5,66203.3,66309.9,1920.8005,0.0,1920.8005
BTCUSDT,1784634300,2026-07-21 11:45:00+00:00,66309.9,66333.0,66292.4,66317.9,265.304,-14855.2018,15120.5058
BTCUSDT,1784635200,2026-07-21 12:00:00+00:00,66317.9,66428.0,66236.0,66378.1,132.481,-314907.358,315039.83900000004
BTCUSDT,1784636100,2026-07-21 12:15:00+00:00,66378.1,66483.1,66316.3,66430.8,0.0,-629129.6872,629129.6872
BTCUSDT,1784637000,2026-07-21 12:30:00+00:00,66430.8,66618.0,66395.6,66491.8,0.0,-1438310.04545,1438310.04545
BTCUSDT,1784637900,2026-07-21 12:45:00+00:00,66491.7,66559.8,66446.7,66527.7,0.0,0.0,0.0
BTCUSDT,1784638800,2026-07-21 13:00:00+00:00,66527.7,66616.0,66477.6,66592.9,0.0,-598.5243,598.5243
BTCUSDT,1784639700,2026-07-21 13:15:00+00:00,66592.9,66636.9,66385.0,66410.1,94929.0995,-306229.89262,401158.99212
BTCUSDT,1784640600,2026-07-21 13:30:00+00:00,66410.1,66529.2,66290.4,66335.8,165778.1291,-4521.6763,170299.80539999998
BTCUSDT,1784641500,2026-07-21 13:45:00+00:00,66335.8,66777.0,66311.0,66748.8,516412.70912,-5431148.83193,5947561.54105
BTCUSDT,1784642400,2026-07-21 14:00:00+00:00,66748.7,66924.1,66694.8,66912.0,0.0,-1465035.9385,1465035.9385
BTCUSDT,1784643300,2026-07-21 14:15:00+00:00,66911.9,66912.0,66609.0,66700.0,422874.96005,-62123.2988,484998.25885
BTCUSDT,1784644200,2026-07-21 14:30:00+00:00,66700.0,66848.9,66620.7,66815.1,5797.2898,-150740.2909,156537.5807
BTCUSDT,1784645100,2026-07-21 14:45:00+00:00,66815.1,66890.3,66769.0,66804.3,1069.2784,-10363.7747,11433.0531
BTCUSDT,1784646000,2026-07-21 15:00:00+00:00,66804.3,66804.4,66615.5,66650.9,47732.671,-3001.365,50734.036
BTCUSDT,1784646900,2026-07-21 15:15:00+00:00,66650.8,66710.0,66581.1,66581.4,0.0,-999.849,999.849
BTCUSDT,1784647800,2026-07-21 15:30:00+00:00,66581.5,66683.4,66487.9,66583.7,333789.5325,-66.6834,333856.21589999995
BTCUSDT,1784648700,2026-07-21 15:45:00+00:00,66583.7,66691.5,66556.6,66648.5,0.0,-999.012,999.012
BTCUSDT,1784649600,2026-07-21 16:00:00+00:00,66648.5,66736.7,66550.6,66580.7,0.0,-6404.2707,6404.2707
BTCUSDT,1784650500,2026-07-21 16:15:00+00:00,66580.7,66580.8,66489.8,66499.1,66.5069,-1397.8418,1464.3487
BTCUSDT,1784651400,2026-07-21 16:30:00+00:00,66499.2,66619.9,66464.0,66528.0,30936.9053,-1131.3224,32068.2277
BTCUSDT,1784652300,2026-07-21 16:45:00+00:00,66528.1,66579.8,66428.5,66507.1,340426.43878,0.0,340426.43878
BTCUSDT,1784653200,2026-07-21 17:00:00+00:00,66507.1,66537.1,66409.4,66435.6,133.0236,0.0,133.0236
BTCUSDT,1784654100,2026-07-21 17:15:00+00:00,66435.6,66467.0,66366.4,66416.7,303588.244,-3585.9618,307174.2058
BTCUSDT,1784655000,2026-07-21 17:30:00+00:00,66416.7,66481.8,66363.1,66477.2,9690.6258,0.0,9690.6258
BTCUSDT,1784655900,2026-07-21 17:45:00+00:00,66477.1,66480.0,65939.0,66181.1,1233142.03516,-8288.7643,1241430.79946
BTCUSDT,1784656800,2026-07-21 18:00:00+00:00,66181.1,66307.3,66071.2,66256.2,51478.4289,-1392.3693,52870.7982
BTCUSDT,1784657700,2026-07-21 18:15:00+00:00,66256.2,66281.5,66150.0,66206.7,0.0,-529.9848,529.9848
BTCUSDT,1784658600,2026-07-21 18:30:00+00:00,66206.8,66280.0,66076.8,66248.6,5949.1224,-198.8163,6147.938700000001
BTCUSDT,1784659500,2026-07-21 18:45:00+00:00,66248.6,66333.0,66239.4,66287.5,0.0,-13454.5173,13454.5173
BTCUSDT,1784660400,2026-07-21 19:00:00+00:00,66287.6,66344.5,66230.0,66266.7,2452.6782,-132.689,2585.3672
BTCUSDT,1784661300,2026-07-21 19:15:00+00:00,66266.7,66386.0,66251.0,66365.9,0.0,-12478.8863,12478.8863
BTCUSDT,1784662200,2026-07-21 19:30:00+00:00,66365.8,66457.5,66350.5,66425.1,0.0,-47961.7716,47961.7716
BTCUSDT,1784663100,2026-07-21 19:45:00+00:00,66425.0,66467.4,66371.0,66409.5,0.0,-465.2501,465.2501
BTCUSDT,1784664000,2026-07-21 20:00:00+00:00,66409.4,66443.6,66326.3,66388.8,0.0,0.0,0.0
BTCUSDT,1784664900,2026-07-21 20:15:00+00:00,66388.7,66388.7,66330.0,66359.6,0.0,0.0,0.0
BTCUSDT,1784665800,2026-07-21 20:30:00+00:00,66359.6,66465.6,66359.6,66427.3,265.5244,0.0,265.5244
BTCUSDT,1784666700,2026-07-21 20:45:00+00:00,66427.4,66437.4,66373.8,66373.8,0.0,-7767.7732,7767.7732
BTCUSDT,1784667600,2026-07-21 21:00:00+00:00,66373.8,66380.8,66271.6,66368.7,169483.495,-1259.8453,170743.34029999998
BTCUSDT,1784668500,2026-07-21 21:15:00+00:00,66368.7,66368.7,66292.0,66292.4,0.0,-42166.824,42166.824
BTCUSDT,1784669400,2026-07-21 21:30:00+00:00,66292.4,66335.0,66261.7,66313.1,66.2651,0.0,66.2651
BTCUSDT,1784670300,2026-07-21 21:45:00+00:00,66313.2,66369.0,66306.2,66352.4,0.0,0.0,0.0
BTCUSDT,1784671200,2026-07-21 22:00:00+00:00,66352.4,66352.6,66275.0,66283.5,0.0,0.0,0.0
BTCUSDT,1784672100,2026-07-21 22:15:00+00:00,66283.6,66292.3,66172.0,66251.6,20191.8542,0.0,20191.8542
BTCUSDT,1784673000,2026-07-21 22:30:00+00:00,66251.6,66312.8,66230.0,66279.7,0.0,-2518.9982,2518.9982
BTCUSDT,1784673900,2026-07-21 22:45:00+00:00,66279.7,66289.1,66208.6,66271.2,198.7896,0.0,198.7896
BTCUSDT,1784674800,2026-07-21 23:00:00+00:00,66271.3,66271.3,66200.0,66247.1,12911.2815,0.0,12911.2815
BTCUSDT,1784675700,2026-07-21 23:15:00+00:00,66247.1,66380.4,66247.0,66369.0,0.0,0.0,0.0
BTCUSDT,1784676600,2026-07-21 23:30:00+00:00,66369.0,66424.7,66349.3,66394.0,0.0,-17532.0225,17532.0225
BTCUSDT,1784677500,2026-07-21 23:45:00+00:00,66394.0,66544.8,66390.7,66522.4,398.4672,-162999.4711,163397.9383
BTCUSDT,1784678400,2026-07-22 00:00:00+00:00,66522.3,66659.1,66503.9,66651.4,0.0,-493051.8896,493051.8896
BTCUSDT,1784679300,2026-07-22 00:15:00+00:00,66651.3,66691.7,66551.9,66629.9,799.3464,-216968.83694,217768.18334
BTCUSDT,1784680200,2026-07-22 00:30:00+00:00,66630.0,66711.0,66599.9,66681.0,0.0,-14469.9502,14469.9502
BTCUSDT,1784681100,2026-07-22 00:45:00+00:00,66681.0,66706.4,66574.1,66591.7,0.0,0.0,0.0
BTCUSDT,1784682000,2026-07-22 01:00:00+00:00,66591.8,66629.3,66450.7,66464.3,133.118,-1931.835,2064.953
BTCUSDT,1784682900,2026-07-22 01:15:00+00:00,66464.3,66472.0,66294.3,66327.1,64213.5102,-4918.0496,69131.5598
BTCUSDT,1784683800,2026-07-22 01:30:00+00:00,66327.1,66394.7,66253.0,66335.9,1194.588,0.0,1194.588
BTCUSDT,1784684700,2026-07-22 01:45:00+00:00,66335.8,66478.4,66327.8,66399.9,0.0,-46235.5695,46235.5695
BTCUSDT,1784685600,2026-07-22 02:00:00+00:00,66399.9,66455.3,66337.0,66432.9,0.0,0.0,0.0
BTCUSDT,1784686500,2026-07-22 02:15:00+00:00,66432.9,66513.8,66375.0,66375.2,265.8248,-665.021,930.8458
BTCUSDT,1784687400,2026-07-22 02:30:00+00:00,66375.2,66375.3,66270.0,66339.1,13922.941,0.0,13922.941
BTCUSDT,1784688300,2026-07-22 02:45:00+00:00,66339.0,66354.9,66264.9,66283.2,994.1308,-66.3213,1060.4521
BTCUSDT,1784689200,2026-07-22 03:00:00+00:00,66283.2,66343.4,66141.7,66154.0,409326.5965,0.0,409326.5965
BTCUSDT,1784690100,2026-07-22 03:15:00+00:00,66154.1,66285.0,66154.0,66252.2,0.0,-1126.6699,1126.6699
BTCUSDT,1784691000,2026-07-22 03:30:00+00:00,66252.2,66287.9,66180.0,66247.3,30343.5911,-927.5378,31271.1289
BTCUSDT,1784691900,2026-07-22 03:45:00+00:00,66247.4,66329.2,66146.5,66176.7,132.293,-28650.4453,28782.7383
BTCUSDT,1784692800,2026-07-22 04:00:00+00:00,66176.6,66320.0,66161.4,66307.7,5501.997,0.0,5501.997
BTCUSDT,1784693700,2026-07-22 04:15:00+00:00,66307.8,66369.8,66300.0,66332.9,0.0,-1459.778,1459.778
BTCUSDT,1784694600,2026-07-22 04:30:00+00:00,66332.9,66399.0,66283.9,66387.6,928.563,-730.2124,1658.7754
BTCUSDT,1784695500,2026-07-22 04:45:00+00:00,66387.5,66387.6,66305.6,66349.3,66.35,0.0,66.35
BTCUSDT,1784696400,2026-07-22 05:00:00+00:00,66349.2,66349.3,66217.1,66245.7,331.2825,0.0,331.2825
BTCUSDT,1784697300,2026-07-22 05:15:00+00:00,66245.7,66245.8,66010.5,66044.4,356255.4531,-19814.82,376070.2731
BTCUSDT,1784698200,2026-07-22 05:30:00+00:00,66044.5,66103.8,65951.0,65960.0,203690.3878,0.0,203690.3878
BTCUSDT,1784699100,2026-07-22 05:45:00+00:00,65959.9,66008.7,65909.1,65954.5,166078.6002,0.0,166078.6002
BTCUSDT,1784700000,2026-07-22 06:00:00+00:00,65954.4,66000.0,65850.0,65959.7,284681.025,-131.8824,284812.9074
BTCUSDT,1784700900,2026-07-22 06:15:00+00:00,65959.7,65959.8,65807.9,65833.9,253982.2103,0.0,253982.2103
BTCUSDT,1784701800,2026-07-22 06:30:00+00:00,65833.9,65973.7,65800.1,65927.1,13623.2048,-659.2359,14282.4407
BTCUSDT,1784702700,2026-07-22 06:45:00+00:00,65927.1,65940.0,65870.0,65906.8,2965.1214,-15223.5587,18188.6801
BTCUSDT,1784703600,2026-07-22 07:00:00+00:00,65906.7,65941.5,65860.0,65878.0,6850.2616,-131.8294,6982.090999999999
BTCUSDT,1784704500,2026-07-22 07:15:00+00:00,65878.0,65915.3,65800.0,65877.6,6192.741,-1514.3858,7707.1268
BTCUSDT,1784705400,2026-07-22 07:30:00+00:00,65877.7,65890.0,65668.6,65757.3,773390.6785,0.0,773390.6785
BTCUSDT,1784706300,2026-07-22 07:45:00+00:00,65757.2,65830.8,65745.7,65813.4,1973.99,-197.42,2171.41
BTCUSDT,1784707200,2026-07-22 08:00:00+00:00,65813.4,66046.1,65813.4,66003.9,9957.65,-151427.36,161385.00999999998
BTCUSDT,1784708100,2026-07-22 08:15:00+00:00,66003.9,66140.5,65974.7,65991.2,5149.53,-82565.14,87714.67
BTCUSDT,1784709000,2026-07-22 08:30:00+00:00,65991.2,66045.5,65900.0,65900.1,0.0,-990.46,990.46
BTCUSDT,1784709900,2026-07-22 08:45:00+00:00,65900.1,65970.7,65900.1,65953.5,1779.99,-1187.04,2967.03
BTCUSDT,1784710800,2026-07-22 09:00:00+00:00,65953.4,66040.6,65934.1,65980.5,0.0,-139811.34,139811.34
BTCUSDT,1784711700,2026-07-22 09:15:00+00:00,65980.5,66053.2,65962.3,65995.4,0.0,-198.0,198.0
BTCUSDT,1784712600,2026-07-22 09:30:00+00:00,65995.3,65995.4,65824.1,65854.8,29706.5,0.0,29706.5
BTCUSDT,1784713500,2026-07-22 09:45:00+00:00,65854.8,65922.0,65816.4,65896.4,1579.76,0.0,1579.76
BTCUSDT,1784714400,2026-07-22 10:00:00+00:00,65896.3,65925.0,65861.4,65892.4,527.26,-3955.38,4482.64
BTCUSDT,1784715300,2026-07-22 10:15:00+00:00,65892.3,65944.8,65882.8,65933.8,8901.08,-131.85,9032.93
BTCUSDT,1784716200,2026-07-22 10:30:00+00:00,65933.8,65970.3,65917.8,65957.1,65.93,-21030.02,21095.95
BTCUSDT,1784717100,2026-07-22 10:45:00+00:00,65957.1,66077.3,65957.0,66016.2,0.0,-69640.33,69640.33
BTCUSDT,1784718000,2026-07-22 11:00:00+00:00,66016.2,66048.8,65985.0,65985.1,0.0,-1451.76,1451.76
BTCUSDT,1784718900,2026-07-22 11:15:00+00:00,65985.1,66057.9,65946.7,66019.4,3697.09,0.0,3697.09
BTCUSDT,1784719800,2026-07-22 11:30:00+00:00,66019.5,66035.4,65874.3,65879.9,1647.13,0.0,1647.13
BTCUSDT,1784720700,2026-07-22 11:45:00+00:00,65879.8,66022.1,65872.1,65981.4,0.0,0.0,0.0
BTCUSDT,1784721600,2026-07-22 12:00:00+00:00,65981.3,65986.0,65834.9,65880.1,65.98,0.0,65.98
BTCUSDT,1784722500,2026-07-22 12:15:00+00:00,65880.1,65906.4,65810.2,65854.5,3027.76,0.0,3027.76
BTCUSDT,1784723400,2026-07-22 12:30:00+00:00,65854.4,65878.3,65732.0,65750.1,55840.25,0.0,55840.25
BTCUSDT,1784724300,2026-07-22 12:45:00+00:00,65750.0,65800.0,65505.0,65604.2,976177.34,0.0,976177.34
BTCUSDT,1784725200,2026-07-22 13:00:00+00:00,65604.1,65655.6,65553.9,65619.0,196.78,0.0,196.78
BTCUSDT,1784726100,2026-07-22 13:15:00+00:00,65618.9,65619.0,65531.7,65590.6,24246.73,0.0,24246.73
BTCUSDT,1784727000,2026-07-22 13:30:00+00:00,65590.7,65894.7,65571.4,65864.8,394.28,-339694.55,340088.83
BTCUSDT,1784727900,2026-07-22 13:45:00+00:00,65864.8,65956.0,65780.2,65924.9,197.84,-40347.35,40545.19
BTCUSDT,1784728800,2026-07-22 14:00:00+00:00,65924.9,66190.4,65866.0,65873.5,97541.56,-833138.05,930679.61
BTCUSDT,1784729700,2026-07-22 14:15:00+00:00,65873.4,65873.5,65560.0,65591.4,99838.53,0.0,99838.53
BTCUSDT,1784730600,2026-07-22 14:30:00+00:00,65591.3,65849.8,65556.3,65641.1,36777.08,-111439.6,148216.68
BTCUSDT,1784731500,2026-07-22 14:45:00+00:00,65641.1,65772.3,65617.4,65770.2,1576.69,0.0,1576.69
BTCUSDT,1784732400,2026-07-22 15:00:00+00:00,65770.2,65947.7,65770.0,65905.2,30018.89,-329691.14,359710.03
BTCUSDT,1784733300,2026-07-22 15:15:00+00:00,65905.2,66100.0,65855.0,66044.2,0.0,-73926.11,73926.11
BTCUSDT,1784734200,2026-07-22 15:30:00+00:00,66044.1,66086.6,65920.0,65985.2,0.0,0.0,0.0
BTCUSDT,1784735100,2026-07-22 15:45:00+00:00,65985.2,66043.3,65906.0,66014.8,1518.16,0.0,1518.16
BTCUSDT,1784736000,2026-07-22 16:00:00+00:00,66014.8,66125.7,65965.0,66090.2,0.0,-196897.01,196897.01
BTCUSDT,1784736900,2026-07-22 16:15:00+00:00,66090.2,66090.3,65877.0,65990.0,31061.13,0.0,31061.13
BTCUSDT,1784737800,2026-07-22 16:30:00+00:00,65990.1,66363.6,65977.0,66260.0,0.0,-707012.43,707012.43
BTCUSDT,1784738700,2026-07-22 16:45:00+00:00,66259.9,66263.0,66120.0,66199.7,4563.75,-661.75,5225.5
BTCUSDT,1784739600,2026-07-22 17:00:00+00:00,66199.8,66249.3,66135.9,66137.0,0.0,0.0,0.0
BTCUSDT,1784740500,2026-07-22 17:15:00+00:00,66137.1,66140.6,65912.6,65963.0,58011.26,0.0,58011.26
BTCUSDT,1784741400,2026-07-22 17:30:00+00:00,65962.9,66153.9,65951.0,66149.9,0.0,-3900.9,3900.9
BTCUSDT,1784742300,2026-07-22 17:45:00+00:00,66150.0,66208.9,65981.8,65997.5,1121.77,-11782.71,12904.48
BTCUSDT,1784743200,2026-07-22 18:00:00+00:00,65997.5,66052.8,65946.1,65959.3,6662.94,-2836.54,9499.48
BTCUSDT,1784744100,2026-07-22 18:15:00+00:00,65959.3,66024.5,65810.2,65865.3,198235.5,0.0,198235.5
BTCUSDT,1784745000,2026-07-22 18:30:00+00:00,65865.4,65865.4,65701.2,65751.1,902704.62,-7440.1,910144.72
BTCUSDT,1784745900,2026-07-22 18:45:00+00:00,65751.0,65900.9,65738.0,65860.5,0.0,-45518.5,45518.5
BTCUSDT,1784746800,2026-07-22 19:00:00+00:00,65860.6,65896.1,65650.2,65739.3,0.0,-65.87,65.87
BTCUSDT,1784747700,2026-07-22 19:15:00+00:00,65739.2,65897.0,65720.2,65863.8,657.99,0.0,657.99
BTCUSDT,1784748600,2026-07-22 19:30:00+00:00,65863.8,65916.8,65829.9,65829.9,0.0,-7975.54,7975.54
BTCUSDT,1784749500,2026-07-22 19:45:00+00:00,65830.0,65924.0,65813.0,65891.1,197.6,0.0,197.6
BTCUSDT,1784750400,2026-07-22 20:00:00+00:00,65891.2,65925.0,65753.0,65901.5,592.17,-23124.2,23716.37
BTCUSDT,1784751300,2026-07-22 20:15:00+00:00,65901.5,65954.3,65860.8,65900.4,0.0,0.0,0.0
BTCUSDT,1784752200,2026-07-22 20:30:00+00:00,65900.5,65912.8,65869.5,65912.8,0.0,0.0,0.0
BTCUSDT,1784753100,2026-07-22 20:45:00+00:00,65912.8,65912.8,65860.6,65887.8,0.0,0.0,0.0
BTCUSDT,1784754000,2026-07-22 21:00:00+00:00,65887.8,65905.0,65871.6,65897.7,0.0,-8566.29,8566.29
BTCUSDT,1784754900,2026-07-22 21:15:00+00:00,65897.7,65912.8,65853.2,65877.0,0.0,0.0,0.0
BTCUSDT,1784755800,2026-07-22 21:30:00+00:00,65877.0,66102.7,65876.9,66085.9,0.0,-18023.15,18023.15
BTCUSDT,1784756700,2026-07-22 21:45:00+00:00,66086.0,66103.1,66003.4,66034.5,0.0,-6807.64,6807.64
BTCUSDT,1784757600,2026-07-22 22:00:00+00:00,66034.5,66046.0,65933.8,65972.8,0.0,0.0,0.0
BTCUSDT,1784758500,2026-07-22 22:15:00+00:00,65972.8,66000.0,65891.8,65990.3,0.0,0.0,0.0
BTCUSDT,1784759400,2026-07-22 22:30:00+00:00,65990.2,65990.3,65897.3,65926.6,0.0,0.0,0.0
BTCUSDT,1784760300,2026-07-22 22:45:00+00:00,65926.5,66019.6,65910.7,66013.8,0.0,0.0,0.0
BTCUSDT,1784761200,2026-07-22 23:00:00+00:00,66013.9,66051.0,65825.5,65856.8,215324.11,0.0,215324.11
BTCUSDT,1784762100,2026-07-22 23:15:00+00:00,65856.8,65967.2,65808.5,65938.2,2698.89,0.0,2698.89
BTCUSDT,1784763000,2026-07-22 23:30:00+00:00,65938.1,65961.4,65918.9,65952.4,0.0,0.0,0.0
BTCUSDT,1784763900,2026-07-22 23:45:00+00:00,65952.3,66116.5,65943.8,66082.0,0.0,-55800.03,55800.03
BTCUSDT,1784764800,2026-07-23 00:00:00+00:00,66082.0,66233.2,66021.6,66154.2,0.0,-182255.34,182255.34
BTCUSDT,1784765700,2026-07-23 00:15:00+00:00,66154.1,66284.1,66121.1,66218.0,0.0,-87023.3,87023.3
BTCUSDT,1784766600,2026-07-23 00:30:00+00:00,66218.0,66240.0,66110.0,66112.6,0.0,-2251.62,2251.62
BTCUSDT,1784767500,2026-07-23 00:45:00+00:00,66112.6,66170.2,66020.0,66023.8,7335.38,0.0,7335.38
BTCUSDT,1784768400,2026-07-23 01:00:00+00:00,66023.8,66180.0,65986.7,66013.4,1057.71,-33387.53,34445.24
BTCUSDT,1784769300,2026-07-23 01:15:00+00:00,66013.4,66013.4,65863.3,65895.3,163830.81,0.0,163830.81
BTCUSDT,1784770200,2026-07-23 01:30:00+00:00,65895.2,65914.8,65715.9,65755.2,188742.12,0.0,188742.12
BTCUSDT,1784771100,2026-07-23 01:45:00+00:00,65755.2,65834.8,65743.1,65793.8,329.09,-1974.54,2303.63
BTCUSDT,1784772000,2026-07-23 02:00:00+00:00,65793.7,65808.9,65700.0,65700.9,17416.36,0.0,17416.36
BTCUSDT,1784772900,2026-07-23 02:15:00+00:00,65700.9,65736.4,65616.3,65707.8,65219.57,-591.49,65811.06
BTCUSDT,1784773800,2026-07-23 02:30:00+00:00,65707.7,65794.6,65690.0,65750.9,0.0,0.0,0.0
BTCUSDT,1784774700,2026-07-23 02:45:00+00:00,65750.9,65806.9,65722.1,65777.4,0.0,0.0,0.0
BTCUSDT,1784775600,2026-07-23 03:00:00+00:00,65777.4,65788.2,65560.0,65603.9,263.05,0.0,263.05
BTCUSDT,1784776500,2026-07-23 03:15:00+00:00,65603.9,65658.5,65548.0,65611.6,43004.62,0.0,43004.62
BTCUSDT,1784777400,2026-07-23 03:30:00+00:00,65611.5,65676.6,65593.0,65657.3,0.0,0.0,0.0
BTCUSDT,1784778300,2026-07-23 03:45:00+00:00,65657.2,65658.0,65613.0,65626.8,0.0,-787.6,787.6
BTCUSDT,1784779200,2026-07-23 04:00:00+00:00,65626.7,65647.7,65558.0,65643.1,79004.5,0.0,79004.5
BTCUSDT,1784780100,2026-07-23 04:15:00+00:00,65643.0,65710.0,65608.2,65666.8,0.0,-262.84,262.84
BTCUSDT,1784781000,2026-07-23 04:30:00+00:00,65666.7,65670.1,65585.1,65600.6,0.0,0.0,0.0
BTCUSDT,1784781900,2026-07-23 04:45:00+00:00,65600.6,65645.0,65565.0,65585.3,0.0,0.0,0.0
BTCUSDT,1784782800,2026-07-23 05:00:00+00:00,65585.4,65618.2,65543.1,65612.1,196.64,0.0,196.64
BTCUSDT,1784783700,2026-07-23 05:15:00+00:00,65612.2,65695.5,65573.3,65695.5,0.0,0.0,0.0
BTCUSDT,1784784600,2026-07-23 05:30:00+00:00,65695.6,65764.8,65674.4,65708.0,0.0,-64166.09,64166.09
BTCUSDT,1784785500,2026-07-23 05:45:00+00:00,65708.0,65734.4,65620.0,65663.9,0.0,0.0,0.0
BTCUSDT,1784786400,2026-07-23 06:00:00+00:00,65663.9,65693.4,65600.0,65639.3,525.48,0.0,525.48
BTCUSDT,1784787300,2026-07-23 06:15:00+00:00,65639.4,65719.3,65593.9,65719.3,0.0,0.0,0.0
BTCUSDT,1784788200,2026-07-23 06:30:00+00:00,65719.3,65753.6,65680.2,65740.1,328.52,-131.4,459.92
BTCUSDT,1784789100,2026-07-23 06:45:00+00:00,65740.1,65793.7,65738.0,65763.2,0.0,-18684.46,18684.46
BTCUSDT,1784790000,2026-07-23 07:00:00+00:00,65763.3,65763.3,65313.7,65423.4,1485477.67,0.0,1485477.67
BTCUSDT,1784790900,2026-07-23 07:15:00+00:00,65423.4,65453.1,65367.2,65408.6,0.0,0.0,0.0
BTCUSDT,1784791800,2026-07-23 07:30:00+00:00,65408.5,65431.6,65350.0,65364.8,326.81,0.0,326.81
BTCUSDT,1784792700,2026-07-23 07:45:00+00:00,65364.8,65428.4,65333.1,65405.3,1241.65,0.0,1241.65
BTCUSDT,1784793600,2026-07-23 08:00:00+00:00,65405.3,65534.9,65383.6,65503.5,1438.49,-130.99,1569.48
BTCUSDT,1784794500,2026-07-23 08:15:00+00:00,65503.6,65581.8,65476.5,65564.1,0.0,-28841.25,28841.25
BTCUSDT,1784795400,2026-07-23 08:30:00+00:00,65564.1,65637.2,65557.6,65605.0,0.0,-6299.69,6299.69
BTCUSDT,1784796300,2026-07-23 08:45:00+00:00,65605.0,65632.0,65562.7,65605.9,0.0,0.0,0.0
BTCUSDT,1784797200,2026-07-23 09:00:00+00:00,65605.8,65710.0,65573.8,65643.5,5247.5,-6500.45,11747.95
BTCUSDT,1784798100,2026-07-23 09:15:00+00:00,65643.5,65732.3,65643.5,65684.2,0.0,-1051.67,1051.67
BTCUSDT,1784799000,2026-07-23 09:30:00+00:00,65684.3,65704.9,65651.3,65699.9,0.0,-722.49,722.49
BTCUSDT,1784799900,2026-07-23 09:45:00+00:00,65699.9,65703.4,65580.5,65607.9,65.65,0.0,65.65
BTCUSDT,1784800800,2026-07-23 10:00:00+00:00,65607.9,65690.0,65555.1,65690.0,0.0,-2297.79,2297.79
BTCUSDT,1784801700,2026-07-23 10:15:00+00:00,65690.0,65736.1,65648.3,65736.1,0.0,-525.89,525.89
BTCUSDT,1784802600,2026-07-23 10:30:00+00:00,65736.1,65756.2,65710.1,65748.7,0.0,-5259.79,5259.79
BTCUSDT,1784803500,2026-07-23 10:45:00+00:00,65748.8,65756.6,65683.1,65704.2,0.0,-145702.28,145702.28
BTCUSDT,1784804400,2026-07-23 11:00:00+00:00,65704.1,65709.4,65629.2,65683.0,0.0,-590.75,590.75
BTCUSDT,1784805300,2026-07-23 11:15:00+00:00,65683.0,65687.8,65590.9,65594.1,131.18,0.0,131.18
BTCUSDT,1784806200,2026-07-23 11:30:00+00:00,65594.1,65611.2,65516.1,65528.0,78746.63,-11728.72,90475.35
BTCUSDT,1784807100,2026-07-23 11:45:00+00:00,65528.1,65599.3,65511.0,65525.4,30790.22,0.0,30790.22
BTCUSDT,1784808000,2026-07-23 12:00:00+00:00,65525.4,65557.8,65429.5,65480.4,303103.41,0.0,303103.41
BTCUSDT,1784808900,2026-07-23 12:15:00+00:00,65480.4,65490.0,65361.0,65392.9,149239.53,0.0,149239.53
BTCUSDT,1784809800,2026-07-23 12:30:00+00:00,65393.0,65398.2,65063.0,65083.3,3242812.35,-7880.76,3250693.11
BTCUSDT,1784810700,2026-07-23 12:45:00+00:00,65083.3,65234.4,64927.3,65138.0,1854012.39,-34255.15,1888267.54
BTCUSDT,1784811600,2026-07-23 13:00:00+00:00,65138.0,65200.0,64980.0,65011.3,83995.29,-456.09,84451.37999999999
BTCUSDT,1784812500,2026-07-23 13:15:00+00:00,65011.4,65076.6,64927.9,64995.6,183472.31,-4615.34,188087.65
BTCUSDT,1784813400,2026-07-23 13:30:00+00:00,64995.5,65174.6,64938.0,65066.3,29751.11,-77987.5,107738.61
BTCUSDT,1784814300,2026-07-23 13:45:00+00:00,65066.3,65215.3,64839.1,64858.6,560969.74,-190950.53,751920.27
BTCUSDT,1784815200,2026-07-23 14:00:00+00:00,64858.7,65058.0,64801.0,65032.0,162464.14,-35724.99,198189.13
BTCUSDT,1784816100,2026-07-23 14:15:00+00:00,65032.0,65197.0,64991.7,65127.2,0.0,-197953.52,197953.52
BTCUSDT,1784817000,2026-07-23 14:30:00+00:00,65127.2,65187.8,65006.0,65006.1,1366.56,-1890.43,3256.99
BTCUSDT,1784817900,2026-07-23 14:45:00+00:00,65006.0,65006.1,64823.4,64884.6,137116.65,0.0,137116.65
BTCUSDT,1784818800,2026-07-23 15:00:00+00:00,64884.7,64900.7,64696.2,64745.9,650582.03,-82146.27,732728.3
BTCUSDT,1784819700,2026-07-23 15:15:00+00:00,64745.9,64945.7,64738.8,64844.0,324411.94,-21682.7,346094.64
BTCUSDT,1784820600,2026-07-23 15:30:00+00:00,64844.0,64960.0,64797.7,64878.7,6494.97,-5326.43,11821.4
BTCUSDT,1784821500,2026-07-23 15:45:00+00:00,64878.7,65003.6,64837.4,64940.4,0.0,-218122.19,218122.19
BTCUSDT,1784822400,2026-07-23 16:00:00+00:00,64940.4,64940.5,64777.0,64854.4,43293.54,-389.54,43683.08
BTCUSDT,1784823300,2026-07-23 16:15:00+00:00,64854.4,64862.9,64725.8,64797.1,40856.63,0.0,40856.63
BTCUSDT,1784824200,2026-07-23 16:30:00+00:00,64797.2,64797.2,64688.0,64721.4,26402.3,-647.28,27049.58
BTCUSDT,1784825100,2026-07-23 16:45:00+00:00,64721.3,64811.0,64706.0,64731.4,0.0,0.0,0.0
BTCUSDT,1784826000,2026-07-23 17:00:00+00:00,64731.5,64796.6,64705.9,64754.2,258.97,0.0,258.97
BTCUSDT,1784826900,2026-07-23 17:15:00+00:00,64754.1,64852.9,64720.8,64827.8,4859.73,-1295.75,6155.48
BTCUSDT,1784827800,2026-07-23 17:30:00+00:00,64827.9,64877.6,64773.0,64813.5,0.0,-194.39,194.39
BTCUSDT,1784828700,2026-07-23 17:45:00+00:00,64813.4,64859.5,64636.0,64654.4,470519.96,0.0,470519.96
BTCUSDT,1784829600,2026-07-23 18:00:00+00:00,64654.4,64754.6,64654.3,64713.4,31041.14,0.0,31041.14
BTCUSDT,1784830500,2026-07-23 18:15:00+00:00,64713.5,64801.6,64680.0,64790.4,2458.67,0.0,2458.67
BTCUSDT,1784831400,2026-07-23 18:30:00+00:00,64790.4,64855.1,64751.9,64791.0,388.81,-5381.24,5770.05
BTCUSDT,1784832300,2026-07-23 18:45:00+00:00,64790.9,64924.9,64790.9,64842.5,0.0,-23101.28,23101.28
BTCUSDT,1784833200,2026-07-23 19:00:00+00:00,64842.5,64908.1,64731.1,64786.9,7839.81,0.0,7839.81
BTCUSDT,1784834100,2026-07-23 19:15:00+00:00,64786.9,64877.2,64763.1,64871.5,0.0,0.0,0.0
BTCUSDT,1784835000,2026-07-23 19:30:00+00:00,64871.6,64906.2,64710.0,64731.5,35411.12,0.0,35411.12
BTCUSDT,1784835900,2026-07-23 19:45:00+00:00,64731.5,64852.4,64670.0,64820.7,354358.55,-1228.86,355587.41
BTCUSDT,1784836800,2026-07-23 20:00:00+00:00,64820.7,65037.7,64809.7,65027.8,4875.89,-44834.31,49710.2
BTCUSDT,1784837700,2026-07-23 20:15:00+00:00,65027.7,65176.0,65025.0,65141.4,0.0,-444974.9,444974.9
BTCUSDT,1784838600,2026-07-23 20:30:00+00:00,65141.3,65148.0,65078.4,65099.3,0.0,-130.25,130.25
BTCUSDT,1784839500,2026-07-23 20:45:00+00:00,65099.3,65143.8,65080.0,65117.7,0.0,0.0,0.0
BTCUSDT,1784840400,2026-07-23 21:00:00+00:00,65117.6,65183.1,64979.9,65021.8,0.0,-805188.11,805188.11
BTCUSDT,1784841300,2026-07-23 21:15:00+00:00,65021.8,65114.8,64980.8,65087.9,0.0,0.0,0.0
BTCUSDT,1784842200,2026-07-23 21:30:00+00:00,65087.9,65087.9,65032.4,65069.9,4815.07,0.0,4815.07
BTCUSDT,1784843100,2026-07-23 21:45:00+00:00,65069.9,65137.4,65069.9,65137.4,585.95,-715.97,1301.92
BTCUSDT,1784844000,2026-07-23 22:00:00+00:00,65137.4,65188.8,65050.0,65064.8,0.0,-4627.05,4627.05
BTCUSDT,1784844900,2026-07-23 22:15:00+00:00,65064.8,65168.7,64976.7,65111.2,141604.06,-1172.17,142776.23
BTCUSDT,1784845800,2026-07-23 22:30:00+00:00,65111.1,65193.5,65111.1,65172.2,0.0,-2151.38,2151.38
BTCUSDT,1784846700,2026-07-23 22:45:00+00:00,65172.3,65172.3,65102.9,65158.2,0.0,0.0,0.0
BTCUSDT,1784847600,2026-07-23 23:00:00+00:00,65158.2,65181.5,65120.0,65158.6,0.0,-195.49,195.49
BTCUSDT,1784848500,2026-07-23 23:15:00+00:00,65158.6,65189.5,65113.2,65148.0,0.0,-3192.39,3192.39
BTCUSDT,1784849400,2026-07-23 23:30:00+00:00,65147.9,65178.1,65113.2,65140.6,18437.28,-26320.4,44757.68
BTCUSDT,1784850300,2026-07-23 23:45:00+00:00,65140.5,65153.6,65018.8,65069.6,260.15,0.0,260.15
BTCUSDT,1784851200,2026-07-24 00:00:00+00:00,65069.6,65084.0,64865.3,64904.3,373508.94,0.0,373508.94
BTCUSDT,1784852100,2026-07-24 00:15:00+00:00,64904.2,64964.0,64851.2,64853.8,24267.41,0.0,24267.41
BTCUSDT,1784853000,2026-07-24 00:30:00+00:00,64853.8,64898.8,64733.2,64824.9,413707.08,-32476.65,446183.73
BTCUSDT,1784853900,2026-07-24 00:45:00+00:00,64824.8,64954.7,64824.8,64953.1,1687.18,-9087.8,10774.98
BTCUSDT,1784854800,2026-07-24 01:00:00+00:00,64953.0,65100.0,64912.4,65011.6,0.0,-146492.96,146492.96
BTCUSDT,1784855700,2026-07-24 01:15:00+00:00,65011.7,65095.1,64963.7,65002.6,975.78,-45393.93,46369.71
BTCUSDT,1784856600,2026-07-24 01:30:00+00:00,65002.6,65146.4,65000.0,65070.9,195.33,-4168.19,4363.52
BTCUSDT,1784857500,2026-07-24 01:45:00+00:00,65070.9,65107.0,65031.1,65053.2,975.9,0.0,975.9
BTCUSDT,1784858400,2026-07-24 02:00:00+00:00,65053.2,65164.8,65035.2,65140.8,390.35,0.0,390.35
BTCUSDT,1784859300,2026-07-24 02:15:00+00:00,65140.8,65144.3,65051.9,65124.6,0.0,-5730.48,5730.48
BTCUSDT,1784860200,2026-07-24 02:30:00+00:00,65124.6,65124.6,64890.5,65029.5,263325.19,0.0,263325.19
BTCUSDT,1784861100,2026-07-24 02:45:00+00:00,65029.5,65091.9,64907.4,65091.8,11102.92,-64.98,11167.9
BTCUSDT,1784862000,2026-07-24 03:00:00+00:00,65091.8,65295.6,65045.0,65293.3,0.0,-228376.43,228376.43
BTCUSDT,1784862900,2026-07-24 03:15:00+00:00,65293.4,65375.0,65272.3,65296.7,0.0,-186464.42,186464.42
BTCUSDT,1784863800,2026-07-24 03:30:00+00:00,65296.8,65395.8,65240.4,65382.9,0.0,-73088.49,73088.49
BTCUSDT,1784864700,2026-07-24 03:45:00+00:00,65382.9,65436.8,65360.3,65425.4,0.0,-157276.44,157276.44
BTCUSDT,1784865600,2026-07-24 04:00:00+00:00,65425.5,65440.0,65354.5,65361.8,0.0,-654.4,654.4
BTCUSDT,1784866500,2026-07-24 04:15:00+00:00,65361.9,65413.6,65300.6,65383.1,0.0,-654.14,654.14
BTCUSDT,1784867400,2026-07-24 04:30:00+00:00,65383.1,65386.0,65268.0,65309.2,18148.9,0.0,18148.9
BTCUSDT,1784868300,2026-07-24 04:45:00+00:00,65309.3,65329.9,65235.4,65281.9,4178.45,0.0,4178.45
BTCUSDT,1784869200,2026-07-24 05:00:00+00:00,65282.0,65365.9,65213.0,65318.8,31853.62,-195.68,32049.3
BTCUSDT,1784870100,2026-07-24 05:15:00+00:00,65318.7,65344.7,65300.0,65305.1,0.0,0.0,0.0
BTCUSDT,1784871000,2026-07-24 05:30:00+00:00,65305.1,65305.2,65230.1,65273.1,0.0,-6329.74,6329.74
BTCUSDT,1784871900,2026-07-24 05:45:00+00:00,65273.0,65305.2,65255.8,65282.3,0.0,0.0,0.0
BTCUSDT,1784872800,2026-07-24 06:00:00+00:00,65282.4,65356.1,65245.6,65356.0,0.0,0.0,0.0
BTCUSDT,1784873700,2026-07-24 06:15:00+00:00,65355.9,65475.9,65326.3,65425.2,16862.77,-258733.13,275595.9
BTCUSDT,1784874600,2026-07-24 06:30:00+00:00,65425.1,65490.0,65360.1,65428.8,130.74,-4125.42,4256.16
BTCUSDT,1784875500,2026-07-24 06:45:00+00:00,65428.7,65450.0,65394.3,65441.6,0.0,0.0,0.0
BTCUSDT,1784876400,2026-07-24 07:00:00+00:00,65441.6,65741.5,65440.5,65740.0,65.45,-94371.98,94437.43
BTCUSDT,1784877300,2026-07-24 07:15:00+00:00,65739.9,65780.0,65592.7,65613.7,0.0,-60695.68,60695.68
BTCUSDT,1784878200,2026-07-24 07:30:00+00:00,65613.7,65672.0,65338.0,65348.4,139812.1,-2099.71,141911.81
BTCUSDT,1784879100,2026-07-24 07:45:00+00:00,65348.3,65478.4,65340.1,65470.0,0.0,0.0,0.0
BTCUSDT,1784880000,2026-07-24 08:00:00+00:00,65470.1,65477.2,65395.1,65410.1,0.0,0.0,0.0
BTCUSDT,1784880900,2026-07-24 08:15:00+00:00,65410.1,65450.0,65280.9,65363.1,326.63,0.0,326.63
BTCUSDT,1784881800,2026-07-24 08:30:00+00:00,65363.1,65425.5,65361.4,65412.6,8237.25,0.0,8237.25
BTCUSDT,1784882700,2026-07-24 08:45:00+00:00,65412.7,65420.0,65274.5,65274.6,653.98,-65.3,719.28
BTCUSDT,1784883600,2026-07-24 09:00:00+00:00,65274.6,65290.7,65015.0,65015.1,412072.21,-1827.45,413899.66
BTCUSDT,1784884500,2026-07-24 09:15:00+00:00,65015.0,65046.9,64919.7,64941.9,382927.57,0.0,382927.57
BTCUSDT,1784885400,2026-07-24 09:30:00+00:00,64941.9,65075.0,64932.7,65050.1,64.96,0.0,64.96
BTCUSDT,1784886300,2026-07-24 09:45:00+00:00,65050.0,65111.1,65047.0,65088.1,0.0,-781.01,781.01
BTCUSDT,1784887200,2026-07-24 10:00:00+00:00,65088.2,65132.2,64970.0,64973.5,975.7,-32696.17,33671.869999999995
BTCUSDT,1784888100,2026-07-24 10:15:00+00:00,64973.5,65005.5,64940.4,64985.4,130898.56,-64.94,130963.5
BTCUSDT,1784889000,2026-07-24 10:30:00+00:00,64985.3,65031.4,64970.1,64990.0,0.0,-28207.05,28207.05
BTCUSDT,1784889900,2026-07-24 10:45:00+00:00,64990.0,65010.3,64878.0,64927.8,29721.34,0.0,29721.34
BTCUSDT,1784890800,2026-07-24 11:00:00+00:00,64927.7,64996.0,64886.2,64968.6,1169.46,0.0,1169.46
BTCUSDT,1784891700,2026-07-24 11:15:00+00:00,64968.7,65033.5,64968.6,64997.8,1690.38,-2795.42,4485.8
BTCUSDT,1784892600,2026-07-24 11:30:00+00:00,64997.9,65026.5,64908.1,64911.0,4871.14,0.0,4871.14
BTCUSDT,1784893500,2026-07-24 11:45:00+00:00,64911.0,65073.6,64821.9,65045.7,250879.49,-455.16,251334.65
BTCUSDT,1784894400,2026-07-24 12:00:00+00:00,65045.7,65073.9,64954.1,65041.0,0.0,-39105.39,39105.39
BTCUSDT,1784895300,2026-07-24 12:15:00+00:00,65040.9,65110.1,64989.7,64993.3,0.0,-11708.27,11708.27
BTCUSDT,1784896200,2026-07-24 12:30:00+00:00,64993.2,65029.0,64893.2,64893.3,37838.34,-585.17,38423.51
BTCUSDT,1784897100,2026-07-24 12:45:00+00:00,64893.2,64927.3,64707.5,64746.6,344394.95,0.0,344394.95
BTCUSDT,1784898000,2026-07-24 13:00:00+00:00,64746.5,64774.5,64330.0,64343.1,3468711.6,-64.36,3468775.96
BTCUSDT,1784898900,2026-07-24 13:15:00+00:00,64343.1,64515.6,64321.0,64355.1,7527.73,-15474.56,23002.29
BTCUSDT,1784899800,2026-07-24 13:30:00+00:00,64355.0,64394.0,64180.5,64382.7,641511.58,0.0,641511.58
BTCUSDT,1784900700,2026-07-24 13:45:00+00:00,64382.7,64417.4,63882.3,64129.1,2637948.62,-4244.89,2642193.51
BTCUSDT,1784901600,2026-07-24 14:00:00+00:00,64128.9,64170.0,63944.0,63950.0,14070.3,-19177.02,33247.32
BTCUSDT,1784902500,2026-07-24 14:15:00+00:00,63949.9,63973.2,63666.0,63835.6,2168537.05,-191.47,2168728.52
BTCUSDT,1784903400,2026-07-24 14:30:00+00:00,63835.6,63861.0,63762.0,63804.4,49757.24,-318.9,50076.14
BTCUSDT,1784904300,2026-07-24 14:45:00+00:00,63804.3,64036.5,63708.1,64031.4,60594.96,-27152.57,87747.53
BTCUSDT,1784905200,2026-07-24 15:00:00+00:00,64031.3,64117.7,63824.3,64110.2,31339.92,0.0,31339.92
BTCUSDT,1784906100,2026-07-24 15:15:00+00:00,64110.2,64169.6,63936.0,64101.9,15029.1,-61173.43,76202.53
BTCUSDT,1784907000,2026-07-24 15:30:00+00:00,64102.0,64305.8,64024.8,64139.9,0.0,-107038.0,107038.0
BTCUSDT,1784907900,2026-07-24 15:45:00+00:00,64139.8,64198.6,64001.4,64065.1,28341.76,0.0,28341.76
BTCUSDT,1784908800,2026-07-24 16:00:00+00:00,64065.1,64176.5,63978.0,64111.3,12108.25,-2951.76,15060.01
BTCUSDT,1784909700,2026-07-24 16:15:00+00:00,64111.3,64142.4,64052.8,64062.2,2562.11,-320.63,2882.74
BTCUSDT,1784910600,2026-07-24 16:30:00+00:00,64062.2,64062.2,63912.8,63912.9,374853.95,0.0,374853.95
BTCUSDT,1784911500,2026-07-24 16:45:00+00:00,63912.8,63986.6,63854.3,63930.4,277231.43,0.0,277231.43
BTCUSDT,1784912400,2026-07-24 17:00:00+00:00,63930.3,63987.6,63882.6,63939.8,6521.83,-319.64,6841.47
BTCUSDT,1784913300,2026-07-24 17:15:00+00:00,63939.9,64122.1,63922.5,64073.3,641.1,-44976.63,45617.73
BTCUSDT,1784914200,2026-07-24 17:30:00+00:00,64073.3,64170.7,64062.4,64149.9,0.0,-38492.45,38492.45
BTCUSDT,1784915100,2026-07-24 17:45:00+00:00,64150.0,64177.9,64110.0,64154.9,18983.3,-1026.24,20009.54
BTCUSDT,1784916000,2026-07-24 18:00:00+00:00,64154.9,64185.6,64135.2,64183.8,0.0,0.0,0.0
BTCUSDT,1784916900,2026-07-24 18:15:00+00:00,64183.8,64193.2,64104.1,64120.6,256.48,0.0,256.48
BTCUSDT,1784917800,2026-07-24 18:30:00+00:00,64120.6,64160.0,64106.3,64149.9,577.17,-64.12,641.29
BTCUSDT,1784918700,2026-07-24 18:45:00+00:00,64149.9,64262.3,64140.0,64242.8,0.0,-8994.02,8994.02
BTCUSDT,1784919600,2026-07-24 19:00:00+00:00,64242.7,64266.9,64113.4,64120.3,64.2,-256.99,321.19
BTCUSDT,1784920500,2026-07-24 19:15:00+00:00,64120.2,64191.5,64118.1,64175.0,256.56,-256.68,513.24
BTCUSDT,1784921400,2026-07-24 19:30:00+00:00,64174.9,64250.0,64169.8,64225.5,577.83,0.0,577.83
BTCUSDT,1784922300,2026-07-24 19:45:00+00:00,64225.6,64240.3,64130.1,64199.5,0.0,0.0,0.0
BTCUSDT,1784923200,2026-07-24 20:00:00+00:00,64199.5,64260.1,64165.0,64183.6,0.0,-12145.16,12145.16
BTCUSDT,1784924100,2026-07-24 20:15:00+00:00,64183.5,64237.1,64164.0,64210.8,0.0,0.0,0.0
BTCUSDT,1784925000,2026-07-24 20:30:00+00:00,64210.7,64210.8,64105.0,64153.2,0.0,0.0,0.0
BTCUSDT,1784925900,2026-07-24 20:45:00+00:00,64153.2,64167.8,64110.0,64139.6,2115.99,0.0,2115.99
BTCUSDT,1784926800,2026-07-24 21:00:00+00:00,64139.6,64195.1,64105.0,64125.0,4426.42,0.0,4426.42
BTCUSDT,1784927700,2026-07-24 21:15:00+00:00,64124.9,64158.6,64120.6,64139.9,0.0,-1282.48,1282.48
BTCUSDT,1784928600,2026-07-24 21:30:00+00:00,64140.0,64179.3,64102.0,64138.0,256346.49,0.0,256346.49
BTCUSDT,1784929500,2026-07-24 21:45:00+00:00,64138.0,64153.2,64098.7,64112.2,85061.4,-705.12,85766.51999999999
BTCUSDT,1784930400,2026-07-24 22:00:00+00:00,64112.2,64143.7,64098.7,64121.7,1923.54,0.0,1923.54
BTCUSDT,1784931300,2026-07-24 22:15:00+00:00,64121.6,64147.0,64116.6,64136.2,770.07,-6477.19,7247.259999999999
BTCUSDT,1784932200,2026-07-24 22:30:00+00:00,64136.1,64187.6,64136.1,64154.3,0.0,0.0,0.0
BTCUSDT,1784933100,2026-07-24 22:45:00+00:00,64154.2,64164.3,64132.7,64132.7,897.98,-769.7,1667.68
BTCUSDT,1784934000,2026-07-24 23:00:00+00:00,64132.8,64150.0,64118.0,64126.4,0.0,0.0,0.0
BTCUSDT,1784934900,2026-07-24 23:15:00+00:00,64126.3,64144.9,64107.5,64144.8,0.0,0.0,0.0
BTCUSDT,1784935800,2026-07-24 23:30:00+00:00,64144.9,64155.0,64102.2,64146.8,64.12,0.0,64.12
BTCUSDT,1784936700,2026-07-24 23:45:00+00:00,64146.8,64146.8,64102.2,64116.5,0.0,0.0,0.0
BTCUSDT,1784937600,2026-07-25 00:00:00+00:00,64116.5,64155.0,64104.3,64113.1,0.0,0.0,0.0
BTCUSDT,1784938500,2026-07-25 00:15:00+00:00,64113.1,64137.3,64105.4,64129.6,0.0,0.0,0.0
BTCUSDT,1784939400,2026-07-25 00:30:00+00:00,64129.6,64137.4,64069.1,64079.2,4357.32,0.0,4357.32
BTCUSDT,1784940300,2026-07-25 00:45:00+00:00,64079.1,64079.1,64005.4,64049.6,19910.72,0.0,19910.72
BTCUSDT,1784941200,2026-07-25 01:00:00+00:00,64049.6,64135.0,63977.0,63990.9,98743.68,0.0,98743.68
BTCUSDT,1784942100,2026-07-25 01:15:00+00:00,63990.9,64054.6,63980.3,64024.2,5503.41,0.0,5503.41
BTCUSDT,1784943000,2026-07-25 01:30:00+00:00,64024.2,64100.0,64006.8,64099.9,0.0,0.0,0.0
BTCUSDT,1784943900,2026-07-25 01:45:00+00:00,64099.9,64121.6,64033.9,64039.2,0.0,-61360.64,61360.64
BTCUSDT,1784944800,2026-07-25 02:00:00+00:00,64039.1,64072.3,64032.6,64049.9,0.0,0.0,0.0
BTCUSDT,1784945700,2026-07-25 02:15:00+00:00,64050.0,64050.0,64000.0,64029.9,0.0,0.0,0.0
BTCUSDT,1784946600,2026-07-25 02:30:00+00:00,64030.0,64033.5,63993.8,64025.9,0.0,0.0,0.0
BTCUSDT,1784947500,2026-07-25 02:45:00+00:00,64025.9,64037.6,63988.4,64010.5,767.94,0.0,767.94
BTCUSDT,1784948400,2026-07-25 03:00:00+00:00,64010.6,64049.9,63988.4,64016.6,319.94,-255.95,575.89
BTCUSDT,1784949300,2026-07-25 03:15:00+00:00,64016.6,64073.7,64016.6,64045.8,0.0,-98950.33,98950.33
BTCUSDT,1784950200,2026-07-25 03:30:00+00:00,64045.8,64071.1,64034.2,64067.6,192.16,0.0,192.16
BTCUSDT,1784951100,2026-07-25 03:45:00+00:00,64067.6,64071.0,64020.3,64052.9,0.0,0.0,0.0
BTCUSDT,1784952000,2026-07-25 04:00:00+00:00,64053.0,64104.4,64052.9,64104.3,0.0,0.0,0.0
BTCUSDT,1784952900,2026-07-25 04:15:00+00:00,64104.4,64112.1,64073.3,64078.8,34741.06,-2820.31,37561.37
BTCUSDT,1784953800,2026-07-25 04:30:00+00:00,64078.8,64159.9,64054.7,64159.8,52464.82,-36943.23,89408.05
BTCUSDT,1784954700,2026-07-25 04:45:00+00:00,64159.9,64181.0,64113.7,64146.9,0.0,-3273.06,3273.06
BTCUSDT,1784955600,2026-07-25 05:00:00+00:00,64147.0,64166.6,64118.8,64121.3,4745.35,0.0,4745.35
BTCUSDT,1784956500,2026-07-25 05:15:00+00:00,64121.3,64125.0,64111.5,64117.7,833.56,0.0,833.56
BTCUSDT,1784957400,2026-07-25 05:30:00+00:00,64117.6,64117.7,63990.7,64010.1,1985.29,0.0,1985.29
BTCUSDT,1784958300,2026-07-25 05:45:00+00:00,64010.0,64010.1,63940.7,63990.1,28460.89,0.0,28460.89
BTCUSDT,1784959200,2026-07-25 06:00:00+00:00,63990.0,64021.6,63985.9,64021.6,127.98,-640.16,768.14
BTCUSDT,1784960100,2026-07-25 06:15:00+00:00,64021.6,64032.0,63959.8,63975.5,2430.48,0.0,2430.48
BTCUSDT,1784961000,2026-07-25 06:30:00+00:00,63975.5,63996.2,63933.3,63957.7,316816.26,-1919.63,318735.89
BTCUSDT,1784961900,2026-07-25 06:45:00+00:00,63957.7,63983.0,63933.2,63982.9,292303.15,0.0,292303.15
BTCUSDT,1784962800,2026-07-25 07:00:00+00:00,63982.9,63998.1,63976.0,63983.8,64.0,0.0,64.0
BTCUSDT,1784963700,2026-07-25 07:15:00+00:00,63983.8,64004.9,63966.8,63988.8,2623.79,-383.9,3007.69
BTCUSDT,1784964600,2026-07-25 07:30:00+00:00,63988.8,64005.5,63968.4,63998.1,447.93,-4734.25,5182.18
BTCUSDT,1784965500,2026-07-25 07:45:00+00:00,63998.2,64005.5,63972.9,63972.9,8638.69,-255.95,8894.640000000001
BTCUSDT,1784966400,2026-07-25 08:00:00+00:00,63973.0,63973.0,63897.5,63936.0,98071.25,0.0,98071.25
BTCUSDT,1784967300,2026-07-25 08:15:00+00:00,63936.0,63965.6,63935.9,63965.6,0.0,0.0,0.0
BTCUSDT,1784968200,2026-07-25 08:30:00+00:00,63965.6,63973.1,63917.0,63927.6,9977.95,-127.92,10105.87
BTCUSDT,1784969100,2026-07-25 08:45:00+00:00,63927.5,63927.6,63760.5,63844.3,550082.76,0.0,550082.76
BTCUSDT,1784970000,2026-07-25 09:00:00+00:00,63844.4,63887.7,63794.2,63840.0,191.51,0.0,191.51
BTCUSDT,1784970900,2026-07-25 09:15:00+00:00,63840.0,63911.6,63839.9,63910.1,0.0,0.0,0.0
BTCUSDT,1784971800,2026-07-25 09:30:00+00:00,63910.1,63928.2,63891.4,63910.3,0.0,0.0,0.0
BTCUSDT,1784972700,2026-07-25 09:45:00+00:00,63910.2,64000.0,63910.2,63973.9,0.0,-127.87,127.87
BTCUSDT,1784973600,2026-07-25 10:00:00+00:00,63973.8,64009.9,63973.7,64009.9,9277.1,0.0,9277.1
BTCUSDT,1784974500,2026-07-25 10:15:00+00:00,64009.9,64013.9,63992.8,63998.5,0.0,-1664.29,1664.29
BTCUSDT,1784975400,2026-07-25 10:30:00+00:00,63998.4,64000.0,63959.3,63996.5,0.0,0.0,0.0
BTCUSDT,1784976300,2026-07-25 10:45:00+00:00,63996.5,64039.7,63983.4,64039.6,0.0,-576.36,576.36
BTCUSDT,1784977200,2026-07-25 11:00:00+00:00,64039.6,64065.9,64015.4,64041.5,0.0,-8520.58,8520.58
BTCUSDT,1784978100,2026-07-25 11:15:00+00:00,64041.6,64060.0,64030.3,64049.7,1024.8,0.0,1024.8
BTCUSDT,1784979000,2026-07-25 11:30:00+00:00,64049.7,64078.5,64014.7,64025.7,3139.41,-2370.65,5510.06
BTCUSDT,1784979900,2026-07-25 11:45:00+00:00,64025.7,64046.7,64024.0,64031.3,6722.9,-1792.72,8515.619999999999
BTCUSDT,1784980800,2026-07-25 12:00:00+00:00,64031.2,64052.2,64010.0,64034.8,0.0,-7812.58,7812.58
BTCUSDT,1784981700,2026-07-25 12:15:00+00:00,64034.9,64041.3,64009.3,64016.3,320.08,-75299.16,75619.24
BTCUSDT,1784982600,2026-07-25 12:30:00+00:00,64016.4,64069.9,64006.2,64069.8,1472.25,0.0,1472.25
BTCUSDT,1784983500,2026-07-25 12:45:00+00:00,64069.9,64088.2,64064.2,64088.2,64.08,-3844.95,3909.03
BTCUSDT,1784984400,2026-07-25 13:00:00+00:00,64088.1,64105.2,64079.2,64094.4,4037.55,-27434.17,31471.72
BTCUSDT,1784985300,2026-07-25 13:15:00+00:00,64094.3,64108.5,64072.2,64099.1,0.0,-2564.23,2564.23
BTCUSDT,1784986200,2026-07-25 13:30:00+00:00,64099.0,64168.8,64086.1,64167.0,64.11,-101676.05,101740.16
BTCUSDT,1784987100,2026-07-25 13:45:00+00:00,64166.9,64236.8,64108.8,64136.9,0.0,-403749.68,403749.68
BTCUSDT,1784988000,2026-07-25 14:00:00+00:00,64136.8,64150.1,64079.2,64145.4,284805.58,0.0,284805.58
BTCUSDT,1784988900,2026-07-25 14:15:00+00:00,64145.5,64152.0,64100.0,64134.1,0.0,0.0,0.0
BTCUSDT,1784989800,2026-07-25 14:30:00+00:00,64134.2,64171.7,64134.0,64163.6,6413.4,-23986.16,30399.56
BTCUSDT,1784990700,2026-07-25 14:45:00+00:00,64163.6,64187.4,64140.1,64177.7,1282.87,0.0,1282.87
BTCUSDT,1784991600,2026-07-25 15:00:00+00:00,64177.7,64230.2,64151.6,64220.1,705.67,-6416.87,7122.54
BTCUSDT,1784992500,2026-07-25 15:15:00+00:00,64220.0,64243.6,64162.3,64173.1,0.0,-14390.49,14390.49
BTCUSDT,1784993400,2026-07-25 15:30:00+00:00,64173.2,64206.1,64150.0,64188.0,48216.98,-51616.8,99833.78
BTCUSDT,1784994300,2026-07-25 15:45:00+00:00,64188.0,64191.5,64135.5,64150.0,2438.04,-11226.27,13664.31
BTCUSDT,1784995200,2026-07-25 16:00:00+00:00,64150.1,64186.3,64124.8,64186.2,1411.5,0.0,1411.5
BTCUSDT,1784996100,2026-07-25 16:15:00+00:00,64186.3,64186.3,64092.2,64113.7,577.28,-1155.06,1732.34
BTCUSDT,1784997000,2026-07-25 16:30:00+00:00,64113.8,64179.2,64111.1,64177.7,192.36,0.0,192.36
BTCUSDT,1784997900,2026-07-25 16:45:00+00:00,64177.8,64219.0,64157.1,64180.9,128.37,0.0,128.37
BTCUSDT,1784998800,2026-07-25 17:00:00+00:00,64180.8,64208.0,64162.1,64179.1,0.0,-15024.27,15024.27
BTCUSDT,1784999700,2026-07-25 17:15:00+00:00,64179.1,64255.0,64179.1,64240.8,0.0,-64.19,64.19
BTCUSDT,1785000600,2026-07-25 17:30:00+00:00,64240.9,64289.8,64221.3,64256.5,0.0,-51994.76,51994.76
BTCUSDT,1785001500,2026-07-25 17:45:00+00:00,64256.4,64330.2,64218.1,64236.6,0.0,-56591.59,56591.59
BTCUSDT,1785002400,2026-07-25 18:00:00+00:00,64236.7,64392.5,64236.7,64325.5,0.0,-508832.22,508832.22
BTCUSDT,1785003300,2026-07-25 18:15:00+00:00,64325.5,64390.0,64313.6,64390.0,0.0,-3283.89,3283.89
BTCUSDT,1785004200,2026-07-25 18:30:00+00:00,64390.0,64415.0,64350.4,64366.3,0.0,-36326.17,36326.17
BTCUSDT,1785005100,2026-07-25 18:45:00+00:00,64366.3,64417.1,64362.0,64391.4,0.0,-9082.47,9082.47
BTCUSDT,1785006000,2026-07-25 19:00:00+00:00,64391.3,64410.0,64370.5,64397.9,0.0,0.0,0.0
BTCUSDT,1785006900,2026-07-25 19:15:00+00:00,64397.9,64397.9,64361.9,64378.0,0.0,0.0,0.0
BTCUSDT,1785007800,2026-07-25 19:30:00+00:00,64378.0,64385.5,64366.2,64369.9,0.0,0.0,0.0
BTCUSDT,1785008700,2026-07-25 19:45:00+00:00,64370.0,64405.0,64351.4,64359.6,257.44,0.0,257.44
BTCUSDT,1785009600,2026-07-25 20:00:00+00:00,64359.7,64367.8,64310.6,64342.8,64.35,0.0,64.35
BTCUSDT,1785010500,2026-07-25 20:15:00+00:00,64342.8,64360.8,64307.7,64344.2,0.0,0.0,0.0
BTCUSDT,1785011400,2026-07-25 20:30:00+00:00,64344.1,64344.2,64288.4,64295.0,0.0,0.0,0.0
BTCUSDT,1785012300,2026-07-25 20:45:00+00:00,64295.1,64327.5,64282.9,64303.9,0.0,0.0,0.0
BTCUSDT,1785013200,2026-07-25 21:00:00+00:00,64304.0,64307.0,64233.5,64254.0,86604.35,0.0,86604.35
BTCUSDT,1785014100,2026-07-25 21:15:00+00:00,64254.0,64268.4,64233.0,64268.4,0.0,0.0,0.0
BTCUSDT,1785015000,2026-07-25 21:30:00+00:00,64268.4,64341.7,64268.3,64310.5,0.0,0.0,0.0
BTCUSDT,1785015900,2026-07-25 21:45:00+00:00,64310.6,64407.1,64301.1,64318.5,0.0,-257.5,257.5
BTCUSDT,1785016800,2026-07-25 22:00:00+00:00,64318.6,64375.1,64318.5,64375.1,0.0,0.0,0.0
BTCUSDT,1785017700,2026-07-25 22:15:00+00:00,64375.0,64392.6,64348.3,64362.5,0.0,0.0,0.0
BTCUSDT,1785018600,2026-07-25 22:30:00+00:00,64362.4,64376.3,64328.0,64371.5,0.0,-64.36,64.36
BTCUSDT,1785019500,2026-07-25 22:45:00+00:00,64371.6,64393.0,64338.6,64377.6,0.0,-19317.9,19317.9
BTCUSDT,1785020400,2026-07-25 23:00:00+00:00,64377.7,64393.0,64365.0,64378.2,0.0,0.0,0.0
BTCUSDT,1785021300,2026-07-25 23:15:00+00:00,64378.1,64387.6,64358.4,64368.0,0.0,0.0,0.0
BTCUSDT,1785022200,2026-07-25 23:30:00+00:00,64367.9,64393.4,64357.3,64357.3,0.0,-1544.64,1544.64
BTCUSDT,1785023100,2026-07-25 23:45:00+00:00,64357.3,64367.4,64331.9,64338.1,3732.41,-128.73,3861.14
BTCUSDT,1785024000,2026-07-26 00:00:00+00:00,64338.0,64413.7,64317.9,64405.6,64.34,-32200.0,32264.34
BTCUSDT,1785024900,2026-07-26 00:15:00+00:00,64405.5,64465.6,64390.0,64444.4,0.0,-128814.43,128814.43
BTCUSDT,1785025800,2026-07-26 00:30:00+00:00,64444.4,64457.9,64379.3,64388.1,0.0,0.0,0.0
BTCUSDT,1785026700,2026-07-26 00:45:00+00:00,64388.1,64482.7,64370.2,64482.6,772.68,0.0,772.68
BTCUSDT,1785027600,2026-07-26 01:00:00+00:00,64482.7,64514.1,64432.2,64472.7,0.0,-53281.92,53281.92
BTCUSDT,1785028500,2026-07-26 01:15:00+00:00,64472.7,64475.3,64434.2,64444.7,0.0,0.0,0.0
BTCUSDT,1785029400,2026-07-26 01:30:00+00:00,64444.8,64473.1,64433.0,64450.0,0.0,0.0,0.0
BTCUSDT,1785030300,2026-07-26 01:45:00+00:00,64450.0,64460.5,64422.6,64434.3,0.0,-451.08,451.08
BTCUSDT,1785031200,2026-07-26 02:00:00+00:00,64434.5,64450.5,64394.0,64450.5,515.49,-966.17,1481.66
BTCUSDT,1785032100,2026-07-26 02:15:00+00:00,64450.4,64453.1,64412.6,64452.2,1804.44,-579.79,2384.23
BTCUSDT,1785033000,2026-07-26 02:30:00+00:00,64452.1,64459.2,64398.0,64410.1,0.0,0.0,0.0
BTCUSDT,1785033900,2026-07-26 02:45:00+00:00,64410.1,64500.0,64410.0,64490.6,0.0,-5990.14,5990.14
BTCUSDT,1785034800,2026-07-26 03:00:00+00:00,64490.6,64553.9,64453.2,64550.0,0.0,-110113.1,110113.1
BTCUSDT,1785035700,2026-07-26 03:15:00+00:00,64550.0,64550.1,64503.0,64523.8,0.0,0.0,0.0
BTCUSDT,1785036600,2026-07-26 03:30:00+00:00,64523.9,64549.8,64505.0,64510.5,0.0,-516.34,516.34
BTCUSDT,1785037500,2026-07-26 03:45:00+00:00,64510.6,64526.2,64500.0,64518.8,129.02,-5354.93,5483.950000000001
BTCUSDT,1785038400,2026-07-26 04:00:00+00:00,64518.9,64523.7,64473.8,64474.9,0.0,0.0,0.0
BTCUSDT,1785039300,2026-07-26 04:15:00+00:00,64474.8,64525.1,64452.9,64525.1,0.0,-1548.48,1548.48
BTCUSDT,1785040200,2026-07-26 04:30:00+00:00,64525.1,64548.0,64509.0,64548.0,0.0,-64.54,64.54
BTCUSDT,1785041100,2026-07-26 04:45:00+00:00,64548.0,64566.0,64485.1,64493.1,0.0,-3421.99,3421.99
BTCUSDT,1785042000,2026-07-26 05:00:00+00:00,64493.2,64493.2,64460.9,64490.3,0.0,0.0,0.0
BTCUSDT,1785042900,2026-07-26 05:15:00+00:00,64490.3,64490.5,64456.8,64456.9,0.0,-64.48,64.48
BTCUSDT,1785043800,2026-07-26 05:30:00+00:00,64456.9,64456.9,64359.3,64446.5,4958.51,0.0,4958.51
BTCUSDT,1785044700,2026-07-26 05:45:00+00:00,64446.5,64446.6,64385.0,64386.0,3156.64,-17335.91,20492.55
BTCUSDT,1785045600,2026-07-26 06:00:00+00:00,64386.0,64406.8,64314.4,64323.7,38474.81,0.0,38474.81
BTCUSDT,1785046500,2026-07-26 06:15:00+00:00,64323.6,64332.7,64256.4,64270.2,116093.0,0.0,116093.0
BTCUSDT,1785047400,2026-07-26 06:30:00+00:00,64270.2,64366.1,64265.5,64347.6,0.0,0.0,0.0
BTCUSDT,1785048300,2026-07-26 06:45:00+00:00,64347.6,64428.7,64343.5,64408.9,0.0,-773.01,773.01
BTCUSDT,1785049200,2026-07-26 07:00:00+00:00,64409.0,64439.1,64364.1,64395.9,64.42,-15850.86,15915.28
BTCUSDT,1785050100,2026-07-26 07:15:00+00:00,64395.9,64410.0,64331.5,64340.5,0.0,-579.51,579.51
BTCUSDT,1785051000,2026-07-26 07:30:00+00:00,64340.6,64350.0,64313.5,64320.9,0.0,0.0,0.0
BTCUSDT,1785051900,2026-07-26 07:45:00+00:00,64320.9,64350.0,64320.8,64341.2,128.68,-2187.22,2315.9
BTCUSDT,1785052800,2026-07-26 08:00:00+00:00,64341.3,64365.3,64320.2,64365.3,0.0,-900.78,900.78
BTCUSDT,1785053700,2026-07-26 08:15:00+00:00,64365.2,64388.0,64349.9,64371.1,0.0,-5022.13,5022.13
BTCUSDT,1785054600,2026-07-26 08:30:00+00:00,64371.1,64416.6,64367.1,64416.5,0.0,-4701.05,4701.05
BTCUSDT,1785055500,2026-07-26 08:45:00+00:00,64416.6,64467.5,64416.5,64450.1,0.0,-3674.42,3674.42
BTCUSDT,1785056400,2026-07-26 09:00:00+00:00,64450.0,64488.0,64450.0,64468.1,0.0,-2256.81,2256.81
BTCUSDT,1785057300,2026-07-26 09:15:00+00:00,64468.0,64523.9,64466.1,64507.8,129.03,-109865.43,109994.46
BTCUSDT,1785058200,2026-07-26 09:30:00+00:00,64507.8,64521.0,64476.9,64519.1,0.0,-1031.86,1031.86
BTCUSDT,1785059100,2026-07-26 09:45:00+00:00,64519.2,64525.2,64507.0,64512.3,451.64,0.0,451.64
BTCUSDT,1785060000,2026-07-26 10:00:00+00:00,64512.3,64512.3,64479.0,64483.9,0.0,0.0,0.0
BTCUSDT,1785060900,2026-07-26 10:15:00+00:00,64483.9,64518.7,64472.4,64493.7,0.0,-2580.13,2580.13
BTCUSDT,1785061800,2026-07-26 10:30:00+00:00,64493.7,64528.9,64493.7,64528.9,0.0,-10260.1,10260.1
BTCUSDT,1785062700,2026-07-26 10:45:00+00:00,64528.8,64557.3,64483.9,64490.9,0.0,-1807.39,1807.39
BTCUSDT,1785063600,2026-07-26 11:00:00+00:00,64491.0,64507.2,64476.8,64481.9,128.97,-6449.05,6578.02
BTCUSDT,1785064500,2026-07-26 11:15:00+00:00,64481.8,64499.7,64476.9,64476.9,967.23,0.0,967.23
BTCUSDT,1785065400,2026-07-26 11:30:00+00:00,64477.0,64477.0,64470.0,64470.0,1224.98,0.0,1224.98
BTCUSDT,1785066300,2026-07-26 11:45:00+00:00,64470.1,64488.9,64470.0,64481.4,0.0,0.0,0.0
BTCUSDT,1785067200,2026-07-26 12:00:00+00:00,64481.5,64639.0,64481.4,64577.4,0.0,-395311.16,395311.16
BTCUSDT,1785068100,2026-07-26 12:15:00+00:00,64577.5,64594.2,64479.5,64554.1,581.19,0.0,581.19
BTCUSDT,1785069000,2026-07-26 12:30:00+00:00,64554.1,64554.1,64470.0,64470.1,4646.33,0.0,4646.33
BTCUSDT,1785069900,2026-07-26 12:45:00+00:00,64470.0,64470.1,64405.9,64434.2,8051.07,0.0,8051.07
BTCUSDT,1785070800,2026-07-26 13:00:00+00:00,64434.2,64444.5,64379.7,64392.0,966.14,0.0,966.14
BTCUSDT,1785071700,2026-07-26 13:15:00+00:00,64391.9,64492.0,64391.9,64440.0,64.47,0.0,64.47
BTCUSDT,1785072600,2026-07-26 13:30:00+00:00,64440.0,64534.4,64430.3,64534.4,0.0,-837.84,837.84
BTCUSDT,1785073500,2026-07-26 13:45:00+00:00,64534.4,64548.3,64486.5,64491.8,0.0,-709.94,709.94
BTCUSDT,1785074400,2026-07-26 14:00:00+00:00,64491.9,64748.3,64491.8,64678.6,0.0,-696048.5,696048.5
BTCUSDT,1785075300,2026-07-26 14:15:00+00:00,64678.5,64678.5,64590.3,64605.1,581.57,-4137.49,4719.06
BTCUSDT,1785076200,2026-07-26 14:30:00+00:00,64605.1,64702.2,64588.3,64658.3,64.66,0.0,64.66
BTCUSDT,1785077100,2026-07-26 14:45:00+00:00,64658.3,64732.5,64653.4,64687.2,0.0,0.0,0.0
BTCUSDT,1785078000,2026-07-26 15:00:00+00:00,64687.2,64744.8,64640.0,64640.1,0.0,-129421.6,129421.6
BTCUSDT,1785078900,2026-07-26 15:15:00+00:00,64640.0,64757.0,64640.0,64727.8,22252.13,-29520.21,51772.34
BTCUSDT,1785079800,2026-07-26 15:30:00+00:00,64727.9,64819.3,64700.0,64775.5,1941.45,-127463.98,129405.43
BTCUSDT,1785080700,2026-07-26 15:45:00+00:00,64775.4,64775.5,64706.7,64733.6,64.74,0.0,64.74
BTCUSDT,1785081600,2026-07-26 16:00:00+00:00,64733.5,64770.2,64670.1,64687.7,0.0,-129.53,129.53
BTCUSDT,1785082500,2026-07-26 16:15:00+00:00,64687.7,64786.8,64685.1,64770.7,0.0,-302516.98,302516.98
BTCUSDT,1785083400,2026-07-26 16:30:00+00:00,64770.8,64909.0,64769.8,64796.4,0.0,-884662.31,884662.31
BTCUSDT,1785084300,2026-07-26 16:45:00+00:00,64796.4,64810.0,64700.0,64700.0,2524.72,-972.15,3496.87
BTCUSDT,1785085200,2026-07-26 17:00:00+00:00,64700.0,64744.8,64639.9,64744.0,2909.48,0.0,2909.48
BTCUSDT,1785086100,2026-07-26 17:15:00+00:00,64743.9,64769.1,64682.7,64685.8,517.46,0.0,517.46
BTCUSDT,1785087000,2026-07-26 17:30:00+00:00,64685.8,64726.6,64640.5,64657.4,0.0,0.0,0.0
BTCUSDT,1785087900,2026-07-26 17:45:00+00:00,64657.5,64685.6,64642.9,64663.2,6790.76,0.0,6790.76
BTCUSDT,1785088800,2026-07-26 18:00:00+00:00,64663.3,64678.8,64645.6,64654.2,1293.02,-129.3,1422.32
BTCUSDT,1785089700,2026-07-26 18:15:00+00:00,64654.2,64678.7,64634.0,64659.9,0.0,0.0,0.0
BTCUSDT,1785090600,2026-07-26 18:30:00+00:00,64660.0,64698.0,64649.3,64676.4,0.0,0.0,0.0
BTCUSDT,1785091500,2026-07-26 18:45:00+00:00,64676.5,64749.4,64676.4,64706.8,0.0,0.0,0.0
BTCUSDT,1785092400,2026-07-26 19:00:00+00:00,64706.8,64716.2,64638.8,64646.9,13121.8,0.0,13121.8
BTCUSDT,1785093300,2026-07-26 19:15:00+00:00,64646.8,64714.6,64646.8,64692.6,0.0,-72858.39,72858.39
BTCUSDT,1785094200,2026-07-26 19:30:00+00:00,64692.7,64729.4,64687.9,64696.3,0.0,0.0,0.0
BTCUSDT,1785095100,2026-07-26 19:45:00+00:00,64696.2,64696.3,64663.9,64665.5,0.0,0.0,0.0
BTCUSDT,1785096000,2026-07-26 20:00:00+00:00,64665.6,64676.2,64655.8,64669.2,0.0,0.0,0.0
BTCUSDT,1785096900,2026-07-26 20:15:00+00:00,64669.1,64669.2,64606.3,64623.8,64.62,0.0,64.62
BTCUSDT,1785097800,2026-07-26 20:30:00+00:00,64623.8,64647.5,64623.1,64637.3,0.0,0.0,0.0
BTCUSDT,1785098700,2026-07-26 20:45:00+00:00,64637.3,64637.3,64616.2,64621.3,0.0,-258.55,258.55
BTCUSDT,1785099600,2026-07-26 21:00:00+00:00,64621.2,64690.0,64621.2,64665.7,0.0,0.0,0.0
BTCUSDT,1785100500,2026-07-26 21:15:00+00:00,64665.8,64841.6,64665.7,64788.8,0.0,-112467.36,112467.36
BTCUSDT,1785101400,2026-07-26 21:30:00+00:00,64788.9,64821.1,64762.2,64764.8,0.0,-1555.13,1555.13
BTCUSDT,1785102300,2026-07-26 21:45:00+00:00,64764.9,64897.1,64764.9,64821.7,3046.68,-49830.43,52877.11
BTCUSDT,1785103200,2026-07-26 22:00:00+00:00,64821.7,65223.0,64821.7,65181.8,715.12,-2168568.35,2169283.47
BTCUSDT,1785104100,2026-07-26 22:15:00+00:00,65181.9,65234.0,65137.8,65188.8,0.0,-70628.77,70628.77
BTCUSDT,1785105000,2026-07-26 22:30:00+00:00,65188.8,65480.0,65168.5,65445.4,0.0,-2033843.74,2033843.74
BTCUSDT,1785105900,2026-07-26 22:45:00+00:00,65445.4,65468.6,65352.0,65384.7,981.72,-140051.73,141033.45
BTCUSDT,1785106800,2026-07-26 23:00:00+00:00,65384.7,65555.0,65356.7,65382.2,7596.97,-2382331.31,2389928.2800000003
BTCUSDT,1785107700,2026-07-26 23:15:00+00:00,65382.2,65468.5,65280.7,65305.9,5358.5,0.0,5358.5
BTCUSDT,1785108600,2026-07-26 23:30:00+00:00,65305.9,65385.4,65245.6,65379.3,4046.43,0.0,4046.43
BTCUSDT,1785109500,2026-07-26 23:45:00+00:00,65379.4,65440.0,65319.2,65375.1,0.0,-11059.1,11059.1
BTCUSDT,1785110400,2026-07-27 00:00:00+00:00,65375.2,65398.8,65153.0,65197.1,44596.22,-34232.43,78828.65
BTCUSDT,1785111300,2026-07-27 00:15:00+00:00,65197.2,65233.0,65063.9,65162.9,261912.47,0.0,261912.47
BTCUSDT,1785112200,2026-07-27 00:30:00+00:00,65163.0,65196.9,65080.2,65130.2,65.08,0.0,65.08
BTCUSDT,1785113100,2026-07-27 00:45:00+00:00,65130.1,65162.6,65033.0,65106.0,2212.27,0.0,2212.27
BTCUSDT,1785114000,2026-07-27 01:00:00+00:00,65106.1,65178.9,65015.5,65027.7,586.42,0.0,586.42
BTCUSDT,1785114900,2026-07-27 01:15:00+00:00,65027.7,65056.8,64955.3,64993.3,43744.14,0.0,43744.14
BTCUSDT,1785115800,2026-07-27 01:30:00+00:00,64993.3,65093.8,64872.0,65066.4,356889.76,-5463.84,362353.6
BTCUSDT,1785116700,2026-07-27 01:45:00+00:00,65066.5,65196.7,65049.6,65179.8,0.0,-75882.15,75882.15
BTCUSDT,1785117600,2026-07-27 02:00:00+00:00,65179.9,65194.9,65130.7,65171.8,11603.11,-3648.59,15251.7
BTCUSDT,1785118500,2026-07-27 02:15:00+00:00,65171.9,65219.7,65120.0,65156.5,0.0,-27254.47,27254.47
BTCUSDT,1785119400,2026-07-27 02:30:00+00:00,65156.6,65254.4,65088.0,65213.1,0.0,-10111.91,10111.91
BTCUSDT,1785120300,2026-07-27 02:45:00+00:00,65213.1,65239.4,65099.0,65145.7,0.0,-65.15,65.15
BTCUSDT,1785121200,2026-07-27 03:00:00+00:00,65145.6,65270.8,65143.5,65256.7,0.0,-11095.3,11095.3
BTCUSDT,1785122100,2026-07-27 03:15:00+00:00,65256.6,65315.5,65232.1,65290.7,0.0,-1501.63,1501.63
BTCUSDT,1785123000,2026-07-27 03:30:00+00:00,65290.8,65335.7,65227.5,65326.1,0.0,-130.63,130.63
BTCUSDT,1785123900,2026-07-27 03:45:00+00:00,65326.2,65344.0,65239.1,65261.5,0.0,-22868.8,22868.8
BTCUSDT,1785124800,2026-07-27 04:00:00+00:00,65261.5,65348.3,65216.7,65292.4,0.0,-21303.55,21303.55
BTCUSDT,1785125700,2026-07-27 04:15:00+00:00,65292.5,65484.6,65261.2,65294.5,0.0,-255934.07,255934.07
BTCUSDT,1785126600,2026-07-27 04:30:00+00:00,65294.5,65411.4,65216.0,65366.0,238452.38,-92921.96,331374.34
BTCUSDT,1785127500,2026-07-27 04:45:00+00:00,65366.0,65366.0,65252.7,65257.2,0.0,0.0,0.0
BTCUSDT,1785128400,2026-07-27 05:00:00+00:00,65257.2,65367.6,65251.0,65340.1,0.0,0.0,0.0
BTCUSDT,1785129300,2026-07-27 05:15:00+00:00,65340.2,65415.6,65313.7,65385.5,0.0,-980.8,980.8
BTCUSDT,1785130200,2026-07-27 05:30:00+00:00,65385.6,65400.0,65333.6,65360.4,0.0,-1176.77,1176.77
BTCUSDT,1785131100,2026-07-27 05:45:00+00:00,65360.4,65468.2,65321.2,65434.3,1374.07,-126289.97,127664.04
BTCUSDT,1785132000,2026-07-27 06:00:00+00:00,65434.2,65722.5,65423.6,65570.9,0.0,-2211706.81,2211706.81
BTCUSDT,1785132900,2026-07-27 06:15:00+00:00,65570.9,65616.2,65427.7,65464.7,117242.19,-3301467.28,3418709.47
BTCUSDT,1785133800,2026-07-27 06:30:00+00:00,65464.7,65555.0,65439.0,65502.2,0.0,-12580.41,12580.41
BTCUSDT,1785134700,2026-07-27 06:45:00+00:00,65502.1,65508.2,65377.5,65388.0,6151.95,-261.87,6413.82
BTCUSDT,1785135600,2026-07-27 07:00:00+00:00,65388.0,65418.3,65313.7,65399.1,11762.42,0.0,11762.42
BTCUSDT,1785136500,2026-07-27 07:15:00+00:00,65399.1,65421.3,65368.0,65380.8,0.0,-1896.62,1896.62
BTCUSDT,1785137400,2026-07-27 07:30:00+00:00,65380.9,65380.9,65190.0,65262.8,236438.18,0.0,236438.18
BTCUSDT,1785138300,2026-07-27 07:45:00+00:00,65262.9,65303.4,65191.3,65195.9,0.0,-261.06,261.06
BTCUSDT,1785139200,2026-07-27 08:00:00+00:00,65196.0,65227.7,65138.0,65166.6,18848.2,-1956.26,20804.46
BTCUSDT,1785140100,2026-07-27 08:15:00+00:00,65166.6,65234.0,65106.7,65209.0,46619.07,0.0,46619.07
BTCUSDT,1785141000,2026-07-27 08:30:00+00:00,65209.1,65211.1,65130.9,65132.1,27424.74,0.0,27424.74
BTCUSDT,1785141900,2026-07-27 08:45:00+00:00,65132.2,65180.0,65092.3,65133.0,3189.94,-781.69,3971.63
BTCUSDT,1785142800,2026-07-27 09:00:00+00:00,65132.9,65132.9,65066.3,65092.1,36639.18,0.0,36639.18
BTCUSDT,1785143700,2026-07-27 09:15:00+00:00,65092.1,65210.5,65092.1,65198.3,65.21,-977.98,1043.19
BTCUSDT,1785144600,2026-07-27 09:30:00+00:00,65198.2,65315.7,65176.8,65276.0,0.0,-54756.98,54756.98
BTCUSDT,1785145500,2026-07-27 09:45:00+00:00,65275.9,65281.4,65234.4,65234.4,0.0,0.0,0.0
BTCUSDT,1785146400,2026-07-27 10:00:00+00:00,65234.5,65253.0,65202.1,65228.5,0.0,0.0,0.0
BTCUSDT,1785147300,2026-07-27 10:15:00+00:00,65228.5,65369.4,65218.5,65322.8,0.0,-42027.77,42027.77
BTCUSDT,1785148200,2026-07-27 10:30:00+00:00,65322.9,65390.0,65315.0,65381.2,0.0,-3073.28,3073.28
BTCUSDT,1785149100,2026-07-27 10:45:00+00:00,65381.3,65412.8,65300.0,65314.7,3462.29,-1569.61,5031.9
BTCUSDT,1785150000,2026-07-27 11:00:00+00:00,65314.7,65314.8,65226.8,65229.9,522.18,0.0,522.18
BTCUSDT,1785150900,2026-07-27 11:15:00+00:00,65229.8,65241.8,65100.0,65100.0,110049.01,-390.92,110439.93
BTCUSDT,1785151800,2026-07-27 11:30:00+00:00,65100.1,65185.6,65092.0,65130.0,20247.32,0.0,20247.32
BTCUSDT,1785152700,2026-07-27 11:45:00+00:00,65130.1,65130.1,65061.1,65073.1,35143.94,0.0,35143.94
BTCUSDT,1785153600,2026-07-27 12:00:00+00:00,65073.1,65240.2,65041.9,65061.5,6507.86,0.0,6507.86
BTCUSDT,1785154500,2026-07-27 12:15:00+00:00,65061.6,65121.8,64976.6,64984.6,75357.85,-130.24,75488.09000000001
BTCUSDT,1785155400,2026-07-27 12:30:00+00:00,64984.6,65031.9,64811.0,65023.2,516161.74,0.0,516161.74
BTCUSDT,1785156300,2026-07-27 12:45:00+00:00,65023.2,65111.0,64992.5,65065.0,0.0,-6247.71,6247.71
BTCUSDT,1785157200,2026-07-27 13:00:00+00:00,65065.0,65099.0,64938.6,64944.5,455.37,0.0,455.37
BTCUSDT,1785158100,2026-07-27 13:15:00+00:00,64944.4,65032.0,64885.3,64922.5,5778.74,0.0,5778.74
BTCUSDT,1785159000,2026-07-27 13:30:00+00:00,64922.5,65666.6,64919.5,65637.7,32419.04,-729486.85,761905.89
BTCUSDT,1785159900,2026-07-27 13:45:00+00:00,65637.7,65689.6,65121.9,65189.4,108324.62,-126310.25,234634.87
BTCUSDT,1785160800,2026-07-27 14:00:00+00:00,65189.4,65409.3,65103.1,65330.8,484413.67,-92779.08,577192.75
BTCUSDT,1785161700,2026-07-27 14:15:00+00:00,65330.8,65368.0,64845.4,64845.4,641212.82,-12027.06,653239.88
BTCUSDT,1785162600,2026-07-27 14:30:00+00:00,64845.5,64856.9,64418.9,64445.2,7262183.55,-122992.35,7385175.899999999
BTCUSDT,1785163500,2026-07-27 14:45:00+00:00,64445.1,64681.6,64440.2,64663.4,75919.91,-19186.73,95106.64
BTCUSDT,1785164400,2026-07-27 15:00:00+00:00,64663.4,64748.7,64545.4,64698.8,1937.11,-4013.29,5950.4
BTCUSDT,1785165300,2026-07-27 15:15:00+00:00,64698.8,64750.0,64520.6,64624.3,21504.61,-220756.37,242260.98
BTCUSDT,1785166200,2026-07-27 15:30:00+00:00,64624.3,64669.8,64374.4,64546.4,259373.18,-193.82,259567.0
BTCUSDT,1785167100,2026-07-27 15:45:00+00:00,64546.4,64609.9,64500.0,64517.1,0.0,-64.59,64.59
BTCUSDT,1785168000,2026-07-27 16:00:00+00:00,64517.2,64658.3,64500.2,64586.5,0.0,-323.24,323.24
BTCUSDT,1785168900,2026-07-27 16:15:00+00:00,64586.5,64767.2,64479.0,64701.7,13931.4,0.0,13931.4
BTCUSDT,1785169800,2026-07-27 16:30:00+00:00,64701.8,64941.7,64701.7,64894.4,0.0,-170031.67,170031.67
BTCUSDT,1785170700,2026-07-27 16:45:00+00:00,64894.4,64919.8,64774.1,64871.0,0.0,-3440.12,3440.12
BTCUSDT,1785171600,2026-07-27 17:00:00+00:00,64871.0,64921.7,64761.7,64864.8,2529.41,0.0,2529.41
BTCUSDT,1785172500,2026-07-27 17:15:00+00:00,64864.8,65035.8,64848.6,64975.4,0.0,-384354.25,384354.25
BTCUSDT,1785173400,2026-07-27 17:30:00+00:00,64975.4,65069.4,64961.8,64972.7,0.0,-20816.36,20816.36
BTCUSDT,1785174300,2026-07-27 17:45:00+00:00,64972.7,65005.3,64926.2,64994.3,64.95,-129.89,194.84
BTCUSDT,1785175200,2026-07-27 18:00:00+00:00,64994.2,65034.9,64933.7,64933.7,0.0,0.0,0.0
BTCUSDT,1785176100,2026-07-27 18:15:00+00:00,64933.7,64933.8,64812.0,64895.4,11477.87,0.0,11477.87
BTCUSDT,1785177000,2026-07-27 18:30:00+00:00,64895.4,64913.0,64727.3,64815.4,116552.32,0.0,116552.32
BTCUSDT,1785177900,2026-07-27 18:45:00+00:00,64815.3,64855.5,64737.7,64854.7,1684.83,-2268.64,3953.47
BTCUSDT,1785178800,2026-07-27 19:00:00+00:00,64854.7,65000.0,64782.0,64950.0,2335.36,-1120091.36,1122426.7200000002
BTCUSDT,1785179700,2026-07-27 19:15:00+00:00,64949.9,65007.2,64901.4,64971.6,0.0,-2339.88,2339.88
BTCUSDT,1785180600,2026-07-27 19:30:00+00:00,64971.6,65056.8,64942.6,64953.2,0.0,-212485.11,212485.11
BTCUSDT,1785181500,2026-07-27 19:45:00+00:00,64953.1,64963.0,64889.3,64959.2,64.94,0.0,64.94
BTCUSDT,1785182400,2026-07-27 20:00:00+00:00,64959.2,65030.8,64913.0,64931.0,64.92,-6881.97,6946.89
BTCUSDT,1785183300,2026-07-27 20:15:00+00:00,64931.0,64992.9,64873.6,64992.8,389.44,-519.33,908.77
BTCUSDT,1785184200,2026-07-27 20:30:00+00:00,64992.8,65003.4,64921.4,64921.6,0.0,0.0,0.0
BTCUSDT,1785185100,2026-07-27 20:45:00+00:00,64921.7,64942.4,64877.1,64940.4,259.57,0.0,259.57
BTCUSDT,1785186000,2026-07-27 21:00:00+00:00,64940.3,64940.4,64868.1,64880.0,649.05,0.0,649.05
BTCUSDT,1785186900,2026-07-27 21:15:00+00:00,64880.1,64880.1,64790.2,64800.6,8234.74,-194.48,8429.22
BTCUSDT,1785187800,2026-07-27 21:30:00+00:00,64800.6,64860.6,64762.1,64798.7,4923.89,0.0,4923.89
BTCUSDT,1785188700,2026-07-27 21:45:00+00:00,64798.7,64843.9,64765.0,64790.2,38924.77,0.0,38924.77
BTCUSDT,1785189600,2026-07-27 22:00:00+00:00,64790.3,64790.3,64638.3,64700.3,789500.0,0.0,789500.0
BTCUSDT,1785190500,2026-07-27 22:15:00+00:00,64700.2,64727.2,64534.1,64574.6,16621.58,-29174.02,45795.600000000006
BTCUSDT,1785191400,2026-07-27 22:30:00+00:00,64574.6,64577.1,64063.8,64183.5,142330.12,0.0,142330.12
BTCUSDT,1785192300,2026-07-27 22:45:00+00:00,64183.5,64193.9,63755.3,63755.4,6148176.54,0.0,6148176.54
BTCUSDT,1785193200,2026-07-27 23:00:00+00:00,63755.5,63819.5,63567.0,63765.6,5258107.3,-76356.03,5334463.33
BTCUSDT,1785194100,2026-07-27 23:15:00+00:00,63765.6,63903.6,63688.2,63846.0,828.29,-7537.49,8365.779999999999
BTCUSDT,1785195000,2026-07-27 23:30:00+00:00,63845.9,63890.0,63592.6,63655.0,19246.65,-63.89,19310.54
BTCUSDT,1785195900,2026-07-27 23:45:00+00:00,63655.0,63756.9,63625.7,63720.8,0.0,-318.78,318.78
BTCUSDT,1785196800,2026-07-28 00:00:00+00:00,63720.7,63760.4,63461.2,63654.1,3181.67,0.0,3181.67
BTCUSDT,1785197700,2026-07-28 00:15:00+00:00,63654.0,63794.3,63550.4,63675.0,9538.49,-8734.91,18273.4
BTCUSDT,1785198600,2026-07-28 00:30:00+00:00,63674.9,63681.7,63532.5,63580.0,0.0,0.0,0.0
BTCUSDT,1785199500,2026-07-28 00:45:00+00:00,63579.9,63593.7,63439.1,63453.1,99159.12,0.0,99159.12
BTCUSDT,1785200400,2026-07-28 01:00:00+00:00,63453.1,63500.0,63021.0,63172.8,9136980.78,-25047.91,9162028.69
BTCUSDT,1785201300,2026-07-28 01:15:00+00:00,63172.7,63321.0,63109.0,63277.2,6124.45,0.0,6124.45
BTCUSDT,1785202200,2026-07-28 01:30:00+00:00,63277.1,63365.9,63143.1,63165.0,0.0,-23879.88,23879.88
BTCUSDT,1785203100,2026-07-28 01:45:00+00:00,63165.0,63279.9,63141.0,63195.9,378.93,0.0,378.93
BTCUSDT,1785204000,2026-07-28 02:00:00+00:00,63195.8,63255.0,63120.9,63234.2,32278.15,0.0,32278.15
BTCUSDT,1785204900,2026-07-28 02:15:00+00:00,63234.3,63269.8,63168.4,63200.2,56366.04,0.0,56366.04
BTCUSDT,1785205800,2026-07-28 02:30:00+00:00,63200.3,63210.0,63091.8,63100.0,56365.44,0.0,56365.44
BTCUSDT,1785206700,2026-07-28 02:45:00+00:00,63100.0,63171.1,63069.8,63148.2,30093.86,0.0,30093.86
BTCUSDT,1785207600,2026-07-28 03:00:00+00:00,63148.1,63261.5,63131.9,63238.3,18061.07,0.0,18061.07
BTCUSDT,1785208500,2026-07-28 03:15:00+00:00,63238.3,63310.1,63212.1,63261.4,1011.96,-106107.25,107119.21
BTCUSDT,1785209400,2026-07-28 03:30:00+00:00,63261.4,63342.8,63202.0,63319.6,0.0,-189.88,189.88
BTCUSDT,1785210300,2026-07-28 03:45:00+00:00,63319.6,63333.0,63250.0,63310.1,0.0,0.0,0.0
BTCUSDT,1785211200,2026-07-28 04:00:00+00:00,63310.0,63323.1,63250.9,63311.9,1898.86,0.0,1898.86
BTCUSDT,1785212100,2026-07-28 04:15:00+00:00,63311.9,63333.3,63258.7,63260.2,2595.47,0.0,2595.47
BTCUSDT,1785213000,2026-07-28 04:30:00+00:00,63260.1,63266.2,63187.2,63258.7,0.0,0.0,0.0
BTCUSDT,1785213900,2026-07-28 04:45:00+00:00,63258.6,63329.2,63254.9,63323.5,63.32,0.0,63.32
BTCUSDT,1785214800,2026-07-28 05:00:00+00:00,63323.5,63464.8,63294.9,63418.2,0.0,-459653.94,459653.94
BTCUSDT,1785215700,2026-07-28 05:15:00+00:00,63418.2,63588.0,63418.1,63514.3,0.0,-135253.6,135253.6
BTCUSDT,1785216600,2026-07-28 05:30:00+00:00,63514.3,63522.1,63401.1,63522.1,7291.13,-2790.22,10081.35
BTCUSDT,1785217500,2026-07-28 05:45:00+00:00,63522.1,63538.5,63417.4,63417.4,0.0,0.0,0.0
BTCUSDT,1785218400,2026-07-28 06:00:00+00:00,63417.5,63433.8,63365.4,63390.4,633.95,0.0,633.95
BTCUSDT,1785219300,2026-07-28 06:15:00+00:00,63390.3,63500.0,63390.3,63495.8,0.0,0.0,0.0
BTCUSDT,1785220200,2026-07-28 06:30:00+00:00,63495.9,63553.9,63473.4,63542.9,0.0,-6985.91,6985.91
BTCUSDT,1785221100,2026-07-28 06:45:00+00:00,63542.8,63642.2,63510.5,63609.4,0.0,-32564.09,32564.09
BTCUSDT,1785222000,2026-07-28 07:00:00+00:00,63609.4,63635.4,63516.6,63554.4,0.0,-3498.86,3498.86
BTCUSDT,1785222900,2026-07-28 07:15:00+00:00,63554.3,63565.8,63486.6,63542.9,0.0,0.0,0.0
BTCUSDT,1785223800,2026-07-28 07:30:00+00:00,63542.9,63548.4,63448.4,63453.5,0.0,0.0,0.0
BTCUSDT,1785224700,2026-07-28 07:45:00+00:00,63453.5,63497.6,63421.0,63476.8,380.62,0.0,380.62
BTCUSDT,1785225600,2026-07-28 08:00:00+00:00,63476.8,63513.9,63404.7,63404.8,507.28,-63.43,570.7099999999999
BTCUSDT,1785226500,2026-07-28 08:15:00+00:00,63404.8,63465.4,63402.1,63450.4,1458.29,0.0,1458.29
BTCUSDT,1785227400,2026-07-28 08:30:00+00:00,63450.4,63490.0,63380.8,63471.6,16733.8,0.0,16733.8
BTCUSDT,1785228300,2026-07-28 08:45:00+00:00,63471.5,63484.8,63370.1,63401.7,824.03,-888.68,1712.71
BTCUSDT,1785229200,2026-07-28 09:00:00+00:00,63401.6,63437.8,63360.5,63399.7,760.94,-3805.08,4566.02
BTCUSDT,1785230100,2026-07-28 09:15:00+00:00,63399.7,63470.1,63382.8,63466.8,2220.3,0.0,2220.3
BTCUSDT,1785231000,2026-07-28 09:30:00+00:00,63466.8,63557.0,63449.4,63487.7,0.0,-80449.92,80449.92
BTCUSDT,1785231900,2026-07-28 09:45:00+00:00,63487.7,63528.5,63337.7,63367.8,95799.23,0.0,95799.23
BTCUSDT,1785232800,2026-07-28 10:00:00+00:00,63367.8,63384.9,63292.7,63320.0,80338.99,0.0,80338.99
BTCUSDT,1785233700,2026-07-28 10:15:00+00:00,63319.9,63407.9,63263.5,63354.9,316.67,-2282.05,2598.7200000000003
BTCUSDT,1785234600,2026-07-28 10:30:00+00:00,63355.0,63501.0,63335.0,63500.6,63.45,-14592.56,14656.01
BTCUSDT,1785235500,2026-07-28 10:45:00+00:00,63500.6,63532.1,63438.0,63439.6,0.0,-2921.73,2921.73
BTCUSDT,1785236400,2026-07-28 11:00:00+00:00,63439.6,63481.1,63335.3,63335.6,50997.34,-5073.77,56071.11
BTCUSDT,1785237300,2026-07-28 11:15:00+00:00,63335.6,63569.0,63322.6,63427.5,6270.01,-60207.97,66477.98
BTCUSDT,1785238200,2026-07-28 11:30:00+00:00,63427.4,63558.4,63336.7,63376.0,15201.53,0.0,15201.53
BTCUSDT,1785239100,2026-07-28 11:45:00+00:00,63375.9,63487.8,63367.7,63430.8,570.99,-4568.15,5139.139999999999
BTCUSDT,1785240000,2026-07-28 12:00:00+00:00,63430.7,63510.7,63401.1,63415.6,8124.11,-4890.28,13014.39
BTCUSDT,1785240900,2026-07-28 12:15:00+00:00,63415.5,63487.0,63397.0,63401.6,5073.17,0.0,5073.17
BTCUSDT,1785241800,2026-07-28 12:30:00+00:00,63401.7,63456.1,63355.4,63450.0,63.39,0.0,63.39
BTCUSDT,1785242700,2026-07-28 12:45:00+00:00,63450.0,63548.8,63405.0,63520.1,127.05,-14354.47,14481.52
BTCUSDT,1785243600,2026-07-28 13:00:00+00:00,63520.1,63568.6,63449.9,63479.7,0.0,-2860.43,2860.43
BTCUSDT,1785244500,2026-07-28 13:15:00+00:00,63479.7,63479.7,63277.0,63282.6,35008.5,0.0,35008.5
BTCUSDT,1785245400,2026-07-28 13:30:00+00:00,63282.6,63366.4,62815.0,62966.1,3587800.75,-58218.15,3646018.9
BTCUSDT,1785246300,2026-07-28 13:45:00+00:00,62966.1,63098.3,62660.1,63078.9,1736770.25,-73383.5,1810153.75
BTCUSDT,1785247200,2026-07-28 14:00:00+00:00,63078.8,63281.6,63078.8,63128.5,17182.15,-83885.56,101067.71
BTCUSDT,1785248100,2026-07-28 14:15:00+00:00,63128.4,63220.0,62937.0,63158.2,128397.24,-120527.2,248924.44
BTCUSDT,1785249000,2026-07-28 14:30:00+00:00,63158.2,63398.0,63125.4,63327.2,0.0,-1252444.43,1252444.43
BTCUSDT,1785249900,2026-07-28 14:45:00+00:00,63327.3,63521.0,63290.2,63384.1,0.0,-159264.26,159264.26
BTCUSDT,1785250800,2026-07-28 15:00:00+00:00,63384.0,63472.0,63231.9,63432.5,10638.54,-17823.97,28462.51
BTCUSDT,1785251700,2026-07-28 15:15:00+00:00,63432.4,63949.9,63340.6,63722.3,701.92,-1211500.53,1212202.45
BTCUSDT,1785252600,2026-07-28 15:30:00+00:00,63722.3,63919.8,63667.1,63841.2,0.0,-43441.27,43441.27
BTCUSDT,1785253500,2026-07-28 15:45:00+00:00,63841.1,64014.2,63767.0,63899.4,0.0,-238196.75,238196.75
BTCUSDT,1785254400,2026-07-28 16:00:00+00:00,63899.5,63912.3,63780.0,63791.9,7474.8,-4982.4,12457.2
BTCUSDT,1785255300,2026-07-28 16:15:00+00:00,63791.9,63930.0,63768.0,63809.6,0.0,-26399.46,26399.46
BTCUSDT,1785256200,2026-07-28 16:30:00+00:00,63809.6,63920.0,63746.4,63889.8,9243.87,-1532.21,10776.080000000002
BTCUSDT,1785257100,2026-07-28 16:45:00+00:00,63889.8,64084.5,63840.3,64020.0,0.0,-249608.5,249608.5
BTCUSDT,1785258000,2026-07-28 17:00:00+00:00,64019.9,64020.0,63769.4,63782.9,6769.38,0.0,6769.38
BTCUSDT,1785258900,2026-07-28 17:15:00+00:00,63782.9,63813.3,63675.0,63710.0,175868.32,0.0,175868.32
BTCUSDT,1785259800,2026-07-28 17:30:00+00:00,63710.0,63710.1,63477.2,63538.3,563549.46,0.0,563549.46
BTCUSDT,1785260700,2026-07-28 17:45:00+00:00,63538.3,63666.3,63537.7,63666.0,890.31,-1336.78,2227.09
BTCUSDT,1785261600,2026-07-28 18:00:00+00:00,63666.0,63824.0,63654.6,63670.7,0.0,-53507.46,53507.46
BTCUSDT,1785262500,2026-07-28 18:15:00+00:00,63670.8,63720.4,63651.7,63679.5,0.0,0.0,0.0
BTCUSDT,1785263400,2026-07-28 18:30:00+00:00,63679.4,63753.3,63646.6,63730.9,1019.62,0.0,1019.62
BTCUSDT,1785264300,2026-07-28 18:45:00+00:00,63731.0,63780.0,63664.0,63710.8,0.0,0.0,0.0
BTCUSDT,1785265200,2026-07-28 19:00:00+00:00,63710.8,63837.6,63710.8,63739.3,0.0,-37725.36,37725.36
BTCUSDT,1785266100,2026-07-28 19:15:00+00:00,63739.3,63775.2,63699.8,63728.5,3058.56,0.0,3058.56
BTCUSDT,1785267000,2026-07-28 19:30:00+00:00,63728.6,63857.8,63663.3,63676.7,0.0,-21826.54,21826.54
BTCUSDT,1785267900,2026-07-28 19:45:00+00:00,63676.7,63882.4,63650.1,63882.4,0.0,-5806.43,5806.43
BTCUSDT,1785268800,2026-07-28 20:00:00+00:00,63882.4,63972.6,63850.4,63960.7,0.0,-65846.18,65846.18
BTCUSDT,1785269700,2026-07-28 20:15:00+00:00,63960.7,63993.2,63869.9,63880.0,0.0,-7677.62,7677.62
BTCUSDT,1785270600,2026-07-28 20:30:00+00:00,63880.0,63918.7,63853.4,63906.1,638.65,-4153.5,4792.15
BTCUSDT,1785271500,2026-07-28 20:45:00+00:00,63906.1,63920.1,63873.4,63890.8,0.0,-767.02,767.02
BTCUSDT,1785272400,2026-07-28 21:00:00+00:00,63890.7,63971.0,63887.4,63895.1,0.0,0.0,0.0
BTCUSDT,1785273300,2026-07-28 21:15:00+00:00,63895.1,63908.7,63863.8,63894.2,255.54,0.0,255.54
BTCUSDT,1785274200,2026-07-28 21:30:00+00:00,63894.2,64042.1,63878.6,64009.9,191.97,-61783.91,61975.880000000005
BTCUSDT,1785275100,2026-07-28 21:45:00+00:00,64010.0,64047.9,63943.6,63950.1,0.0,-57627.72,57627.72
BTCUSDT,1785276000,2026-07-28 22:00:00+00:00,63950.1,63994.6,63885.9,63969.0,0.0,-2239.38,2239.38
BTCUSDT,1785276900,2026-07-28 22:15:00+00:00,63969.0,64000.0,63893.4,63893.4,0.0,-5628.51,5628.51
BTCUSDT,1785277800,2026-07-28 22:30:00+00:00,63893.4,63893.4,63833.7,63852.9,4788.36,0.0,4788.36
BTCUSDT,1785278700,2026-07-28 22:45:00+00:00,63852.9,63852.9,63739.8,63754.6,102169.91,-181291.03,283460.94
BTCUSDT,1785279600,2026-07-28 23:00:00+00:00,63754.6,63766.4,63575.1,63599.8,268910.6,-382.32,269292.92
BTCUSDT,1785280500,2026-07-28 23:15:00+00:00,63599.8,63636.1,63526.0,63607.5,420938.35,0.0,420938.35
BTCUSDT,1785281400,2026-07-28 23:30:00+00:00,63607.6,63826.4,63607.5,63814.5,0.0,-892.73,892.73
BTCUSDT,1785282300,2026-07-28 23:45:00+00:00,63814.5,63934.3,63792.1,63903.6,0.0,-16853.68,16853.68
BTCUSDT,1785283200,2026-07-29 00:00:00+00:00,63903.6,64175.0,63901.4,63987.2,0.0,-185923.84,185923.84
BTCUSDT,1785284100,2026-07-29 00:15:00+00:00,63987.2,64066.0,63922.9,63986.5,63.94,0.0,63.94
BTCUSDT,1785285000,2026-07-29 00:30:00+00:00,63986.5,64077.9,63846.0,64059.9,1851.99,-30665.45,32517.44
BTCUSDT,1785285900,2026-07-29 00:45:00+00:00,64060.0,64169.4,63905.6,63927.5,0.0,-109975.79,109975.79
BTCUSDT,1785286800,2026-07-29 01:00:00+00:00,63927.5,63978.7,63770.6,63795.2,4727.47,-127.91,4855.38
BTCUSDT,1785287700,2026-07-29 01:15:00+00:00,63795.3,63924.0,63747.0,63890.8,1020.62,0.0,1020.62
BTCUSDT,1785288600,2026-07-29 01:30:00+00:00,63890.7,63916.6,63762.4,63786.1,63.77,-3956.7,4020.47
BTCUSDT,1785289500,2026-07-29 01:45:00+00:00,63786.1,63811.8,63657.8,63682.5,54928.7,-191.17,55119.87
BTCUSDT,1785290400,2026-07-29 02:00:00+00:00,63682.4,63849.2,63630.0,63812.2,204914.62,-7391.82,212306.44
BTCUSDT,1785291300,2026-07-29 02:15:00+00:00,63812.3,64002.1,63662.8,64002.1,1146.62,-4852.03,5998.65
BTCUSDT,1785292200,2026-07-29 02:30:00+00:00,64002.1,64110.5,63925.3,64003.4,2688.31,-101025.93,103714.24
BTCUSDT,1785293100,2026-07-29 02:45:00+00:00,64003.5,64022.8,63891.6,63955.0,1598.69,0.0,1598.69
BTCUSDT,1785294000,2026-07-29 03:00:00+00:00,63955.0,63984.7,63819.0,63913.3,18258.65,0.0,18258.65
BTCUSDT,1785294900,2026-07-29 03:15:00+00:00,63913.3,63947.1,63759.1,63773.5,383.34,-703.06,1086.4
BTCUSDT,1785295800,2026-07-29 03:30:00+00:00,63773.5,63854.2,63684.7,63749.1,74556.73,-89411.6,163968.33000000002
BTCUSDT,1785296700,2026-07-29 03:45:00+00:00,63749.4,63780.0,63687.0,63727.0,99577.8,-1083.3,100661.1
BTCUSDT,1785297600,2026-07-29 04:00:00+00:00,63727.0,63748.9,63569.5,63719.6,636787.23,-19288.82,656076.0499999999
BTCUSDT,1785298500,2026-07-29 04:15:00+00:00,63719.6,63813.4,63606.1,63785.2,832670.45,-72330.72,905001.17
BTCUSDT,1785299400,2026-07-29 04:30:00+00:00,63785.2,63935.3,63753.3,63841.1,637.87,-52849.94,53487.810000000005
BTCUSDT,1785300300,2026-07-29 04:45:00+00:00,63841.0,63950.0,63821.0,63944.2,0.0,-1406.87,1406.87
BTCUSDT,1785301200,2026-07-29 05:00:00+00:00,63944.3,63999.0,63906.6,63975.1,9336.11,-1983.7,11319.81
BTCUSDT,1785302100,2026-07-29 05:15:00+00:00,63975.1,63975.2,63866.4,63928.2,0.0,0.0,0.0
BTCUSDT,1785303000,2026-07-29 05:30:00+00:00,63928.2,64025.0,63894.0,63994.3,0.0,-48771.11,48771.11
BTCUSDT,1785303900,2026-07-29 05:45:00+00:00,63994.4,64071.1,63984.7,64045.3,0.0,-72129.4,72129.4
BTCUSDT,1785304800,2026-07-29 06:00:00+00:00,64045.3,64126.2,64004.7,64098.7,3522.75,-16736.64,20259.39
BTCUSDT,1785305700,2026-07-29 06:15:00+00:00,64098.7,64385.0,64070.3,64379.8,384.48,-1793054.58,1793439.06
BTCUSDT,1785306600,2026-07-29 06:30:00+00:00,64379.7,64444.0,64360.1,64439.4,0.0,-212848.45,212848.45
BTCUSDT,1785307500,2026-07-29 06:45:00+00:00,64439.5,64439.5,64367.7,64407.7,0.0,-20803.88,20803.88
BTCUSDT,1785308400,2026-07-29 07:00:00+00:00,64407.8,64465.2,64376.1,64435.9,0.0,-1031.01,1031.01
BTCUSDT,1785309300,2026-07-29 07:15:00+00:00,64435.9,64483.9,64404.0,64481.9,0.0,-69828.84,69828.84
BTCUSDT,1785310200,2026-07-29 07:30:00+00:00,64481.8,64490.0,64411.9,64468.6,128.84,-14832.24,14961.08
BTCUSDT,1785311100,2026-07-29 07:45:00+00:00,64468.7,64544.0,64428.6,64539.0,0.0,-386.89,386.89
BTCUSDT,1785312000,2026-07-29 08:00:00+00:00,64539.1,64556.6,64327.9,64342.2,1094.87,-5938.99,7033.86
BTCUSDT,1785312900,2026-07-29 08:15:00+00:00,64342.3,64375.3,64258.3,64275.6,707.43,0.0,707.43
BTCUSDT,1785313800,2026-07-29 08:30:00+00:00,64275.6,64402.5,64251.0,64402.5,0.0,0.0,0.0
BTCUSDT,1785314700,2026-07-29 08:45:00+00:00,64402.4,64497.0,64366.6,64391.2,0.0,-48068.06,48068.06
BTCUSDT,1785315600,2026-07-29 09:00:00+00:00,64391.2,64440.0,64353.2,64430.1,0.0,0.0,0.0
BTCUSDT,1785316500,2026-07-29 09:15:00+00:00,64430.2,64450.0,64397.1,64435.7,837.66,-3221.78,4059.44
BTCUSDT,1785317400,2026-07-29 09:30:00+00:00,64435.8,64676.9,64435.8,64572.5,0.0,-129886.32,129886.32
BTCUSDT,1785318300,2026-07-29 09:45:00+00:00,64572.5,64715.9,64482.8,64660.7,0.0,-222261.87,222261.87
BTCUSDT,1785319200,2026-07-29 10:00:00+00:00,64660.8,64680.0,64590.9,64634.7,0.0,-517.41,517.41
BTCUSDT,1785320100,2026-07-29 10:15:00+00:00,64634.7,64691.4,64580.6,64593.7,0.0,0.0,0.0
BTCUSDT,1785321000,2026-07-29 10:30:00+00:00,64593.7,64650.0,64534.7,64636.0,0.0,-390055.39,390055.39
BTCUSDT,1785321900,2026-07-29 10:45:00+00:00,64635.9,64636.0,64381.2,64444.0,29382.7,0.0,29382.7
BTCUSDT,1785322800,2026-07-29 11:00:00+00:00,64444.0,64514.5,64408.8,64490.0,0.0,0.0,0.0
BTCUSDT,1785323700,2026-07-29 11:15:00+00:00,64490.0,64565.2,64445.3,64461.1,0.0,-17366.61,17366.61
BTCUSDT,1785324600,2026-07-29 11:30:00+00:00,64461.2,64469.0,64390.4,64391.0,0.0,-128.78,128.78
BTCUSDT,1785325500,2026-07-29 11:45:00+00:00,64391.0,64480.0,64388.0,64480.0,0.0,-11410.64,11410.64
BTCUSDT,1785326400,2026-07-29 12:00:00+00:00,64479.9,64480.0,64400.0,64422.8,0.0,0.0,0.0
BTCUSDT,1785327300,2026-07-29 12:15:00+00:00,64422.8,64422.8,64243.9,64304.6,121249.51,0.0,121249.51
BTCUSDT,1785328200,2026-07-29 12:30:00+00:00,64304.7,64355.5,64250.1,64305.1,0.0,0.0,0.0
BTCUSDT,1785329100,2026-07-29 12:45:00+00:00,64305.1,64313.6,64175.4,64248.2,60420.56,0.0,60420.56
BTCUSDT,1785330000,2026-07-29 13:00:00+00:00,64248.2,64305.7,64190.0,64298.6,9505.4,0.0,9505.4
BTCUSDT,1785330900,2026-07-29 13:15:00+00:00,64298.6,64305.5,64113.6,64177.7,69146.8,0.0,69146.8
BTCUSDT,1785331800,2026-07-29 13:30:00+00:00,64177.6,64467.8,64114.7,64444.4,1795.59,-192959.55,194755.14
BTCUSDT,1785332700,2026-07-29 13:45:00+00:00,64444.3,64639.9,64281.4,64634.6,14231.22,-678454.03,692685.25
BTCUSDT,1785333600,2026-07-29 14:00:00+00:00,64634.6,64688.0,64203.0,64236.4,350313.84,-206820.49,557134.3300000001
BTCUSDT,1785334500,2026-07-29 14:15:00+00:00,64236.4,64375.3,64091.2,64171.9,31300.57,0.0,31300.57
BTCUSDT,1785335400,2026-07-29 14:30:00+00:00,64171.4,64282.7,64019.0,64071.8,97618.3,-512.57,98130.87
BTCUSDT,1785336300,2026-07-29 14:45:00+00:00,64071.9,64232.4,64026.1,64078.1,0.0,-13100.48,13100.48
BTCUSDT,1785337200,2026-07-29 15:00:00+00:00,64078.2,64170.7,64034.1,64106.5,14291.63,0.0,14291.63
BTCUSDT,1785338100,2026-07-29 15:15:00+00:00,64106.6,64137.0,63940.0,64071.1,303011.63,0.0,303011.63
BTCUSDT,1785339000,2026-07-29 15:30:00+00:00,64071.0,64163.4,63946.4,63958.2,1343.1,-2244.41,3587.51
BTCUSDT,1785339900,2026-07-29 15:45:00+00:00,63958.1,64025.6,63857.4,63940.2,134090.43,0.0,134090.43
BTCUSDT,1785340800,2026-07-29 16:00:00+00:00,63940.2,63985.8,63873.1,63927.8,14003.45,0.0,14003.45
BTCUSDT,1785341700,2026-07-29 16:15:00+00:00,63927.8,64131.9,63891.3,63998.6,127.98,-191393.68,191521.66
BTCUSDT,1785342600,2026-07-29 16:30:00+00:00,63998.5,64054.0,63600.0,63669.1,757721.4,-3586.3,761307.7000000001
BTCUSDT,1785343500,2026-07-29 16:45:00+00:00,63669.2,63811.6,63630.0,63786.6,8854.06,-3061.68,11915.74
BTCUSDT,1785344400,2026-07-29 17:00:00+00:00,63786.6,63854.7,63680.1,63849.9,10211.57,-63.76,10275.33
BTCUSDT,1785345300,2026-07-29 17:15:00+00:00,63849.9,63850.0,63723.4,63738.2,0.0,0.0,0.0
BTCUSDT,1785346200,2026-07-29 17:30:00+00:00,63738.2,63957.8,63710.5,63942.3,0.0,-1469.01,1469.01
BTCUSDT,1785347100,2026-07-29 17:45:00+00:00,63942.2,64287.3,63905.7,64247.5,0.0,-955564.25,955564.25
BTCUSDT,1785348000,2026-07-29 18:00:00+00:00,64247.4,64703.9,64227.9,64313.7,4373.95,-816741.89,821115.84
BTCUSDT,1785348900,2026-07-29 18:15:00+00:00,64313.7,64370.0,63956.6,64071.9,199890.91,0.0,199890.91
BTCUSDT,1785349800,2026-07-29 18:30:00+00:00,64072.0,64433.4,63742.9,64381.0,830528.74,-329809.45,1160338.19
BTCUSDT,1785350700,2026-07-29 18:45:00+00:00,64380.9,64620.0,64325.5,64484.5,0.0,-216389.94,216389.94
BTCUSDT,1785351600,2026-07-29 19:00:00+00:00,64484.4,64575.7,64151.0,64259.0,409419.65,0.0,409419.65
BTCUSDT,1785352500,2026-07-29 19:15:00+00:00,64259.0,64393.9,63931.8,64013.3,434373.6,-21560.33,455933.93
BTCUSDT,1785353400,2026-07-29 19:30:00+00:00,64013.1,64095.7,63820.2,63853.6,12009.97,-5110.59,17120.559999999998
BTCUSDT,1785354300,2026-07-29 19:45:00+00:00,63853.5,63882.1,63483.9,63564.1,3722200.89,-1401.38,3723602.27
BTCUSDT,1785355200,2026-07-29 20:00:00+00:00,63564.0,63623.8,63336.0,63585.4,568745.68,-22864.87,591610.55
BTCUSDT,1785356100,2026-07-29 20:15:00+00:00,63585.5,63701.3,63371.6,63500.0,0.0,-30945.14,30945.14
BTCUSDT,1785357000,2026-07-29 20:30:00+00:00,63500.1,63721.0,63470.4,63562.2,0.0,-30213.33,30213.33
BTCUSDT,1785357900,2026-07-29 20:45:00+00:00,63562.2,63584.0,63445.0,63487.9,7169.93,0.0,7169.93
BTCUSDT,1785358800,2026-07-29 21:00:00+00:00,63487.8,63500.1,63234.0,63459.3,1561993.57,-20112.76,1582106.33
BTCUSDT,1785359700,2026-07-29 21:15:00+00:00,63459.3,63549.6,63339.6,63539.5,3614.28,-20142.91,23757.19
BTCUSDT,1785360600,2026-07-29 21:30:00+00:00,63539.6,63611.0,63504.9,63531.2,24099.53,-3561.05,27660.58
BTCUSDT,1785361500,2026-07-29 21:45:00+00:00,63531.2,63831.8,63500.6,63831.1,63.58,-120536.75,120600.33
BTCUSDT,1785362400,2026-07-29 22:00:00+00:00,63831.2,64082.8,63831.1,63990.1,63.98,-334913.5,334977.48
BTCUSDT,1785363300,2026-07-29 22:15:00+00:00,63990.1,64108.4,63948.2,64016.6,0.0,-5705.27,5705.27
BTCUSDT,1785364200,2026-07-29 22:30:00+00:00,64016.5,64033.2,63893.0,63983.4,127.87,0.0,127.87
BTCUSDT,1785365100,2026-07-29 22:45:00+00:00,63983.4,64000.0,63881.3,63916.9,0.0,0.0,0.0
BTCUSDT,1785366000,2026-07-29 23:00:00+00:00,63916.9,63965.2,63868.0,63896.1,0.0,0.0,0.0
BTCUSDT,1785366900,2026-07-29 23:15:00+00:00,63896.2,64044.4,63891.9,63980.9,0.0,-2882.0,2882.0
BTCUSDT,1785367800,2026-07-29 23:30:00+00:00,63980.9,64009.6,63890.6,63982.4,1344.18,0.0,1344.18
BTCUSDT,1785368700,2026-07-29 23:45:00+00:00,63982.4,64036.8,63921.3,63958.9,63.95,0.0,63.95
BTCUSDT,1785369600,2026-07-30 00:00:00+00:00,63958.9,64074.0,63955.9,64007.6,447.83,-319.89,767.72
BTCUSDT,1785370500,2026-07-30 00:15:00+00:00,64007.7,64098.2,63933.0,63979.8,1601.21,-50557.26,52158.47
BTCUSDT,1785371400,2026-07-30 00:30:00+00:00,63979.8,63987.0,63669.6,63669.7,69600.95,0.0,69600.95
BTCUSDT,1785372300,2026-07-30 00:45:00+00:00,63669.6,63730.7,63576.4,63673.7,116525.28,0.0,116525.28
BTCUSDT,1785373200,2026-07-30 01:00:00+00:00,63673.7,63858.0,63663.2,63677.6,0.0,-36514.23,36514.23
BTCUSDT,1785374100,2026-07-30 01:15:00+00:00,63677.7,63820.0,63662.6,63810.8,0.0,0.0,0.0
BTCUSDT,1785375000,2026-07-30 01:30:00+00:00,63810.8,64049.9,63810.8,64034.1,0.0,-74463.6,74463.6
BTCUSDT,1785375900,2026-07-30 01:45:00+00:00,64034.1,64355.9,64015.6,64245.3,0.0,-533524.51,533524.51
BTCUSDT,1785376800,2026-07-30 02:00:00+00:00,64245.2,64373.6,64212.4,64302.6,0.0,-10615.64,10615.64
BTCUSDT,1785377700,2026-07-30 02:15:00+00:00,64302.5,64393.0,64272.1,64327.2,0.0,-7340.38,7340.38
BTCUSDT,1785378600,2026-07-30 02:30:00+00:00,64327.2,64332.2,64189.5,64296.2,15361.19,0.0,15361.19
BTCUSDT,1785379500,2026-07-30 02:45:00+00:00,64296.2,64296.2,64139.0,64163.7,9945.14,0.0,9945.14
BTCUSDT,1785380400,2026-07-30 03:00:00+00:00,64163.6,64246.5,64109.0,64173.9,192.72,-128.33,321.05
BTCUSDT,1785381300,2026-07-30 03:15:00+00:00,64173.9,64282.8,64165.5,64243.7,0.0,-128.36,128.36
BTCUSDT,1785382200,2026-07-30 03:30:00+00:00,64243.7,64243.7,64113.5,64134.7,64.18,0.0,64.18
BTCUSDT,1785383100,2026-07-30 03:45:00+00:00,64134.8,64198.4,64129.0,64134.0,0.0,0.0,0.0
BTCUSDT,1785384000,2026-07-30 04:00:00+00:00,64134.0,64152.3,64075.0,64100.4,320.51,0.0,320.51
BTCUSDT,1785384900,2026-07-30 04:15:00+00:00,64100.4,64110.6,64065.1,64075.6,0.0,0.0,0.0
BTCUSDT,1785385800,2026-07-30 04:30:00+00:00,64075.5,64135.6,64028.1,64069.9,1345.08,0.0,1345.08
BTCUSDT,1785386700,2026-07-30 04:45:00+00:00,64069.9,64121.9,63980.0,63998.5,115641.09,0.0,115641.09
BTCUSDT,1785387600,2026-07-30 05:00:00+00:00,63998.6,64016.2,63907.2,63956.8,149560.88,0.0,149560.88
BTCUSDT,1785388500,2026-07-30 05:15:00+00:00,63956.8,63989.1,63881.0,63984.8,175877.96,0.0,175877.96
BTCUSDT,1785389400,2026-07-30 05:30:00+00:00,63984.8,64156.4,63972.0,64093.5,128.2,-17311.84,17440.04
BTCUSDT,1785390300,2026-07-30 05:45:00+00:00,64093.5,64132.7,63970.1,64013.6,128.0,0.0,128.0
BTCUSDT,1785391200,2026-07-30 06:00:00+00:00,64013.5,64054.3,63954.9,63970.7,0.0,0.0,0.0
BTCUSDT,1785392100,2026-07-30 06:15:00+00:00,63970.6,64054.8,63939.7,64054.7,0.0,0.0,0.0
BTCUSDT,1785393000,2026-07-30 06:30:00+00:00,64054.8,64054.8,63947.1,63983.1,0.0,-1857.28,1857.28
BTCUSDT,1785393900,2026-07-30 06:45:00+00:00,63983.1,63997.8,63930.0,63974.6,0.0,-63.96,63.96
BTCUSDT,1785394800,2026-07-30 07:00:00+00:00,63974.6,64121.9,63966.3,64032.8,4224.09,-74372.15,78596.23999999999
BTCUSDT,1785395700,2026-07-30 07:15:00+00:00,64032.8,64120.0,63961.3,64037.7,0.0,0.0,0.0
BTCUSDT,1785396600,2026-07-30 07:30:00+00:00,64037.7,64042.7,63913.6,64014.7,46439.32,-1598.71,48038.03
BTCUSDT,1785397500,2026-07-30 07:45:00+00:00,64014.6,64014.8,63952.6,63981.9,959.52,-255.92,1215.44
BTCUSDT,1785398400,2026-07-30 08:00:00+00:00,63981.8,64043.1,63950.0,63978.1,0.0,-127.94,127.94
BTCUSDT,1785399300,2026-07-30 08:15:00+00:00,63978.1,64326.4,63953.0,64240.1,0.0,-130851.62,130851.62
BTCUSDT,1785400200,2026-07-30 08:30:00+00:00,64240.1,64324.0,64205.1,64323.1,0.0,-4049.64,4049.64
BTCUSDT,1785401100,2026-07-30 08:45:00+00:00,64323.1,64334.6,64261.0,64280.4,0.0,-10035.78,10035.78
BTCUSDT,1785402000,2026-07-30 09:00:00+00:00,64280.4,64394.9,64257.1,64383.2,0.0,-9333.25,9333.25
BTCUSDT,1785402900,2026-07-30 09:15:00+00:00,64383.1,64508.7,64362.4,64469.7,0.0,-50390.29,50390.29
BTCUSDT,1785403800,2026-07-30 09:30:00+00:00,64469.8,64618.1,64469.7,64571.8,0.0,-149159.83,149159.83
BTCUSDT,1785404700,2026-07-30 09:45:00+00:00,64571.7,64616.8,64550.0,64550.0,3359.05,-15764.18,19123.23
BTCUSDT,1785405600,2026-07-30 10:00:00+00:00,64550.0,64610.0,64543.8,64549.0,0.0,-129.16,129.16
BTCUSDT,1785406500,2026-07-30 10:15:00+00:00,64548.9,64612.5,64544.3,64600.7,0.0,0.0,0.0
BTCUSDT,1785407400,2026-07-30 10:30:00+00:00,64600.8,64604.5,64538.2,64591.4,0.0,-12463.98,12463.98
BTCUSDT,1785408300,2026-07-30 10:45:00+00:00,64591.4,64596.0,64545.5,64548.9,0.0,-7488.88,7488.88
BTCUSDT,1785409200,2026-07-30 11:00:00+00:00,64548.9,64605.0,64515.1,64581.4,64.55,-3161.73,3226.28
BTCUSDT,1785410100,2026-07-30 11:15:00+00:00,64581.4,64646.4,64545.3,64553.7,0.0,-37940.07,37940.07
BTCUSDT,1785411000,2026-07-30 11:30:00+00:00,64553.8,64695.8,64521.3,64638.3,0.0,-101225.95,101225.95
BTCUSDT,1785411900,2026-07-30 11:45:00+00:00,64638.3,64870.0,64623.6,64766.8,258.54,-1422134.25,1422392.79
BTCUSDT,1785412800,2026-07-30 12:00:00+00:00,64766.9,65015.6,64765.6,64960.6,0.0,-34832.58,34832.58
BTCUSDT,1785413700,2026-07-30 12:15:00+00:00,64960.7,65000.0,64834.6,64854.8,0.0,-48941.24,48941.24
BTCUSDT,1785414600,2026-07-30 12:30:00+00:00,64854.8,64922.9,64810.5,64810.7,0.0,-324.14,324.14
BTCUSDT,1785415500,2026-07-30 12:45:00+00:00,64810.7,64917.4,64810.7,64892.6,583.78,0.0,583.78
BTCUSDT,1785416400,2026-07-30 13:00:00+00:00,64892.7,64937.9,64799.6,64817.8,64.85,0.0,64.85
BTCUSDT,1785417300,2026-07-30 13:15:00+00:00,64817.7,64856.7,64785.2,64809.9,0.0,0.0,0.0
BTCUSDT,1785418200,2026-07-30 13:30:00+00:00,64809.8,64996.9,64663.0,64991.1,27846.19,-259.13,28105.32
BTCUSDT,1785419100,2026-07-30 13:45:00+00:00,64991.2,65157.0,64960.2,64995.9,0.0,-1559544.82,1559544.82
BTCUSDT,1785420000,2026-07-30 14:00:00+00:00,64995.8,65015.3,64687.6,64701.1,193701.92,-519.78,194221.7
BTCUSDT,1785420900,2026-07-30 14:15:00+00:00,64701.0,64828.7,64588.4,64751.1,39947.49,-4469.12,44416.61
BTCUSDT,1785421800,2026-07-30 14:30:00+00:00,64751.0,64836.2,64700.0,64773.5,712.07,-4473.04,5185.11
BTCUSDT,1785422700,2026-07-30 14:45:00+00:00,64773.4,64818.5,64603.3,64649.0,183818.33,-5570.88,189389.21
BTCUSDT,1785423600,2026-07-30 15:00:00+00:00,64649.1,64798.5,64571.4,64692.3,4326.89,-65800.26,70127.15
BTCUSDT,1785424500,2026-07-30 15:15:00+00:00,64692.4,64861.4,64654.0,64654.8,202216.63,-61426.32,263642.95
BTCUSDT,1785425400,2026-07-30 15:30:00+00:00,64654.7,64749.5,64600.2,64730.8,581.58,-582.75,1164.33
BTCUSDT,1785426300,2026-07-30 15:45:00+00:00,64730.9,64769.8,64659.1,64694.2,0.0,-5239.49,5239.49
BTCUSDT,1785427200,2026-07-30 16:00:00+00:00,64694.2,64933.0,64694.2,64899.5,9011.79,-142712.86,151724.65
BTCUSDT,1785428100,2026-07-30 16:15:00+00:00,64899.6,64921.8,64809.4,64851.9,0.0,0.0,0.0
BTCUSDT,1785429000,2026-07-30 16:30:00+00:00,64852.0,64870.0,64732.5,64741.0,0.0,-648.47,648.47
BTCUSDT,1785429900,2026-07-30 16:45:00+00:00,64741.0,64817.9,64741.0,64785.1,0.0,-194.39,194.39
BTCUSDT,1785430800,2026-07-30 17:00:00+00:00,64785.1,64840.0,64738.1,64770.6,648.08,-194.49,842.57
BTCUSDT,1785431700,2026-07-30 17:15:00+00:00,64770.7,64931.8,64758.0,64911.7,3114.23,-20773.34,23887.57
BTCUSDT,1785432600,2026-07-30 17:30:00+00:00,64911.7,64957.2,64790.3,64919.6,0.0,-96189.38,96189.38
BTCUSDT,1785433500,2026-07-30 17:45:00+00:00,64919.6,64920.0,64822.2,64842.4,0.0,0.0,0.0
BTCUSDT,1785434400,2026-07-30 18:00:00+00:00,64842.4,64871.1,64788.4,64791.0,194.5,-1426.23,1620.73
BTCUSDT,1785435300,2026-07-30 18:15:00+00:00,64791.0,64791.0,64718.4,64765.8,244435.7,0.0,244435.7
BTCUSDT,1785436200,2026-07-30 18:30:00+00:00,64765.8,64791.0,64680.0,64704.7,7893.06,0.0,7893.06
BTCUSDT,1785437100,2026-07-30 18:45:00+00:00,64704.6,64704.7,64657.4,64668.9,4591.9,0.0,4591.9
BTCUSDT,1785438000,2026-07-30 19:00:00+00:00,64668.9,64835.4,64668.8,64803.6,0.0,-5897.55,5897.55
BTCUSDT,1785438900,2026-07-30 19:15:00+00:00,64803.5,64875.0,64775.1,64856.4,971.96,-24894.03,25865.99
BTCUSDT,1785439800,2026-07-30 19:30:00+00:00,64856.3,64856.4,64797.9,64809.4,0.0,-1426.71,1426.71
BTCUSDT,1785440700,2026-07-30 19:45:00+00:00,64809.4,64834.9,64750.0,64778.6,259.09,-64.77,323.86
BTCUSDT,1785441600,2026-07-30 20:00:00+00:00,64778.5,64909.0,64729.5,64766.5,36964.82,-288639.11,325603.93
BTCUSDT,1785442500,2026-07-30 20:15:00+00:00,64766.4,64849.9,64737.7,64764.4,0.0,-1296.32,1296.32
BTCUSDT,1785443400,2026-07-30 20:30:00+00:00,64764.3,64857.8,64723.4,64847.4,0.0,0.0,0.0
BTCUSDT,1785444300,2026-07-30 20:45:00+00:00,64847.4,64865.6,64750.0,64750.0,0.0,0.0,0.0
BTCUSDT,1785445200,2026-07-30 21:00:00+00:00,64750.0,64780.8,64709.1,64730.6,129.42,0.0,129.42
BTCUSDT,1785446100,2026-07-30 21:15:00+00:00,64730.7,64739.3,64721.2,64725.2,16439.18,-129507.33,145946.51
BTCUSDT,1785447000,2026-07-30 21:30:00+00:00,64725.3,64774.9,64719.9,64740.3,64.73,-18252.89,18317.62
BTCUSDT,1785447900,2026-07-30 21:45:00+00:00,64740.3,64750.0,64678.2,64706.5,0.0,-453.09,453.09
BTCUSDT,1785448800,2026-07-30 22:00:00+00:00,64706.6,64953.6,64636.3,64908.0,1098.82,-1012320.55,1013419.37
BTCUSDT,1785449700,2026-07-30 22:15:00+00:00,64908.1,64979.4,64876.1,64975.7,0.0,-40531.15,40531.15
BTCUSDT,1785450600,2026-07-30 22:30:00+00:00,64975.6,64995.0,64844.6,64887.4,0.0,-13712.71,13712.71
BTCUSDT,1785451500,2026-07-30 22:45:00+00:00,64887.4,64900.0,64814.6,64827.4,0.0,0.0,0.0
BTCUSDT,1785452400,2026-07-30 23:00:00+00:00,64827.3,64920.0,64806.0,64917.9,0.0,-29880.5,29880.5
BTCUSDT,1785453300,2026-07-30 23:15:00+00:00,64917.9,64923.0,64870.0,64906.1,0.0,0.0,0.0
BTCUSDT,1785454200,2026-07-30 23:30:00+00:00,64906.1,65062.9,64749.9,64788.8,0.0,-93776.94,93776.94
BTCUSDT,1785455100,2026-07-30 23:45:00+00:00,64788.8,64866.6,64698.5,64750.0,3495.01,0.0,3495.01
BTCUSDT,1785456000,2026-07-31 00:00:00+00:00,64750.0,64878.0,64734.4,64793.2,259762.6,-229986.69,489749.29
BTCUSDT,1785456900,2026-07-31 00:15:00+00:00,64793.2,64799.7,64700.0,64744.6,2782.29,0.0,2782.29
BTCUSDT,1785457800,2026-07-31 00:30:00+00:00,64744.5,64795.0,64708.8,64771.8,64.73,-129.52,194.25
BTCUSDT,1785458700,2026-07-31 00:45:00+00:00,64771.7,64782.2,64663.7,64698.5,2977.63,0.0,2977.63
BTCUSDT,1785459600,2026-07-31 01:00:00+00:00,64698.5,65391.3,64698.5,65162.8,0.0,-3525925.34,3525925.34
BTCUSDT,1785460500,2026-07-31 01:15:00+00:00,65162.7,65208.7,65001.7,65160.1,65.12,0.0,65.12
BTCUSDT,1785461400,2026-07-31 01:30:00+00:00,65160.1,65160.1,64800.0,64803.3,47523.62,-65.08,47588.7
BTCUSDT,1785462300,2026-07-31 01:45:00+00:00,64803.3,64877.0,64444.0,64535.1,471433.93,-1034.92,472468.85
BTCUSDT,1785463200,2026-07-31 02:00:00+00:00,64535.2,64593.3,64435.0,64461.8,62773.02,0.0,62773.02
BTCUSDT,1785464100,2026-07-31 02:15:00+00:00,64461.9,64461.9,64310.8,64331.7,942333.65,-50661.47,992995.12
BTCUSDT,1785465000,2026-07-31 02:30:00+00:00,64331.6,64397.1,64177.9,64200.8,79921.47,0.0,79921.47
BTCUSDT,1785465900,2026-07-31 02:45:00+00:00,64200.9,64336.9,64189.0,64271.9,642.24,0.0,642.24
BTCUSDT,1785466800,2026-07-31 03:00:00+00:00,64272.0,64272.0,64138.0,64233.5,302670.52,0.0,302670.52
BTCUSDT,1785467700,2026-07-31 03:15:00+00:00,64233.5,64400.0,64188.8,64355.1,0.0,-4182.85,4182.85
BTCUSDT,1785468600,2026-07-31 03:30:00+00:00,64355.1,64396.5,64264.1,64360.2,450.07,0.0,450.07
BTCUSDT,1785469500,2026-07-31 03:45:00+00:00,64360.2,64410.4,64313.9,64344.0,257.46,0.0,257.46
BTCUSDT,1785470400,2026-07-31 04:00:00+00:00,64344.0,64425.6,64318.9,64341.4,0.0,-193.24,193.24
BTCUSDT,1785471300,2026-07-31 04:15:00+00:00,64341.4,64350.0,64210.0,64313.4,40649.33,-1928.24,42577.57
BTCUSDT,1785472200,2026-07-31 04:30:00+00:00,64313.4,64345.0,64261.3,64282.9,0.0,-192.92,192.92
BTCUSDT,1785473100,2026-07-31 04:45:00+00:00,64282.8,64308.4,64268.1,64281.6,0.0,0.0,0.0
BTCUSDT,1785474000,2026-07-31 05:00:00+00:00,64281.6,64395.0,64281.6,64392.9,0.0,0.0,0.0
BTCUSDT,1785474900,2026-07-31 05:15:00+00:00,64392.8,64396.7,64300.8,64300.8,0.0,0.0,0.0
BTCUSDT,1785475800,2026-07-31 05:30:00+00:00,64300.9,64339.4,64260.3,64260.4,0.0,0.0,0.0
BTCUSDT,1785476700,2026-07-31 05:45:00+00:00,64260.3,64348.7,64242.5,64334.4,1541.82,0.0,1541.82
BTCUSDT,1785477600,2026-07-31 06:00:00+00:00,64334.3,64365.9,64291.9,64352.9,578.86,-3215.52,3794.38
BTCUSDT,1785478500,2026-07-31 06:15:00+00:00,64352.9,64432.4,64331.3,64432.4,0.0,-151351.09,151351.09
BTCUSDT,1785479400,2026-07-31 06:30:00+00:00,64432.3,64476.8,64242.9,64249.9,10110.29,-314927.48,325037.77
BTCUSDT,1785480300,2026-07-31 06:45:00+00:00,64249.9,64254.0,64179.9,64208.5,343550.2,0.0,343550.2
BTCUSDT,1785481200,2026-07-31 07:00:00+00:00,64208.4,64217.0,63957.4,64038.5,235102.87,0.0,235102.87
BTCUSDT,1785482100,2026-07-31 07:15:00+00:00,64038.6,64070.3,63959.2,63969.3,312429.18,-1087.64,313516.82
BTCUSDT,1785483000,2026-07-31 07:30:00+00:00,63969.3,64002.6,63835.6,63885.1,318390.31,-63.97,318454.28
BTCUSDT,1785483900,2026-07-31 07:45:00+00:00,63885.1,63986.0,63885.0,63909.1,13297.34,0.0,13297.34
BTCUSDT,1785484800,2026-07-31 08:00:00+00:00,63909.0,63942.7,63825.5,63915.8,70810.24,0.0,70810.24
BTCUSDT,1785485700,2026-07-31 08:15:00+00:00,63915.7,63950.0,63831.8,63930.1,0.0,0.0,0.0
BTCUSDT,1785486600,2026-07-31 08:30:00+00:00,63930.1,63930.1,63777.7,63818.6,95110.46,0.0,95110.46
BTCUSDT,1785487500,2026-07-31 08:45:00+00:00,63818.6,63877.5,63779.9,63801.9,2552.95,0.0,2552.95
BTCUSDT,1785488400,2026-07-31 09:00:00+00:00,63801.8,63820.0,63722.0,63774.7,220740.25,0.0,220740.25
BTCUSDT,1785489300,2026-07-31 09:15:00+00:00,63774.7,63782.4,63661.1,63669.9,200574.22,-2546.81,203121.03
BTCUSDT,1785490200,2026-07-31 09:30:00+00:00,63670.0,63704.1,63601.2,63665.2,2793183.71,0.0,2793183.71
BTCUSDT,1785491100,2026-07-31 09:45:00+00:00,63665.3,63725.3,63653.3,63689.0,0.0,-190.96,190.96
BTCUSDT,1785492000,2026-07-31 10:00:00+00:00,63689.1,63711.1,63577.0,63701.6,198326.11,0.0,198326.11
BTCUSDT,1785492900,2026-07-31 10:15:00+00:00,63701.7,63792.5,63667.5,63790.0,1403.17,-17602.8,19005.97
BTCUSDT,1785493800,2026-07-31 10:30:00+00:00,63790.0,63875.6,63789.9,63870.2,53100.79,-31588.57,84689.36
BTCUSDT,1785494700,2026-07-31 10:45:00+00:00,63870.2,63923.4,63838.6,63886.1,0.0,-63.87,63.87
BTCUSDT,1785495600,2026-07-31 11:00:00+00:00,63886.2,63982.2,63871.2,63881.6,63.93,-14003.0,14066.93
BTCUSDT,1785496500,2026-07-31 11:15:00+00:00,63881.7,63944.3,63829.2,63868.8,63.9,-63.89,127.79
BTCUSDT,1785497400,2026-07-31 11:30:00+00:00,63868.8,63875.2,63811.2,63816.1,95753.76,0.0,95753.76
BTCUSDT,1785498300,2026-07-31 11:45:00+00:00,63816.0,63831.2,63755.1,63779.4,1913.78,0.0,1913.78
BTCUSDT,1785499200,2026-07-31 12:00:00+00:00,63779.4,63804.1,63674.0,63695.0,5162.85,-956.59,6119.4400000000005
BTCUSDT,1785500100,2026-07-31 12:15:00+00:00,63695.0,63752.1,63671.6,63722.6,2037.49,0.0,2037.49
BTCUSDT,1785501000,2026-07-31 12:30:00+00:00,63722.6,63722.7,63595.3,63635.4,58051.67,-127.29,58178.96
BTCUSDT,1785501900,2026-07-31 12:45:00+00:00,63635.3,63738.7,63628.6,63727.4,0.0,0.0,0.0
BTCUSDT,1785502800,2026-07-31 13:00:00+00:00,63727.4,63758.9,63692.4,63739.7,0.0,0.0,0.0
BTCUSDT,1785503700,2026-07-31 13:15:00+00:00,63739.7,63807.5,63731.0,63799.1,0.0,-1275.73,1275.73
BTCUSDT,1785504600,2026-07-31 13:30:00+00:00,63799.1,63799.1,63430.3,63432.4,1163932.37,-191.21,1164123.58
BTCUSDT,1785505500,2026-07-31 13:45:00+00:00,63432.4,63505.8,63216.2,63248.1,1825096.87,0.0,1825096.87
BTCUSDT,1785506400,2026-07-31 14:00:00+00:00,63248.0,63291.6,62410.5,62669.6,20443302.92,-168725.76,20612028.680000003
BTCUSDT,1785507300,2026-07-31 14:15:00+00:00,62669.6,62733.0,62502.9,62624.0,3814.42,0.0,3814.42
BTCUSDT,1785508200,2026-07-31 14:30:00+00:00,62623.9,62794.8,62575.0,62665.5,9838.69,-64145.94,73984.63
BTCUSDT,1785509100,2026-07-31 14:45:00+00:00,62665.5,62785.1,62568.0,62663.8,5820.01,-301889.76,307709.77
BTCUSDT,1785510000,2026-07-31 15:00:00+00:00,62663.9,62686.3,62525.0,62592.6,16508.53,-125.32,16633.85
BTCUSDT,1785510900,2026-07-31 15:15:00+00:00,62592.7,62694.2,62458.0,62560.1,162296.72,0.0,162296.72
BTCUSDT,1785511800,2026-07-31 15:30:00+00:00,62560.1,62749.7,62535.6,62734.4,48976.95,-37775.98,86752.93
BTCUSDT,1785512700,2026-07-31 15:45:00+00:00,62734.3,62736.1,62608.5,62695.4,0.0,0.0,0.0
BTCUSDT,1785513600,2026-07-31 16:00:00+00:00,62695.3,62885.6,62680.1,62845.0,0.0,-2196.38,2196.38
BTCUSDT,1785514500,2026-07-31 16:15:00+00:00,62845.1,62913.4,62769.1,62898.9,1382.73,-1384.03,2766.76
BTCUSDT,1785515400,2026-07-31 16:30:00+00:00,62898.8,62903.2,62785.1,62825.8,0.0,0.0,0.0
BTCUSDT,1785516300,2026-07-31 16:45:00+00:00,62825.8,62865.2,62790.0,62849.4,502.87,0.0,502.87
BTCUSDT,1785517200,2026-07-31 17:00:00+00:00,62849.4,62908.0,62780.8,62884.2,125.68,0.0,125.68
BTCUSDT,1785518100,2026-07-31 17:15:00+00:00,62884.2,62985.0,62850.2,62952.9,565.95,-310045.48,310611.43
BTCUSDT,1785519000,2026-07-31 17:30:00+00:00,62952.9,63079.0,62932.6,63034.3,0.0,-179530.89,179530.89
BTCUSDT,1785519900,2026-07-31 17:45:00+00:00,63034.4,63270.1,63034.3,63215.6,0.0,-217170.79,217170.79
BTCUSDT,1785520800,2026-07-31 18:00:00+00:00,63215.6,63275.7,63106.2,63116.6,4488.49,-62197.32,66685.81
BTCUSDT,1785521700,2026-07-31 18:15:00+00:00,63116.5,63157.2,63017.7,63024.7,441.63,0.0,441.63
BTCUSDT,1785522600,2026-07-31 18:30:00+00:00,63024.7,63067.9,62935.1,63008.0,124182.67,0.0,124182.67
BTCUSDT,1785523500,2026-07-31 18:45:00+00:00,63008.0,63151.7,63005.7,63064.9,0.0,-118493.68,118493.68
BTCUSDT,1785524400,2026-07-31 19:00:00+00:00,63065.0,63133.0,63000.0,63041.5,0.0,-441.08,441.08
BTCUSDT,1785525300,2026-07-31 19:15:00+00:00,63041.4,63047.0,62990.1,62993.5,630.01,0.0,630.01
BTCUSDT,1785526200,2026-07-31 19:30:00+00:00,62993.4,63001.9,62906.3,62973.4,69750.39,-9762.75,79513.14
BTCUSDT,1785527100,2026-07-31 19:45:00+00:00,62973.5,63029.7,62924.4,62947.2,5793.3,0.0,5793.3
BTCUSDT,1785528000,2026-07-31 20:00:00+00:00,62947.1,62976.4,62913.0,62973.5,944.3,0.0,944.3
BTCUSDT,1785528900,2026-07-31 20:15:00+00:00,62973.5,63003.0,62949.3,62974.3,377.84,0.0,377.84
BTCUSDT,1785529800,2026-07-31 20:30:00+00:00,62974.2,62979.6,62922.0,62962.4,2894.58,0.0,2894.58
BTCUSDT,1785530700,2026-07-31 20:45:00+00:00,62962.5,62981.5,62901.0,62928.7,377.41,0.0,377.41
BTCUSDT,1785531600,2026-07-31 21:00:00+00:00,62928.7,62984.1,62814.1,62981.8,75534.78,0.0,75534.78
BTCUSDT,1785532500,2026-07-31 21:15:00+00:00,62981.7,63013.0,62968.1,62984.9,63.0,-250512.65,250575.65
BTCUSDT,1785533400,2026-07-31 21:30:00+00:00,62984.8,63006.9,62963.1,63004.8,39801.0,0.0,39801.0
BTCUSDT,1785534300,2026-07-31 21:45:00+00:00,63004.7,63037.0,62896.0,62924.7,8240.15,0.0,8240.15
BTCUSDT,1785535200,2026-07-31 22:00:00+00:00,62924.8,62996.7,62835.0,62971.9,1005.95,0.0,1005.95
BTCUSDT,1785536100,2026-07-31 22:15:00+00:00,62972.0,62994.5,62959.1,62959.2,0.0,0.0,0.0
BTCUSDT,1785537000,2026-07-31 22:30:00+00:00,62959.2,62976.1,62887.3,62919.0,0.0,0.0,0.0
BTCUSDT,1785537900,2026-07-31 22:45:00+00:00,62919.1,62940.0,62886.2,62916.7,367730.71,-4025.78,371756.4900000001
BTCUSDT,1785538800,2026-07-31 23:00:00+00:00,62916.8,62980.7,62916.7,62946.9,0.0,0.0,0.0
BTCUSDT,1785539700,2026-07-31 23:15:00+00:00,62946.9,62990.0,62941.0,62955.7,0.0,0.0,0.0
BTCUSDT,1785540600,2026-07-31 23:30:00+00:00,62955.8,62969.3,62919.4,62919.4,377.55,0.0,377.55
BTCUSDT,1785541500,2026-07-31 23:45:00+00:00,62919.4,62919.5,62825.0,62859.9,0.0,0.0,0.0
BTCUSDT,1785542400,2026-08-01 00:00:00+00:00,62859.8,62945.4,62859.8,62927.2,3080.32,0.0,3080.32
BTCUSDT,1785543300,2026-08-01 00:15:00+00:00,62927.2,62974.4,62905.5,62942.0,0.0,-2770.57,2770.57
BTCUSDT,1785544200,2026-08-01 00:30:00+00:00,62942.0,62972.8,62905.2,62971.4,72477.81,-62.94,72540.75
BTCUSDT,1785545100,2026-08-01 00:45:00+00:00,62971.3,62995.0,62902.2,62909.4,11453.13,0.0,11453.13
BTCUSDT,1785546000,2026-08-01 01:00:00+00:00,62909.4,62944.0,62909.4,62944.0,0.0,-3461.28,3461.28
BTCUSDT,1785546900,2026-08-01 01:15:00+00:00,62943.9,62964.6,62888.9,62923.9,0.0,0.0,0.0
BTCUSDT,1785547800,2026-08-01 01:30:00+00:00,62924.0,62953.5,62897.2,62945.0,0.0,0.0,0.0
BTCUSDT,1785548700,2026-08-01 01:45:00+00:00,62945.1,62955.2,62916.8,62946.7,0.0,-251.76,251.76
BTCUSDT,1785549600,2026-08-01 02:00:00+00:00,62946.7,63004.8,62946.7,62992.2,314.75,-314.8,629.55
BTCUSDT,1785550500,2026-08-01 02:15:00+00:00,62992.1,63059.9,62992.1,63037.3,63.02,-24208.93,24271.95
BTCUSDT,1785551400,2026-08-01 02:30:00+00:00,63037.4,63068.7,63037.3,63043.4,0.0,-183590.06,183590.06
BTCUSDT,1785552300,2026-08-01 02:45:00+00:00,63043.4,63084.6,63023.4,63040.8,1260.68,-16527.81,17788.49
BTCUSDT,1785553200,2026-08-01 03:00:00+00:00,63040.8,63045.7,62958.4,62958.4,0.0,0.0,0.0
BTCUSDT,1785554100,2026-08-01 03:15:00+00:00,62958.5,63025.0,62937.5,62984.5,188.88,0.0,188.88
BTCUSDT,1785555000,2026-08-01 03:30:00+00:00,62984.6,63000.0,62944.6,62970.6,0.0,0.0,0.0
BTCUSDT,1785555900,2026-08-01 03:45:00+00:00,62970.6,62988.1,62950.0,62973.8,0.0,-3086.29,3086.29
BTCUSDT,1785556800,2026-08-01 04:00:00+00:00,62973.8,62989.0,62964.1,62989.0,0.0,0.0,0.0
BTCUSDT,1785557700,2026-08-01 04:15:00+00:00,62989.0,63023.2,62988.9,63015.5,0.0,-819.27,819.27
BTCUSDT,1785558600,2026-08-01 04:30:00+00:00,63015.5,63040.1,63013.9,63040.1,0.0,0.0,0.0
BTCUSDT,1785559500,2026-08-01 04:45:00+00:00,63040.0,63079.2,63035.7,63073.9,0.0,-315.32,315.32
BTCUSDT,1785560400,2026-08-01 05:00:00+00:00,63074.0,63118.7,63030.0,63094.1,0.0,-15525.47,15525.47
BTCUSDT,1785561300,2026-08-01 05:15:00+00:00,63094.2,63094.2,63040.7,63066.6,6682.97,0.0,6682.97
BTCUSDT,1785562200,2026-08-01 05:30:00+00:00,63066.5,63073.3,62979.9,62983.4,1009.0,0.0,1009.0
BTCUSDT,1785563100,2026-08-01 05:45:00+00:00,62983.4,63011.0,62969.6,62999.8,62.98,0.0,62.98
BTCUSDT,1785564000,2026-08-01 06:00:00+00:00,62999.8,63014.9,62965.2,63001.9,377.97,0.0,377.97
BTCUSDT,1785564900,2026-08-01 06:15:00+00:00,63001.9,63053.1,62979.0,63035.3,0.0,0.0,0.0
BTCUSDT,1785565800,2026-08-01 06:30:00+00:00,63035.4,63046.0,63029.3,63033.8,0.0,-10213.45,10213.45
BTCUSDT,1785566700,2026-08-01 06:45:00+00:00,63033.9,63051.0,63030.3,63049.9,0.0,0.0,0.0
BTCUSDT,1785567600,2026-08-01 07:00:00+00:00,63049.9,63086.3,63049.9,63081.8,0.0,0.0,0.0
BTCUSDT,1785568500,2026-08-01 07:15:00+00:00,63081.7,63081.8,63036.7,63040.0,0.0,0.0,0.0
BTCUSDT,1785569400,2026-08-01 07:30:00+00:00,63039.9,63040.0,63001.4,63014.4,0.0,0.0,0.0
BTCUSDT,1785570300,2026-08-01 07:45:00+00:00,63014.4,63025.7,63012.2,63019.6,189.05,0.0,189.05
BTCUSDT,1785571200,2026-08-01 08:00:00+00:00,63019.6,63072.2,63019.5,63072.2,0.0,0.0,0.0
BTCUSDT,1785572100,2026-08-01 08:15:00+00:00,63072.2,63073.5,63061.9,63062.0,0.0,0.0,0.0
BTCUSDT,1785573000,2026-08-01 08:30:00+00:00,63062.0,63080.1,63061.9,63070.0,2270.76,0.0,2270.76
BTCUSDT,1785573900,2026-08-01 08:45:00+00:00,63070.0,63126.6,63059.1,63097.4,0.0,-63.07,63.07
BTCUSDT,1785574800,2026-08-01 09:00:00+00:00,63097.4,63111.4,63082.0,63084.5,0.0,0.0,0.0
BTCUSDT,1785575700,2026-08-01 09:15:00+00:00,63084.6,63098.0,63069.1,63079.3,315.41,0.0,315.41
BTCUSDT,1785576600,2026-08-01 09:30:00+00:00,63079.2,63086.4,63073.4,63073.5,315.4,0.0,315.4
BTCUSDT,1785577500,2026-08-01 09:45:00+00:00,63073.4,63073.5,63014.1,63021.4,252.27,0.0,252.27
BTCUSDT,1785578400,2026-08-01 10:00:00+00:00,63021.4,63085.0,62956.5,62980.8,13347.74,0.0,13347.74
BTCUSDT,1785579300,2026-08-01 10:15:00+00:00,62980.7,63038.3,62965.6,63013.0,63.0,0.0,63.0
BTCUSDT,1785580200,2026-08-01 10:30:00+00:00,63013.0,63047.9,62989.3,63037.8,0.0,0.0,0.0
BTCUSDT,1785581100,2026-08-01 10:45:00+00:00,63037.9,63040.3,63008.2,63029.1,0.0,-1702.09,1702.09
BTCUSDT,1785582000,2026-08-01 11:00:00+00:00,63029.1,63032.9,63013.5,63032.9,16258.72,-21427.85,37686.57
BTCUSDT,1785582900,2026-08-01 11:15:00+00:00,63033.0,63053.4,63010.1,63049.7,0.0,0.0,0.0
BTCUSDT,1785583800,2026-08-01 11:30:00+00:00,63049.7,63064.0,63038.4,63041.6,0.0,0.0,0.0
BTCUSDT,1785584700,2026-08-01 11:45:00+00:00,63041.7,63049.8,63041.6,63045.1,0.0,0.0,0.0
BTCUSDT,1785585600,2026-08-01 12:00:00+00:00,63045.2,63094.1,63045.1,63070.7,0.0,-63.08,63.08
BTCUSDT,1785586500,2026-08-01 12:15:00+00:00,63070.8,63077.1,63067.2,63069.4,0.0,0.0,0.0
BTCUSDT,1785587400,2026-08-01 12:30:00+00:00,63069.4,63077.4,63053.6,63066.5,63.06,0.0,63.06
BTCUSDT,1785588300,2026-08-01 12:45:00+00:00,63066.5,63079.3,63066.4,63068.9,0.0,0.0,0.0
BTCUSDT,1785589200,2026-08-01 13:00:00+00:00,63068.9,63075.9,63064.5,63071.8,0.0,0.0,0.0
BTCUSDT,1785590100,2026-08-01 13:15:00+00:00,63071.7,63071.8,63055.7,63055.8,0.0,0.0,0.0
BTCUSDT,1785591000,2026-08-01 13:30:00+00:00,63055.8,63069.7,63046.3,63048.3,0.0,0.0,0.0
BTCUSDT,1785591900,2026-08-01 13:45:00+00:00,63048.4,63048.4,63010.1,63036.7,0.0,0.0,0.0
BTCUSDT,1785592800,2026-08-01 14:00:00+00:00,63036.6,63097.5,63036.6,63050.1,819.61,0.0,819.61
BTCUSDT,1785593700,2026-08-01 14:15:00+00:00,63050.0,63096.3,63050.0,63088.5,0.0,0.0,0.0
BTCUSDT,1785594600,2026-08-01 14:30:00+00:00,63088.5,63094.0,63056.2,63085.0,126.18,0.0,126.18
BTCUSDT,1785595500,2026-08-01 14:45:00+00:00,63085.0,63097.1,63047.9,63097.1,41563.72,-28317.13,69880.85
BTCUSDT,1785596400,2026-08-01 15:00:00+00:00,63097.1,63097.1,63077.7,63077.8,1892.84,-6309.49,8202.33
BTCUSDT,1785597300,2026-08-01 15:15:00+00:00,63077.8,63077.8,63029.6,63032.4,10276.81,-315.17,10591.98
BTCUSDT,1785598200,2026-08-01 15:30:00+00:00,63032.4,63036.5,63023.5,63024.1,63.03,0.0,63.03
BTCUSDT,1785599100,2026-08-01 15:45:00+00:00,63024.2,63024.2,62976.4,62976.4,0.0,0.0,0.0
BTCUSDT,1785600000,2026-08-01 16:00:00+00:00,62976.4,62983.1,62900.9,62921.6,125094.78,0.0,125094.78
BTCUSDT,1785600900,2026-08-01 16:15:00+00:00,62921.7,62944.0,62903.3,62930.0,11073.13,0.0,11073.13
BTCUSDT,1785601800,2026-08-01 16:30:00+00:00,62930.1,63006.6,62918.3,62941.3,4027.66,-251.93,4279.59
BTCUSDT,1785602700,2026-08-01 16:45:00+00:00,62941.3,62941.3,62838.8,62899.9,231954.78,0.0,231954.78
BTCUSDT,1785603600,2026-08-01 17:00:00+00:00,62899.9,62969.5,62833.5,62867.7,0.0,-3336.4,3336.4
BTCUSDT,1785604500,2026-08-01 17:15:00+00:00,62867.7,62867.7,62772.8,62812.9,212662.23,0.0,212662.23
BTCUSDT,1785605400,2026-08-01 17:30:00+00:00,62813.0,62819.9,62708.6,62789.9,356046.58,-4642.35,360688.93
BTCUSDT,1785606300,2026-08-01 17:45:00+00:00,62790.0,62790.6,62633.3,62684.0,895655.28,-563.94,896219.22
BTCUSDT,1785607200,2026-08-01 18:00:00+00:00,62684.1,62710.7,62588.8,62683.9,84394.17,0.0,84394.17
BTCUSDT,1785608100,2026-08-01 18:15:00+00:00,62683.9,62683.9,62463.9,62545.1,1578680.17,0.0,1578680.17
BTCUSDT,1785609000,2026-08-01 18:30:00+00:00,62545.1,62545.1,62228.8,62345.7,6708675.44,-1122.88,6709798.32
BTCUSDT,1785609900,2026-08-01 18:45:00+00:00,62345.8,62557.0,62250.2,62552.5,1846218.29,-3745.93,1849964.22
BTCUSDT,1785610800,2026-08-01 19:00:00+00:00,62552.6,62596.5,62489.7,62515.2,0.0,-6383.29,6383.29
BTCUSDT,1785611700,2026-08-01 19:15:00+00:00,62515.2,62589.2,62456.3,62514.8,249.87,0.0,249.87
BTCUSDT,1785612600,2026-08-01 19:30:00+00:00,62514.7,62558.1,62430.8,62444.2,62.43,0.0,62.43
BTCUSDT,1785613500,2026-08-01 19:45:00+00:00,62444.3,62517.6,62444.2,62502.1,0.0,0.0,0.0
BTCUSDT,1785614400,2026-08-01 20:00:00+00:00,62502.1,62544.9,62456.9,62526.6,0.0,0.0,0.0
BTCUSDT,1785615300,2026-08-01 20:15:00+00:00,62526.6,62615.9,62523.9,62588.9,0.0,-2128.65,2128.65
BTCUSDT,1785616200,2026-08-01 20:30:00+00:00,62588.8,62598.0,62528.8,62569.4,0.0,-2940.8,2940.8
BTCUSDT,1785617100,2026-08-01 20:45:00+00:00,62569.4,62642.9,62557.5,62631.8,0.0,-7266.19,7266.19
BTCUSDT,1785618000,2026-08-01 21:00:00+00:00,62631.8,62778.0,62631.8,62718.1,0.0,-377181.1,377181.1
BTCUSDT,1785618900,2026-08-01 21:15:00+00:00,62718.2,62766.1,62717.1,62766.1,0.0,0.0,0.0
BTCUSDT,1785619800,2026-08-01 21:30:00+00:00,62766.1,62844.9,62733.9,62766.1,0.0,-51077.53,51077.53
BTCUSDT,1785620700,2026-08-01 21:45:00+00:00,62766.2,62803.0,62751.8,62789.4,0.0,0.0,0.0
BTCUSDT,1785621600,2026-08-01 22:00:00+00:00,62789.5,62844.5,62762.4,62827.5,0.0,-690.84,690.84
BTCUSDT,1785622500,2026-08-01 22:15:00+00:00,62827.5,62840.4,62796.8,62828.5,0.0,0.0,0.0
BTCUSDT,1785623400,2026-08-01 22:30:00+00:00,62828.6,62830.2,62798.4,62817.8,0.0,0.0,0.0
BTCUSDT,1785624300,2026-08-01 22:45:00+00:00,62817.8,62827.2,62800.0,62800.1,0.0,0.0,0.0
BTCUSDT,1785625200,2026-08-01 23:00:00+00:00,62800.1,62830.0,62772.1,62780.8,376.98,0.0,376.98
BTCUSDT,1785626100,2026-08-01 23:15:00+00:00,62780.9,62780.9,62737.1,62745.3,0.0,0.0,0.0
BTCUSDT,1785627000,2026-08-01 23:30:00+00:00,62745.3,62813.4,62745.3,62799.3,0.0,0.0,0.0
BTCUSDT,1785627900,2026-08-01 23:45:00+00:00,62799.3,62810.9,62780.6,62792.3,0.0,0.0,0.0
BTCUSDT,1785628800,2026-08-02 00:00:00+00:00,62792.3,62950.0,62792.2,62896.0,0.0,-2891.59,2891.59
BTCUSDT,1785629700,2026-08-02 00:15:00+00:00,62896.1,62911.4,62850.0,62851.8,0.0,-11635.68,11635.68
BTCUSDT,1785630600,2026-08-02 00:30:00+00:00,62851.7,62888.0,62820.4,62820.6,0.0,-188.48,188.48
BTCUSDT,1785631500,2026-08-02 00:45:00+00:00,62820.7,62837.5,62782.3,62807.5,8288.94,0.0,8288.94
BTCUSDT,1785632400,2026-08-02 01:00:00+00:00,62807.5,63000.0,62807.5,62984.3,62.82,-288872.12,288934.94
BTCUSDT,1785633300,2026-08-02 01:15:00+00:00,62984.2,63066.0,62946.9,62957.9,692.72,-141371.56,142064.28
BTCUSDT,1785634200,2026-08-02 01:30:00+00:00,62957.9,62998.8,62950.0,62993.3,1196.06,-944.82,2140.88
BTCUSDT,1785635100,2026-08-02 01:45:00+00:00,62993.2,62993.3,62955.8,62960.8,0.0,0.0,0.0
BTCUSDT,1785636000,2026-08-02 02:00:00+00:00,62960.9,63542.0,62925.6,63438.5,2958.84,0.0,2958.84
BTCUSDT,1785636900,2026-08-02 02:15:00+00:00,63438.6,63530.0,63372.5,63379.5,0.0,-569031.75,569031.75
BTCUSDT,1785637800,2026-08-02 02:30:00+00:00,63379.6,63434.9,63302.8,63358.0,16659.13,0.0,16659.13
BTCUSDT,1785638700,2026-08-02 02:45:00+00:00,63358.0,63462.0,63316.0,63425.4,0.0,-443.95,443.95
BTCUSDT,1785639600,2026-08-02 03:00:00+00:00,63425.5,63436.5,63353.3,63393.0,126.8,-253.64,380.44
BTCUSDT,1785640500,2026-08-02 03:15:00+00:00,63393.0,63529.4,63351.3,63417.9,10644.24,-3238.96,13883.2
BTCUSDT,1785641400,2026-08-02 03:30:00+00:00,63418.0,63480.0,63418.0,63474.6,0.0,0.0,0.0
BTCUSDT,1785642300,2026-08-02 03:45:00+00:00,63474.6,63487.2,63396.0,63436.7,0.0,-1521.94,1521.94
BTCUSDT,1785643200,2026-08-02 04:00:00+00:00,63436.8,63530.0,63436.7,63515.7,0.0,-38117.1,38117.1
BTCUSDT,1785644100,2026-08-02 04:15:00+00:00,63515.6,63534.4,63488.6,63514.2,0.0,-1333.85,1333.85
BTCUSDT,1785645000,2026-08-02 04:30:00+00:00,63514.2,63534.3,63500.0,63500.0,0.0,-381.0,381.0
BTCUSDT,1785645900,2026-08-02 04:45:00+00:00,63500.0,63600.0,63500.0,63557.1,0.0,-127.07,127.07
BTCUSDT,1785646800,2026-08-02 05:00:00+00:00,63557.1,63620.0,63434.7,63461.3,0.0,-70023.71,70023.71
BTCUSDT,1785647700,2026-08-02 05:15:00+00:00,63461.3,63474.2,63432.4,63469.5,63.44,0.0,63.44
BTCUSDT,1785648600,2026-08-02 05:30:00+00:00,63469.5,63469.6,63382.9,63394.9,63.39,0.0,63.39
BTCUSDT,1785649500,2026-08-02 05:45:00+00:00,63395.0,63431.1,63394.9,63428.5,0.0,0.0,0.0
BTCUSDT,1785650400,2026-08-02 06:00:00+00:00,63428.6,63460.9,63415.5,63415.5,0.0,0.0,0.0
BTCUSDT,1785651300,2026-08-02 06:15:00+00:00,63415.6,63472.0,63402.5,63471.9,0.0,0.0,0.0
BTCUSDT,1785652200,2026-08-02 06:30:00+00:00,63471.9,63478.8,63435.5,63473.1,0.0,-1395.88,1395.88
BTCUSDT,1785653100,2026-08-02 06:45:00+00:00,63473.1,63473.2,63457.0,63460.0,0.0,0.0,0.0
BTCUSDT,1785654000,2026-08-02 07:00:00+00:00,63460.1,63467.1,63451.1,63460.3,0.0,0.0,0.0
BTCUSDT,1785654900,2026-08-02 07:15:00+00:00,63460.2,63469.0,63459.9,63459.9,0.0,0.0,0.0
BTCUSDT,1785655800,2026-08-02 07:30:00+00:00,63460.0,63514.2,63459.0,63508.7,0.0,0.0,0.0
BTCUSDT,1785656700,2026-08-02 07:45:00+00:00,63508.8,63508.8,63449.0,63468.1,0.0,-126.92,126.92
BTCUSDT,1785657600,2026-08-02 08:00:00+00:00,63468.0,63507.8,63457.2,63462.6,0.0,0.0,0.0
BTCUSDT,1785658500,2026-08-02 08:15:00+00:00,63462.5,63462.6,63357.5,63361.2,130424.72,0.0,130424.72
BTCUSDT,1785659400,2026-08-02 08:30:00+00:00,63361.2,63368.7,63183.7,63202.9,554157.4,0.0,554157.4
BTCUSDT,1785660300,2026-08-02 08:45:00+00:00,63202.9,63214.9,63141.0,63171.1,8782.51,0.0,8782.51
BTCUSDT,1785661200,2026-08-02 09:00:00+00:00,63171.2,63264.3,63065.3,63241.2,51489.83,-1706.85,53196.68
BTCUSDT,1785662100,2026-08-02 09:15:00+00:00,63241.1,63288.4,63206.2,63206.3,885.03,0.0,885.03
BTCUSDT,1785663000,2026-08-02 09:30:00+00:00,63206.3,63301.6,63206.2,63239.1,0.0,-22468.3,22468.3
BTCUSDT,1785663900,2026-08-02 09:45:00+00:00,63239.1,63253.7,63230.0,63249.8,0.0,-1011.89,1011.89
BTCUSDT,1785664800,2026-08-02 10:00:00+00:00,63249.7,63249.7,63175.0,63180.0,442.66,0.0,442.66
BTCUSDT,1785665700,2026-08-02 10:15:00+00:00,63180.1,63247.1,63096.0,63120.0,24685.23,0.0,24685.23
BTCUSDT,1785666600,2026-08-02 10:30:00+00:00,63120.0,63191.2,63120.0,63178.6,0.0,-442.2,442.2
BTCUSDT,1785667500,2026-08-02 10:45:00+00:00,63178.6,63185.8,63167.8,63176.7,0.0,0.0,0.0
BTCUSDT,1785668400,2026-08-02 11:00:00+00:00,63176.6,63176.7,63110.1,63137.8,0.0,0.0,0.0
BTCUSDT,1785669300,2026-08-02 11:15:00+00:00,63137.7,63186.1,63086.7,63129.7,568.17,0.0,568.17
BTCUSDT,1785670200,2026-08-02 11:30:00+00:00,63129.7,63159.6,63071.4,63094.6,16967.54,-2397.09,19364.63
BTCUSDT,1785671100,2026-08-02 11:45:00+00:00,63094.6,63146.4,62961.1,63007.3,251183.26,0.0,251183.26
BTCUSDT,1785672000,2026-08-02 12:00:00+00:00,63007.2,63158.1,63007.2,63152.7,0.0,-1010.51,1010.51
BTCUSDT,1785672900,2026-08-02 12:15:00+00:00,63152.6,63215.1,63125.3,63155.6,0.0,-2843.08,2843.08
BTCUSDT,1785673800,2026-08-02 12:30:00+00:00,63155.5,63190.0,63083.6,63123.1,0.0,0.0,0.0
BTCUSDT,1785674700,2026-08-02 12:45:00+00:00,63123.0,63134.8,63087.2,63097.2,0.0,0.0,0.0
BTCUSDT,1785675600,2026-08-02 13:00:00+00:00,63097.2,63119.2,63063.5,63086.0,0.0,0.0,0.0
BTCUSDT,1785676500,2026-08-02 13:15:00+00:00,63086.1,63089.5,63022.3,63056.0,1323.68,0.0,1323.68
BTCUSDT,1785677400,2026-08-02 13:30:00+00:00,63056.1,63082.8,62974.4,63070.1,2979.54,-1135.15,4114.6900000000005
BTCUSDT,1785678300,2026-08-02 13:45:00+00:00,63070.2,63113.9,63064.6,63095.0,0.0,0.0,0.0
BTCUSDT,1785679200,2026-08-02 14:00:00+00:00,63095.0,63095.0,63031.7,63065.0,2017.63,0.0,2017.63
BTCUSDT,1785680100,2026-08-02 14:15:00+00:00,63065.0,63134.2,63065.0,63104.7,1956.26,-252.42,2208.68
BTCUSDT,1785681000,2026-08-02 14:30:00+00:00,63104.8,63163.2,63067.0,63129.3,189.24,0.0,189.24
BTCUSDT,1785681900,2026-08-02 14:45:00+00:00,63129.2,63134.9,63034.0,63042.7,0.0,-2395.3,2395.3
BTCUSDT,1785682800,2026-08-02 15:00:00+00:00,63042.6,63101.0,63023.0,63096.1,0.0,0.0,0.0
BTCUSDT,1785683700,2026-08-02 15:15:00+00:00,63096.0,63108.8,63075.0,63100.0,0.0,-189.23,189.23
BTCUSDT,1785684600,2026-08-02 15:30:00+00:00,63100.0,63158.2,63100.0,63119.8,631.14,-55847.66,56478.8
BTCUSDT,1785685500,2026-08-02 15:45:00+00:00,63119.8,63129.1,63078.4,63081.6,0.0,0.0,0.0
BTCUSDT,1785686400,2026-08-02 16:00:00+00:00,63081.6,63115.9,63038.0,63080.3,1513.39,0.0,1513.39
BTCUSDT,1785687300,2026-08-02 16:15:00+00:00,63080.3,63108.2,63047.0,63086.9,189.3,-5237.69,5426.99
BTCUSDT,1785688200,2026-08-02 16:30:00+00:00,63087.0,63258.8,63075.8,63198.8,63.15,-30265.15,30328.300000000003
BTCUSDT,1785689100,2026-08-02 16:45:00+00:00,63198.8,63211.6,63158.6,63158.6,0.0,0.0,0.0
BTCUSDT,1785690000,2026-08-02 17:00:00+00:00,63158.6,63198.9,63130.0,63191.0,0.0,-1452.99,1452.99
BTCUSDT,1785690900,2026-08-02 17:15:00+00:00,63190.9,63323.6,63166.3,63265.3,0.0,-103719.76,103719.76
BTCUSDT,1785691800,2026-08-02 17:30:00+00:00,63265.2,63303.3,63265.2,63302.2,0.0,0.0,0.0
BTCUSDT,1785692700,2026-08-02 17:45:00+00:00,63302.1,63310.0,63279.5,63279.7,0.0,0.0,0.0
BTCUSDT,1785693600,2026-08-02 18:00:00+00:00,63279.6,63310.0,63269.9,63292.6,1772.53,0.0,1772.53
BTCUSDT,1785694500,2026-08-02 18:15:00+00:00,63292.5,63305.0,63266.4,63268.9,0.0,0.0,0.0
BTCUSDT,1785695400,2026-08-02 18:30:00+00:00,63269.0,63594.6,63268.9,63482.5,0.0,-89069.16,89069.16
BTCUSDT,1785696300,2026-08-02 18:45:00+00:00,63482.6,63492.8,63350.3,63364.2,9385.04,0.0,9385.04
BTCUSDT,1785697200,2026-08-02 19:00:00+00:00,63364.2,63373.1,63322.8,63336.1,569.99,0.0,569.99
BTCUSDT,1785698100,2026-08-02 19:15:00+00:00,63336.2,63352.9,63306.0,63306.0,0.0,0.0,0.0
BTCUSDT,1785699000,2026-08-02 19:30:00+00:00,63306.1,63381.1,63306.0,63380.6,17852.35,-1202.99,19055.34
BTCUSDT,1785699900,2026-08-02 19:45:00+00:00,63380.6,63459.8,63380.6,63432.9,3806.17,-61607.55,65413.72
BTCUSDT,1785700800,2026-08-02 20:00:00+00:00,63433.0,63449.4,63391.3,63441.3,1204.6,-1014.72,2219.32
BTCUSDT,1785701700,2026-08-02 20:15:00+00:00,63441.3,63478.0,63383.0,63389.0,0.0,-2031.26,2031.26
BTCUSDT,1785702600,2026-08-02 20:30:00+00:00,63389.0,63437.5,63389.0,63413.7,190.17,-824.69,1014.86
BTCUSDT,1785703500,2026-08-02 20:45:00+00:00,63413.8,63483.3,63394.1,63477.2,0.0,-63.48,63.48
BTCUSDT,1785704400,2026-08-02 21:00:00+00:00,63477.3,63554.3,63459.9,63504.5,0.0,-106529.92,106529.92
BTCUSDT,1785705300,2026-08-02 21:15:00+00:00,63504.5,63534.3,63488.0,63522.8,9843.88,0.0,9843.88
BTCUSDT,1785706200,2026-08-02 21:30:00+00:00,63522.8,63766.1,63485.3,63675.5,16574.79,-24896.57,41471.36
BTCUSDT,1785707100,2026-08-02 21:45:00+00:00,63675.5,63774.6,63532.4,63560.0,890.36,-161428.55,162318.90999999997
BTCUSDT,1785708000,2026-08-02 22:00:00+00:00,63560.0,63779.0,63559.9,63675.0,0.0,-2802.34,2802.34
BTCUSDT,1785708900,2026-08-02 22:15:00+00:00,63675.0,63769.6,63554.0,63571.2,0.0,-20520.46,20520.46
BTCUSDT,1785709800,2026-08-02 22:30:00+00:00,63571.1,63580.7,63343.2,63491.7,138291.14,0.0,138291.14
BTCUSDT,1785710700,2026-08-02 22:45:00+00:00,63491.6,63547.0,63394.9,63398.0,0.0,0.0,0.0
BTCUSDT,1785711600,2026-08-02 23:00:00+00:00,63398.0,63431.6,63306.2,63339.1,16024.06,0.0,16024.06
BTCUSDT,1785712500,2026-08-02 23:15:00+00:00,63339.0,63530.0,63314.0,63514.8,0.0,-34985.0,34985.0
BTCUSDT,1785713400,2026-08-02 23:30:00+00:00,63514.9,63577.1,63463.0,63502.7,0.0,-127.12,127.12
BTCUSDT,1785714300,2026-08-02 23:45:00+00:00,63502.6,63550.0,63456.1,63550.0,0.0,0.0,0.0
BTCUSDT,1785715200,2026-08-03 00:00:00+00:00,63550.0,63575.6,63359.9,63401.1,380.49,0.0,380.49
BTCUSDT,1785716100,2026-08-03 00:15:00+00:00,63401.2,63424.2,63218.5,63239.5,2027.66,0.0,2027.66
BTCUSDT,1785717000,2026-08-03 00:30:00+00:00,63239.4,63400.0,63168.3,63308.7,33256.53,-1964.73,35221.26
BTCUSDT,1785717900,2026-08-03 00:45:00+00:00,63308.8,63333.1,63245.0,63298.9,20121.45,-63.3,20184.75
BTCUSDT,1785718800,2026-08-03 01:00:00+00:00,63299.0,63332.8,63154.9,63200.1,21983.7,0.0,21983.7
BTCUSDT,1785719700,2026-08-03 01:15:00+00:00,63200.1,63240.8,63088.0,63152.8,163485.35,0.0,163485.35
BTCUSDT,1785720600,2026-08-03 01:30:00+00:00,63152.9,63228.2,63137.0,63200.0,0.0,0.0,0.0
BTCUSDT,1785721500,2026-08-03 01:45:00+00:00,63200.0,63210.3,63138.1,63185.9,63.18,0.0,63.18
BTCUSDT,1785722400,2026-08-03 02:00:00+00:00,63185.9,63209.3,63116.6,63180.0,4547.3,-126.4,4673.7
BTCUSDT,1785723300,2026-08-03 02:15:00+00:00,63180.0,63266.1,63068.1,63102.2,298638.69,0.0,298638.69
BTCUSDT,1785724200,2026-08-03 02:30:00+00:00,63102.1,63199.0,63084.1,63156.9,3849.32,0.0,3849.32
BTCUSDT,1785725100,2026-08-03 02:45:00+00:00,63157.0,63175.5,63095.0,63118.3,6309.5,0.0,6309.5
BTCUSDT,1785726000,2026-08-03 03:00:00+00:00,63118.2,63152.8,63071.7,63090.1,7381.45,0.0,7381.45
BTCUSDT,1785726900,2026-08-03 03:15:00+00:00,63090.0,63120.8,63045.0,63058.3,125481.95,0.0,125481.95
BTCUSDT,1785727800,2026-08-03 03:30:00+00:00,63058.4,63069.4,63010.8,63042.4,114226.79,0.0,114226.79
BTCUSDT,1785728700,2026-08-03 03:45:00+00:00,63042.4,63042.4,62745.0,62839.7,2253008.09,-439.96,2253448.05
BTCUSDT,1785729600,2026-08-03 04:00:00+00:00,62839.8,62916.5,62786.3,62845.0,439.79,-1068.86,1508.65
BTCUSDT,1785730500,2026-08-03 04:15:00+00:00,62844.9,62956.4,62844.9,62947.0,0.0,0.0,0.0
BTCUSDT,1785731400,2026-08-03 04:30:00+00:00,62947.0,62976.8,62932.0,62954.9,0.0,0.0,0.0
BTCUSDT,1785732300,2026-08-03 04:45:00+00:00,62954.8,62954.8,62745.3,62765.3,53235.3,0.0,53235.3
BTCUSDT,1785733200,2026-08-03 05:00:00+00:00,62765.2,62845.6,62716.0,62823.6,455701.32,0.0,455701.32
BTCUSDT,1785734100,2026-08-03 05:15:00+00:00,62823.6,62848.0,62766.2,62790.3,439.39,0.0,439.39
BTCUSDT,1785735000,2026-08-03 05:30:00+00:00,62790.3,62825.0,62742.8,62779.0,137121.29,0.0,137121.29
BTCUSDT,1785735900,2026-08-03 05:45:00+00:00,62779.0,62840.0,62775.0,62799.9,0.0,0.0,0.0
BTCUSDT,1785736800,2026-08-03 06:00:00+00:00,62800.0,62850.1,62792.4,62815.5,1256.03,0.0,1256.03
BTCUSDT,1785737700,2026-08-03 06:15:00+00:00,62815.5,62824.6,62725.3,62765.0,627.5,-62.77,690.27
BTCUSDT,1785738600,2026-08-03 06:30:00+00:00,62764.9,62819.4,62605.4,62605.4,2857175.72,0.0,2857175.72
BTCUSDT,1785739500,2026-08-03 06:45:00+00:00,62605.4,62659.3,62576.2,62594.9,131453.79,-939.61,132393.4
BTCUSDT,1785740400,2026-08-03 07:00:00+00:00,62594.8,62648.6,62562.1,62575.1,473514.64,0.0,473514.64
BTCUSDT,1785741300,2026-08-03 07:15:00+00:00,62575.1,62643.8,62520.0,62613.9,183522.16,0.0,183522.16
BTCUSDT,1785742200,2026-08-03 07:30:00+00:00,62613.9,62671.6,62566.1,62610.6,0.0,0.0,0.0
BTCUSDT,1785743100,2026-08-03 07:45:00+00:00,62610.5,62645.0,62541.2,62591.0,327.23,0.0,327.23
BTCUSDT,1785744000,2026-08-03 08:00:00+00:00,62591.0,62624.0,62485.7,62543.9,188582.97,-2755.06,191338.03
BTCUSDT,1785744900,2026-08-03 08:15:00+00:00,62543.9,62543.9,62292.9,62307.0,4881713.34,0.0,4881713.34
BTCUSDT,1785745800,2026-08-03 08:30:00+00:00,62306.9,62416.7,62268.2,62410.6,88567.18,0.0,88567.18
BTCUSDT,1785746700,2026-08-03 08:45:00+00:00,62410.7,62517.7,62403.9,62512.4,0.0,-249.82,249.82
BTCUSDT,1785747600,2026-08-03 09:00:00+00:00,62512.4,62581.2,62487.9,62542.8,10690.64,-51272.36,61963.0
BTCUSDT,1785748500,2026-08-03 09:15:00+00:00,62542.7,62643.0,62542.7,62620.0,0.0,-3191.68,3191.68
BTCUSDT,1785749400,2026-08-03 09:30:00+00:00,62619.9,62684.2,62596.6,62662.1,1064.35,-17975.95,19040.3
BTCUSDT,1785750300,2026-08-03 09:45:00+00:00,62662.1,62846.3,62662.1,62806.0,0.0,-34991.72,34991.72
BTCUSDT,1785751200,2026-08-03 10:00:00+00:00,62806.0,62838.5,62736.2,62761.2,1695.6,0.0,1695.6
BTCUSDT,1785752100,2026-08-03 10:15:00+00:00,62761.1,62808.3,62702.0,62714.3,753.12,0.0,753.12
BTCUSDT,1785753000,2026-08-03 10:30:00+00:00,62714.2,62714.3,62634.4,62680.1,250.74,0.0,250.74
BTCUSDT,1785753900,2026-08-03 10:45:00+00:00,62680.1,62754.9,62584.8,62708.8,10768.43,0.0,10768.43
BTCUSDT,1785754800,2026-08-03 11:00:00+00:00,62708.9,62715.4,62555.5,62617.0,19712.62,0.0,19712.62
BTCUSDT,1785755700,2026-08-03 11:15:00+00:00,62616.9,62744.8,62606.7,62672.3,0.0,-6334.08,6334.08
BTCUSDT,1785756600,2026-08-03 11:30:00+00:00,62672.2,62746.4,62637.0,62668.1,0.0,-12095.75,12095.75
BTCUSDT,1785757500,2026-08-03 11:45:00+00:00,62668.1,62677.3,62506.8,62534.1,939.45,-31324.8,32264.25
BTCUSDT,1785758400,2026-08-03 12:00:00+00:00,62534.1,62583.8,62400.0,62525.0,124332.75,-375.31,124708.06
BTCUSDT,1785759300,2026-08-03 12:15:00+00:00,62525.1,62661.8,62514.0,62599.4,187.81,-50619.8,50807.61
BTCUSDT,1785760200,2026-08-03 12:30:00+00:00,62599.3,62733.1,62582.2,62733.1,0.0,-19685.07,19685.07
BTCUSDT,1785761100,2026-08-03 12:45:00+00:00,62733.1,62769.1,62657.0,62669.9,0.0,-18575.02,18575.02
BTCUSDT,1785762000,2026-08-03 13:00:00+00:00,62669.9,62758.3,62666.8,62746.7,1442.09,0.0,1442.09
BTCUSDT,1785762900,2026-08-03 13:15:00+00:00,62746.8,62979.5,62690.2,62737.2,942.2,-475535.48,476477.68
BTCUSDT,1785763800,2026-08-03 13:30:00+00:00,62737.3,62915.9,62533.3,62901.5,347738.12,-42705.12,390443.24
BTCUSDT,1785764700,2026-08-03 13:45:00+00:00,62901.6,63368.1,62778.5,63317.6,0.0,-8168940.48,8168940.48
BTCUSDT,1785765600,2026-08-03 14:00:00+00:00,63317.7,63422.9,63109.7,63299.0,5430.27,-253.43,5683.700000000001
BTCUSDT,1785766500,2026-08-03 14:15:00+00:00,63299.1,63770.9,63133.0,63737.4,73341.82,-442853.26,516195.08
BTCUSDT,1785767400,2026-08-03 14:30:00+00:00,63737.3,63884.6,63605.5,63756.3,6365.54,-441424.3,447789.84
BTCUSDT,1785768300,2026-08-03 14:45:00+00:00,63756.4,63956.4,63626.8,63927.9,194613.11,-62564.34,257177.45
BTCUSDT,1785769200,2026-08-03 15:00:00+00:00,63928.0,63960.0,63725.2,63789.4,574.21,-22128.71,22702.92
BTCUSDT,1785770100,2026-08-03 15:15:00+00:00,63789.4,63828.0,63642.1,63678.5,637.16,0.0,637.16
BTCUSDT,1785771000,2026-08-03 15:30:00+00:00,63678.5,63876.5,63672.0,63750.3,0.0,-136668.13,136668.13
BTCUSDT,1785771900,2026-08-03 15:45:00+00:00,63750.2,63814.1,63610.2,63659.5,0.0,-127.51,127.51
BTCUSDT,1785772800,2026-08-03 16:00:00+00:00,63659.5,63862.8,63626.2,63770.6,236079.09,-51144.14,287223.23
BTCUSDT,1785773700,2026-08-03 16:15:00+00:00,63770.5,63907.4,63762.6,63868.4,0.0,-40998.22,40998.22
BTCUSDT,1785774600,2026-08-03 16:30:00+00:00,63868.4,63868.4,63677.1,63739.7,0.0,-127.68,127.68
BTCUSDT,1785775500,2026-08-03 16:45:00+00:00,63739.7,63850.0,63708.0,63738.0,63.8,-123549.75,123613.55
BTCUSDT,1785776400,2026-08-03 17:00:00+00:00,63737.9,63829.9,63680.0,63820.6,0.0,0.0,0.0
BTCUSDT,1785777300,2026-08-03 17:15:00+00:00,63820.7,64049.5,63780.5,63792.0,0.0,-765.82,765.82
BTCUSDT,1785778200,2026-08-03 17:30:00+00:00,63792.1,63906.4,63757.4,63862.4,0.0,-2809.83,2809.83
BTCUSDT,1785779100,2026-08-03 17:45:00+00:00,63862.4,63927.6,63835.1,63874.1,0.0,-191.51,191.51
BTCUSDT,1785780000,2026-08-03 18:00:00+00:00,63874.1,63973.1,63835.2,63935.1,63.92,-4731.9,4795.82
BTCUSDT,1785780900,2026-08-03 18:15:00+00:00,63935.0,63955.0,63777.3,63817.8,4974.77,0.0,4974.77
BTCUSDT,1785781800,2026-08-03 18:30:00+00:00,63817.9,63896.6,63770.7,63821.4,0.0,0.0,0.0
BTCUSDT,1785782700,2026-08-03 18:45:00+00:00,63821.5,63887.8,63735.0,63835.5,573.82,0.0,573.82
BTCUSDT,1785783600,2026-08-03 19:00:00+00:00,63835.6,63900.0,63807.3,63892.2,0.0,0.0,0.0
BTCUSDT,1785784500,2026-08-03 19:15:00+00:00,63892.2,63979.6,63888.7,63932.7,191.72,0.0,191.72
BTCUSDT,1785785400,2026-08-03 19:30:00+00:00,63932.7,64058.8,63831.8,63919.4,4342.87,-95616.19,99959.06
BTCUSDT,1785786300,2026-08-03 19:45:00+00:00,63919.4,63940.8,63829.0,63836.9,0.0,-1278.4,1278.4
BTCUSDT,1785787200,2026-08-03 20:00:00+00:00,63836.9,63922.8,63781.2,63864.1,1658.55,-63.79,1722.34
BTCUSDT,1785788100,2026-08-03 20:15:00+00:00,63864.1,63992.9,63860.0,63917.4,0.0,-153572.7,153572.7
BTCUSDT,1785789000,2026-08-03 20:30:00+00:00,63917.4,63917.5,63875.3,63886.8,0.0,-127.82,127.82
BTCUSDT,1785789900,2026-08-03 20:45:00+00:00,63886.8,63888.0,63737.2,63755.9,14341.94,0.0,14341.94
BTCUSDT,1785790800,2026-08-03 21:00:00+00:00,63755.9,63759.5,63688.1,63693.2,21278.85,0.0,21278.85
BTCUSDT,1785791700,2026-08-03 21:15:00+00:00,63693.3,63763.5,63655.0,63697.9,16551.96,0.0,16551.96
BTCUSDT,1785792600,2026-08-03 21:30:00+00:00,63697.9,63704.3,63638.1,63659.8,2545.74,0.0,2545.74
BTCUSDT,1785793500,2026-08-03 21:45:00+00:00,63659.9,63659.9,63505.4,63561.1,262173.77,0.0,262173.77
BTCUSDT,1785794400,2026-08-03 22:00:00+00:00,63561.1,63588.6,63352.2,63471.9,727502.42,0.0,727502.42
BTCUSDT,1785795300,2026-08-03 22:15:00+00:00,63471.9,63648.7,63471.9,63501.7,0.0,-14505.36,14505.36
BTCUSDT,1785796200,2026-08-03 22:30:00+00:00,63501.7,63536.2,63463.4,63479.3,63.48,0.0,63.48
BTCUSDT,1785797100,2026-08-03 22:45:00+00:00,63479.3,63612.8,63479.3,63587.6,63.6,-2544.0,2607.6
BTCUSDT,1785798000,2026-08-03 23:00:00+00:00,63587.6,63587.6,63503.2,63513.5,0.0,0.0,0.0
BTCUSDT,1785798900,2026-08-03 23:15:00+00:00,63513.6,63596.5,63508.0,63548.9,0.0,-254.2,254.2
BTCUSDT,1785799800,2026-08-03 23:30:00+00:00,63549.0,63549.0,63435.3,63478.0,10791.24,0.0,10791.24
BTCUSDT,1785800700,2026-08-03 23:45:00+00:00,63478.0,63497.3,63454.5,63497.2,0.0,0.0,0.0
BTCUSDT,1785801600,2026-08-04 00:00:00+00:00,63497.1,63558.8,63440.3,63440.3,0.0,0.0,0.0
BTCUSDT,1785802500,2026-08-04 00:15:00+00:00,63440.4,63474.5,63356.4,63423.0,3550.71,-63.42,3614.13
BTCUSDT,1785803400,2026-08-04 00:30:00+00:00,63423.0,63423.0,63310.0,63371.2,265723.31,0.0,265723.31
BTCUSDT,1785804300,2026-08-04 00:45:00+00:00,63371.2,63453.5,63290.2,63337.6,0.0,-190.34,190.34
BTCUSDT,1785805200,2026-08-04 01:00:00+00:00,63337.6,63467.2,63337.5,63447.3,1013.46,0.0,1013.46
BTCUSDT,1785806100,2026-08-04 01:15:00+00:00,63447.3,63554.8,63393.7,63499.8,0.0,-38122.51,38122.51
BTCUSDT,1785807000,2026-08-04 01:30:00+00:00,63499.8,63911.6,63499.7,63788.1,318.06,-224661.23,224979.29
BTCUSDT,1785807900,2026-08-04 01:45:00+00:00,63788.2,63855.2,63709.8,63816.1,0.0,0.0,0.0
BTCUSDT,1785808800,2026-08-04 02:00:00+00:00,63816.1,63842.5,63724.9,63736.1,0.0,0.0,0.0
BTCUSDT,1785809700,2026-08-04 02:15:00+00:00,63736.0,63779.1,63656.8,63665.1,1146.35,0.0,1146.35
BTCUSDT,1785810600,2026-08-04 02:30:00+00:00,63665.1,63958.6,63651.8,63870.8,0.0,-78503.13,78503.13
BTCUSDT,1785811500,2026-08-04 02:45:00+00:00,63870.8,63900.0,63781.1,63802.3,191.37,0.0,191.37
BTCUSDT,1785812400,2026-08-04 03:00:00+00:00,63802.3,63815.2,63656.9,63656.9,34423.98,-1402.47,35826.450000000004
BTCUSDT,1785813300,2026-08-04 03:15:00+00:00,63656.9,63770.8,63624.1,63751.7,2100.14,-127.33,2227.47
BTCUSDT,1785814200,2026-08-04 03:30:00+00:00,63751.7,63843.7,63751.7,63804.9,0.0,-23169.22,23169.22
BTCUSDT,1785815100,2026-08-04 03:45:00+00:00,63804.9,63809.9,63771.0,63771.0,0.0,-3316.28,3316.28
BTCUSDT,1785816000,2026-08-04 04:00:00+00:00,63771.0,63802.9,63732.0,63777.9,0.0,-127.61,127.61
BTCUSDT,1785816900,2026-08-04 04:15:00+00:00,63778.0,63850.7,63770.9,63806.3,0.0,-255.21,255.21
BTCUSDT,1785817800,2026-08-04 04:30:00+00:00,63806.2,64035.8,63806.2,64035.8,63.86,-236394.7,236458.56
BTCUSDT,1785818700,2026-08-04 04:45:00+00:00,64035.8,64239.8,64004.4,64004.4,0.0,-738718.15,738718.15
BTCUSDT,1785819600,2026-08-04 05:00:00+00:00,64004.5,64032.8,63812.0,63812.1,1726.23,0.0,1726.23
BTCUSDT,1785820500,2026-08-04 05:15:00+00:00,63812.0,63866.6,63777.8,63790.5,3572.33,0.0,3572.33
BTCUSDT,1785821400,2026-08-04 05:30:00+00:00,63790.6,63836.1,63773.6,63830.7,0.0,0.0,0.0
BTCUSDT,1785822300,2026-08-04 05:45:00+00:00,63830.6,63830.7,63762.0,63783.7,9564.3,0.0,9564.3
BTCUSDT,1785823200,2026-08-04 06:00:00+00:00,63783.6,63820.7,63744.2,63771.9,0.0,0.0,0.0
BTCUSDT,1785824100,2026-08-04 06:15:00+00:00,63771.9,63830.0,63719.3,63734.8,2612.93,0.0,2612.93
BTCUSDT,1785825000,2026-08-04 06:30:00+00:00,63734.8,63749.2,63659.7,63675.0,313853.33,0.0,313853.33
BTCUSDT,1785825900,2026-08-04 06:45:00+00:00,63675.0,63680.0,63630.0,63653.4,6363.42,-6109.3,12472.72
BTCUSDT,1785826800,2026-08-04 07:00:00+00:00,63653.3,63653.4,63561.0,63569.8,169488.98,0.0,169488.98
BTCUSDT,1785827700,2026-08-04 07:15:00+00:00,63569.9,63620.0,63480.0,63617.9,152470.19,-761.95,153232.14
BTCUSDT,1785828600,2026-08-04 07:30:00+00:00,63617.8,63736.6,63610.1,63641.7,0.0,-48475.06,48475.06
BTCUSDT,1785829500,2026-08-04 07:45:00+00:00,63641.8,63736.9,63641.7,63666.5,0.0,0.0,0.0
BTCUSDT,1785830400,2026-08-04 08:00:00+00:00,63666.5,63730.0,63603.4,63627.0,0.0,-9043.97,9043.97
BTCUSDT,1785831300,2026-08-04 08:15:00+00:00,63627.0,63645.6,63567.8,63602.9,63.62,0.0,63.62
BTCUSDT,1785832200,2026-08-04 08:30:00+00:00,63603.0,63603.0,63539.0,63600.0,1143.71,0.0,1143.71
BTCUSDT,1785833100,2026-08-04 08:45:00+00:00,63600.0,63602.6,63551.7,63559.7,0.0,0.0,0.0
BTCUSDT,1785834000,2026-08-04 09:00:00+00:00,63559.7,63568.0,63513.7,63535.8,1715.13,0.0,1715.13
BTCUSDT,1785834900,2026-08-04 09:15:00+00:00,63535.8,63577.0,63495.4,63553.1,14541.96,0.0,14541.96
BTCUSDT,1785835800,2026-08-04 09:30:00+00:00,63553.1,63573.0,63504.0,63545.2,698.7,0.0,698.7
BTCUSDT,1785836700,2026-08-04 09:45:00+00:00,63545.2,63589.2,63518.7,63576.4,0.0,-127.05,127.05
BTCUSDT,1785837600,2026-08-04 10:00:00+00:00,63576.4,63590.0,63480.0,63486.9,6351.38,-381.43,6732.81
BTCUSDT,1785838500,2026-08-04 10:15:00+00:00,63486.8,63551.2,63428.8,63445.1,401507.66,-635.01,402142.67
BTCUSDT,1785839400,2026-08-04 10:30:00+00:00,63445.1,63653.0,63436.0,63645.0,0.0,-338823.14,338823.14
BTCUSDT,1785840300,2026-08-04 10:45:00+00:00,63645.0,63818.7,63628.9,63743.3,0.0,-208301.75,208301.75
BTCUSDT,1785841200,2026-08-04 11:00:00+00:00,63743.4,63785.2,63690.6,63714.8,0.0,0.0,0.0
BTCUSDT,1785842100,2026-08-04 11:15:00+00:00,63714.8,63845.5,63679.5,63756.2,0.0,-5553.12,5553.12
BTCUSDT,1785843000,2026-08-04 11:30:00+00:00,63756.2,63865.7,63692.0,63850.5,0.0,-16342.77,16342.77
BTCUSDT,1785843900,2026-08-04 11:45:00+00:00,63850.5,63926.0,63811.9,63900.2,0.0,-179192.94,179192.94
BTCUSDT,1785844800,2026-08-04 12:00:00+00:00,63900.2,63900.2,63784.0,63784.0,0.0,0.0,0.0
BTCUSDT,1785845700,2026-08-04 12:15:00+00:00,63784.1,63816.4,63763.1,63813.3,63.76,0.0,63.76
BTCUSDT,1785846600,2026-08-04 12:30:00+00:00,63813.4,64034.3,63789.8,63932.7,0.0,-1087174.25,1087174.25
BTCUSDT,1785847500,2026-08-04 12:45:00+00:00,63932.8,63980.8,63875.1,63875.1,0.0,-766.78,766.78
BTCUSDT,1785848400,2026-08-04 13:00:00+00:00,63875.2,63989.0,63819.3,63915.9,191.51,-14511.59,14703.1
BTCUSDT,1785849300,2026-08-04 13:15:00+00:00,63915.9,63991.0,63832.9,63860.4,0.0,-191.75,191.75
BTCUSDT,1785850200,2026-08-04 13:30:00+00:00,63860.5,64080.0,63793.1,64000.0,34777.32,-127599.08,162376.4
BTCUSDT,1785851100,2026-08-04 13:45:00+00:00,64000.0,64000.0,63625.5,63663.7,138134.86,-1661.22,139796.08
BTCUSDT,1785852000,2026-08-04 14:00:00+00:00,63663.7,63898.5,63582.1,63779.8,257838.97,-3893.79,261732.76
BTCUSDT,1785852900,2026-08-04 14:15:00+00:00,63779.7,63881.2,63590.3,63864.9,6937.07,0.0,6937.07
BTCUSDT,1785853800,2026-08-04 14:30:00+00:00,63864.9,64168.7,63829.3,64098.6,0.0,-305333.8,305333.8
BTCUSDT,1785854700,2026-08-04 14:45:00+00:00,64098.5,64177.0,64028.2,64100.0,0.0,-23720.7,23720.7
BTCUSDT,1785855600,2026-08-04 15:00:00+00:00,64100.0,64197.7,63967.1,64039.5,3070.61,-43771.94,46842.55
BTCUSDT,1785856500,2026-08-04 15:15:00+00:00,64039.5,64039.5,63900.4,63923.6,3835.59,0.0,3835.59
BTCUSDT,1785857400,2026-08-04 15:30:00+00:00,63923.5,64104.8,63782.7,64099.8,463491.92,-64993.96,528485.88
BTCUSDT,1785858300,2026-08-04 15:45:00+00:00,64099.9,64200.0,64052.5,64088.4,0.0,-126173.43,126173.43
BTCUSDT,1785859200,2026-08-04 16:00:00+00:00,64088.3,64104.0,63943.2,64006.7,4992.63,-512.08,5504.71
BTCUSDT,1785860100,2026-08-04 16:15:00+00:00,64006.7,64088.6,63976.7,63997.2,320.09,-128.06,448.15
BTCUSDT,1785861000,2026-08-04 16:30:00+00:00,63997.2,64032.0,63866.5,63914.0,12269.28,0.0,12269.28
BTCUSDT,1785861900,2026-08-04 16:45:00+00:00,63914.1,63987.6,63880.0,63928.9,255.54,0.0,255.54
BTCUSDT,1785862800,2026-08-04 17:00:00+00:00,63928.8,64159.4,63928.8,64043.0,0.0,-15637.09,15637.09
BTCUSDT,1785863700,2026-08-04 17:15:00+00:00,64043.0,64146.4,64000.0,64130.9,0.0,-207491.97,207491.97
BTCUSDT,1785864600,2026-08-04 17:30:00+00:00,64130.9,64147.0,64060.5,64060.6,0.0,-2884.3,2884.3
BTCUSDT,1785865500,2026-08-04 17:45:00+00:00,64060.5,64073.0,63856.4,63936.1,98410.81,-959.31,99370.12
BTCUSDT,1785866400,2026-08-04 18:00:00+00:00,63936.2,64195.0,63932.0,64191.0,0.0,-165223.72,165223.72
BTCUSDT,1785867300,2026-08-04 18:15:00+00:00,64191.0,64370.0,64167.2,64331.8,0.0,-1889628.57,1889628.57
BTCUSDT,1785868200,2026-08-04 18:30:00+00:00,64331.7,64370.0,64174.3,64265.1,0.0,-12680.89,12680.89
BTCUSDT,1785869100,2026-08-04 18:45:00+00:00,64265.2,64299.3,64240.1,64270.7,0.0,-2956.25,2956.25
BTCUSDT,1785870000,2026-08-04 19:00:00+00:00,64270.8,64348.9,64251.4,64316.5,0.0,-1414.16,1414.16
BTCUSDT,1785870900,2026-08-04 19:15:00+00:00,64316.4,64338.6,64229.1,64249.9,0.0,0.0,0.0
BTCUSDT,1785871800,2026-08-04 19:30:00+00:00,64249.9,64388.0,64217.1,64351.1,64258.0,0.0,64258.0
BTCUSDT,1785872700,2026-08-04 19:45:00+00:00,64351.1,64360.0,64140.1,64197.3,21051.45,0.0,21051.45
BTCUSDT,1785873600,2026-08-04 20:00:00+00:00,64197.3,64211.4,64079.2,64144.1,12823.27,-2563.46,15386.73
BTCUSDT,1785874500,2026-08-04 20:15:00+00:00,64144.0,64144.0,63918.2,64089.0,598203.11,-7424.13,605627.24
BTCUSDT,1785875400,2026-08-04 20:30:00+00:00,64088.9,64397.6,64088.9,64358.6,0.0,-2118.07,2118.07
BTCUSDT,1785876300,2026-08-04 20:45:00+00:00,64358.7,64358.7,64272.7,64316.3,0.0,0.0,0.0
BTCUSDT,1785877200,2026-08-04 21:00:00+00:00,64316.4,64316.4,64168.1,64197.1,3856.71,0.0,3856.71
BTCUSDT,1785878100,2026-08-04 21:15:00+00:00,64197.0,64258.9,64155.6,64227.6,5453.51,0.0,5453.51
BTCUSDT,1785879000,2026-08-04 21:30:00+00:00,64227.6,64249.0,64162.9,64220.3,0.0,0.0,0.0
BTCUSDT,1785879900,2026-08-04 21:45:00+00:00,64220.3,64230.5,64145.9,64166.8,0.0,-1220.08,1220.08
BTCUSDT,1785880800,2026-08-04 22:00:00+00:00,64166.7,64202.1,64107.5,64202.1,320.66,-641.86,962.52
BTCUSDT,1785881700,2026-08-04 22:15:00+00:00,64202.0,64243.6,64143.3,64230.1,0.0,-834.85,834.85
BTCUSDT,1785882600,2026-08-04 22:30:00+00:00,64230.1,64267.2,64182.7,64185.7,0.0,0.0,0.0
BTCUSDT,1785883500,2026-08-04 22:45:00+00:00,64185.7,64238.0,64144.0,64238.0,0.0,0.0,0.0
BTCUSDT,1785884400,2026-08-04 23:00:00+00:00,64237.9,64454.5,64181.8,64396.1,0.0,-1047111.02,1047111.02
BTCUSDT,1785885300,2026-08-04 23:15:00+00:00,64396.1,64512.9,64145.1,64145.1,514.54,-786054.13,786568.67
BTCUSDT,1785886200,2026-08-04 23:30:00+00:00,64145.2,64233.0,64110.7,64181.8,0.0,0.0,0.0
BTCUSDT,1785887100,2026-08-04 23:45:00+00:00,64181.8,64195.7,64017.7,64075.5,7243.58,0.0,7243.58
BTCUSDT,1785888000,2026-08-05 00:00:00+00:00,64075.6,64075.6,63980.5,64000.1,360197.09,0.0,360197.09
BTCUSDT,1785888900,2026-08-05 00:15:00+00:00,64000.0,64040.4,63975.0,64040.4,4926.19,0.0,4926.19
BTCUSDT,1785889800,2026-08-05 00:30:00+00:00,64040.4,64163.8,63990.4,64040.4,0.0,-5773.61,5773.61
BTCUSDT,1785890700,2026-08-05 00:45:00+00:00,64040.3,64040.4,63951.1,63970.9,12729.93,0.0,12729.93
BTCUSDT,1785891600,2026-08-05 01:00:00+00:00,63970.9,64006.3,63917.1,63984.4,80075.49,0.0,80075.49
BTCUSDT,1785892500,2026-08-05 01:15:00+00:00,63984.5,64095.0,63925.5,64087.3,0.0,0.0,0.0
BTCUSDT,1785893400,2026-08-05 01:30:00+00:00,64087.3,64275.4,64087.2,64152.1,0.0,-34443.04,34443.04
BTCUSDT,1785894300,2026-08-05 01:45:00+00:00,64152.0,64321.3,64151.0,64306.3,0.0,-158171.72,158171.72
BTCUSDT,1785895200,2026-08-05 02:00:00+00:00,64306.3,64480.0,64301.2,64437.5,0.0,-291773.71,291773.71
BTCUSDT,1785896100,2026-08-05 02:15:00+00:00,64437.6,64461.2,64292.8,64384.3,1996.67,-1224.61,3221.28
BTCUSDT,1785897000,2026-08-05 02:30:00+00:00,64384.4,64459.0,64383.2,64409.7,64.45,-23574.71,23639.16
BTCUSDT,1785897900,2026-08-05 02:45:00+00:00,64409.7,64430.4,64332.6,64340.3,0.0,-1545.67,1545.67
BTCUSDT,1785898800,2026-08-05 03:00:00+00:00,64340.3,64416.9,64317.3,64325.3,0.0,-5149.51,5149.51
BTCUSDT,1785899700,2026-08-05 03:15:00+00:00,64325.4,64329.4,64029.3,64029.3,229117.62,0.0,229117.62
BTCUSDT,1785900600,2026-08-05 03:30:00+00:00,64029.4,64138.8,64010.1,64104.9,16198.65,0.0,16198.65
BTCUSDT,1785901500,2026-08-05 03:45:00+00:00,64105.0,64155.0,64104.9,64145.6,0.0,0.0,0.0
BTCUSDT,1785902400,2026-08-05 04:00:00+00:00,64145.6,64165.4,64090.4,64090.4,0.0,0.0,0.0
BTCUSDT,1785903300,2026-08-05 04:15:00+00:00,64090.3,64172.5,64052.4,64130.4,0.0,0.0,0.0
BTCUSDT,1785904200,2026-08-05 04:30:00+00:00,64130.4,64193.0,64126.0,64147.9,0.0,-128.3,128.3
BTCUSDT,1785905100,2026-08-05 04:45:00+00:00,64147.9,64161.1,64080.0,64141.5,128.31,-3527.22,3655.53
BTCUSDT,1785906000,2026-08-05 05:00:00+00:00,64141.5,64298.2,64131.5,64286.0,25980.35,-204590.67,230571.02
BTCUSDT,1785906900,2026-08-05 05:15:00+00:00,64286.0,64500.0,64266.6,64408.2,0.0,-22896.39,22896.39
BTCUSDT,1785907800,2026-08-05 05:30:00+00:00,64408.2,64412.3,64309.6,64332.8,0.0,-192.94,192.94
BTCUSDT,1785908700,2026-08-05 05:45:00+00:00,64332.8,64345.0,64281.4,64307.7,257.13,0.0,257.13
BTCUSDT,1785909600,2026-08-05 06:00:00+00:00,64307.7,64336.8,64277.2,64292.5,0.0,-64.3,64.3
BTCUSDT,1785910500,2026-08-05 06:15:00+00:00,64292.5,64316.7,64251.9,64279.8,0.0,0.0,0.0
BTCUSDT,1785911400,2026-08-05 06:30:00+00:00,64279.8,64345.8,64263.7,64263.7,0.0,0.0,0.0
BTCUSDT,1785912300,2026-08-05 06:45:00+00:00,64263.7,64263.8,64204.8,64226.0,0.0,-706.35,706.35
BTCUSDT,1785913200,2026-08-05 07:00:00+00:00,64226.0,64247.8,64131.3,64154.3,898.8,-64.2,963.0
BTCUSDT,1785914100,2026-08-05 07:15:00+00:00,64154.2,64154.3,64020.0,64050.1,21460.85,-704.61,22165.46
BTCUSDT,1785915000,2026-08-05 07:30:00+00:00,64050.1,64063.0,63962.4,63976.6,7295.72,0.0,7295.72
BTCUSDT,1785915900,2026-08-05 07:45:00+00:00,63976.7,64156.9,63976.6,64141.0,0.0,0.0,0.0
BTCUSDT,1785916800,2026-08-05 08:00:00+00:00,64141.0,64230.5,64107.8,64172.9,0.0,-115182.68,115182.68
BTCUSDT,1785917700,2026-08-05 08:15:00+00:00,64172.9,64250.4,64127.6,64248.2,705.98,0.0,705.98
BTCUSDT,1785918600,2026-08-05 08:30:00+00:00,64248.3,64257.1,64100.0,64105.7,0.0,-20363.67,20363.67
BTCUSDT,1785919500,2026-08-05 08:45:00+00:00,64105.6,64140.0,64066.1,64096.3,15889.33,-4103.81,19993.14
BTCUSDT,1785920400,2026-08-05 09:00:00+00:00,64096.4,64136.6,64068.4,64096.1,64.13,-1089.9,1154.0300000000002
BTCUSDT,1785921300,2026-08-05 09:15:00+00:00,64096.0,64162.2,64087.0,64130.4,769.89,-5003.59,5773.4800000000005
BTCUSDT,1785922200,2026-08-05 09:30:00+00:00,64130.4,64181.6,64130.4,64141.0,0.0,0.0,0.0
BTCUSDT,1785923100,2026-08-05 09:45:00+00:00,64141.0,64156.0,64120.0,64127.5,0.0,-64.15,64.15
BTCUSDT,1785924000,2026-08-05 10:00:00+00:00,64127.4,64162.6,64083.8,64118.2,0.0,0.0,0.0
BTCUSDT,1785924900,2026-08-05 10:15:00+00:00,64118.1,64217.0,64037.1,64184.8,95709.99,0.0,95709.99
BTCUSDT,1785925800,2026-08-05 10:30:00+00:00,64184.9,64209.2,64149.9,64159.9,256.62,-64.18,320.8
BTCUSDT,1785926700,2026-08-05 10:45:00+00:00,64160.0,64179.3,63982.2,64033.0,69782.74,-1024.68,70807.42
BTCUSDT,1785927600,2026-08-05 11:00:00+00:00,64033.0,64085.9,64028.0,64058.6,320.3,-1345.36,1665.66
BTCUSDT,1785928500,2026-08-05 11:15:00+00:00,64058.6,64062.1,64013.1,64044.0,0.0,-2882.03,2882.03
BTCUSDT,1785929400,2026-08-05 11:30:00+00:00,64044.0,64116.0,64025.1,64071.0,64.07,-37289.38,37353.45
BTCUSDT,1785930300,2026-08-05 11:45:00+00:00,64071.0,64076.3,64022.4,64044.6,5570.89,0.0,5570.89
BTCUSDT,1785931200,2026-08-05 12:00:00+00:00,64044.7,64200.0,64003.0,64172.3,17356.11,-192.18,17548.29
BTCUSDT,1785932100,2026-08-05 12:15:00+00:00,64172.2,64575.2,64154.0,64496.1,0.0,-3917405.2,3917405.2
BTCUSDT,1785933000,2026-08-05 12:30:00+00:00,64496.1,64525.0,64385.6,64441.9,0.0,-8768.87,8768.87
BTCUSDT,1785933900,2026-08-05 12:45:00+00:00,64441.9,64442.0,64295.3,64295.4,1736.85,-55834.63,57571.48
BTCUSDT,1785934800,2026-08-05 13:00:00+00:00,64295.3,64318.6,64070.0,64112.3,147556.56,-257.15,147813.71
BTCUSDT,1785935700,2026-08-05 13:15:00+00:00,64112.3,64183.0,64085.0,64116.8,0.0,0.0,0.0
BTCUSDT,1785936600,2026-08-05 13:30:00+00:00,64116.8,64265.7,63847.0,64151.2,334365.99,0.0,334365.99
BTCUSDT,1785937500,2026-08-05 13:45:00+00:00,64151.3,64387.0,64007.0,64387.0,14038.88,-2554421.61,2568460.49
BTCUSDT,1785938400,2026-08-05 14:00:00+00:00,64386.9,64505.9,64277.8,64443.2,0.0,-240016.96,240016.96
BTCUSDT,1785939300,2026-08-05 14:15:00+00:00,64443.2,64548.6,64289.8,64325.5,9132.96,-72679.24,81812.20000000001
BTCUSDT,1785940200,2026-08-05 14:30:00+00:00,64325.5,64437.1,64265.4,64390.6,17868.81,0.0,17868.81
BTCUSDT,1785941100,2026-08-05 14:45:00+00:00,64390.6,64510.0,64290.0,64443.3,0.0,-20824.23,20824.23
BTCUSDT,1785942000,2026-08-05 15:00:00+00:00,64443.4,64728.5,64418.3,64593.5,1805.85,-1757060.1,1758865.9500000002
BTCUSDT,1785942900,2026-08-05 15:15:00+00:00,64593.6,64606.7,64421.3,64469.3,37635.35,-3162.03,40797.38
BTCUSDT,1785943800,2026-08-05 15:30:00+00:00,64469.2,64700.1,64469.2,64521.5,0.0,-25288.2,25288.2
BTCUSDT,1785944700,2026-08-05 15:45:00+00:00,64521.5,64527.5,64348.7,64353.6,2960.59,0.0,2960.59
BTCUSDT,1785945600,2026-08-05 16:00:00+00:00,64353.6,64587.0,64352.5,64586.9,515.29,-9423.85,9939.14
BTCUSDT,1785946500,2026-08-05 16:15:00+00:00,64587.0,64740.5,64538.6,64719.9,129.36,-1384699.2,1384828.56
BTCUSDT,1785947400,2026-08-05 16:30:00+00:00,64719.9,64731.9,64620.9,64654.1,0.0,-35473.08,35473.08
BTCUSDT,1785948300,2026-08-05 16:45:00+00:00,64654.0,64655.6,64584.0,64631.9,0.0,-12213.13,12213.13
BTCUSDT,1785949200,2026-08-05 17:00:00+00:00,64631.8,64667.2,64553.7,64553.8,322.89,-96372.43,96695.32
BTCUSDT,1785950100,2026-08-05 17:15:00+00:00,64553.8,64589.5,64506.3,64574.8,3226.39,-258.23,3484.62
BTCUSDT,1785951000,2026-08-05 17:30:00+00:00,64574.9,64720.7,64551.4,64664.5,0.0,-378348.68,378348.68
BTCUSDT,1785951900,2026-08-05 17:45:00+00:00,64664.5,64780.0,64638.7,64733.6,2070.72,-205141.13,207211.85
BTCUSDT,1785952800,2026-08-05 18:00:00+00:00,64733.6,64774.8,64634.1,64767.8,2395.5,-250632.8,253028.3
BTCUSDT,1785953700,2026-08-05 18:15:00+00:00,64767.8,64785.5,64645.5,64692.8,64.71,-319325.93,319390.64
BTCUSDT,1785954600,2026-08-05 18:30:00+00:00,64692.7,64770.0,64641.0,64769.9,64.66,0.0,64.66
BTCUSDT,1785955500,2026-08-05 18:45:00+00:00,64770.0,64810.0,64724.0,64762.8,0.0,-607761.98,607761.98
BTCUSDT,1785956400,2026-08-05 19:00:00+00:00,64762.7,64887.9,64745.2,64850.4,1427.2,-6937862.05,6939289.25
BTCUSDT,1785957300,2026-08-05 19:15:00+00:00,64850.5,64896.3,64830.3,64877.6,64.83,0.0,64.83
BTCUSDT,1785958200,2026-08-05 19:30:00+00:00,64877.5,64889.2,64835.5,64863.1,0.0,-67801.29,67801.29
BTCUSDT,1785959100,2026-08-05 19:45:00+00:00,64863.2,64898.0,64796.5,64805.7,0.0,-1946.7,1946.7
BTCUSDT,1785960000,2026-08-05 20:00:00+00:00,64805.8,64885.0,64772.3,64885.0,36549.12,-42257.83,78806.95000000001
BTCUSDT,1785960900,2026-08-05 20:15:00+00:00,64884.9,65022.0,64838.0,64957.1,0.0,-1132571.75,1132571.75
BTCUSDT,1785961800,2026-08-05 20:30:00+00:00,64957.2,64968.5,64906.6,64952.2,0.0,-3052.85,3052.85
BTCUSDT,1785962700,2026-08-05 20:45:00+00:00,64952.2,64967.9,64801.2,64804.2,129.63,-194.89,324.52
BTCUSDT,1785963600,2026-08-05 21:00:00+00:00,64804.2,64804.3,64683.0,64755.7,70870.62,-64.73,70935.34999999999
BTCUSDT,1785964500,2026-08-05 21:15:00+00:00,64755.8,64760.0,64635.6,64646.7,41578.58,-840.99,42419.57
BTCUSDT,1785965400,2026-08-05 21:30:00+00:00,64646.7,64727.7,64637.7,64694.1,129.34,-64.71,194.05
BTCUSDT,1785966300,2026-08-05 21:45:00+00:00,64693.8,64743.3,64648.0,64710.1,4979.92,-5630.7,10610.62
BTCUSDT,1785967200,2026-08-05 22:00:00+00:00,64710.1,64747.5,64622.1,64658.4,2197.48,-905.55,3103.03
BTCUSDT,1785968100,2026-08-05 22:15:00+00:00,64658.5,64707.9,64652.9,64707.8,0.0,0.0,0.0
BTCUSDT,1785969000,2026-08-05 22:30:00+00:00,64707.9,64766.2,64655.6,64666.3,0.0,0.0,0.0
BTCUSDT,1785969900,2026-08-05 22:45:00+00:00,64666.3,64691.4,64601.0,64607.0,3036.47,0.0,3036.47
BTCUSDT,1785970800,2026-08-05 23:00:00+00:00,64607.0,64665.3,64552.0,64654.2,10848.09,0.0,10848.09
BTCUSDT,1785971700,2026-08-05 23:15:00+00:00,64654.2,64721.2,64598.4,64668.1,0.0,-5047.32,5047.32
BTCUSDT,1785972600,2026-08-05 23:30:00+00:00,64668.1,64684.1,64635.7,64638.4,10668.28,0.0,10668.28
BTCUSDT,1785973500,2026-08-05 23:45:00+00:00,64638.2,64646.5,64535.6,64633.9,0.0,0.0,0.0
BTCUSDT,1785974400,2026-08-06 00:00:00+00:00,64634.0,64650.0,64570.0,64572.9,0.0,-64.59,64.59
BTCUSDT,1785975300,2026-08-06 00:15:00+00:00,64572.9,64689.2,64533.9,64654.9,71202.56,0.0,71202.56
BTCUSDT,1785976200,2026-08-06 00:30:00+00:00,64655.0,64696.0,64619.5,64619.6,258.65,0.0,258.65
BTCUSDT,1785977100,2026-08-06 00:45:00+00:00,64619.6,64669.3,64592.3,64614.8,0.0,-1099.05,1099.05
BTCUSDT,1785978000,2026-08-06 01:00:00+00:00,64614.8,64620.3,64552.9,64579.7,0.0,0.0,0.0
BTCUSDT,1785978900,2026-08-06 01:15:00+00:00,64579.8,64586.4,64486.3,64488.9,33038.33,-129.04,33167.37
BTCUSDT,1785979800,2026-08-06 01:30:00+00:00,64488.9,64585.3,64461.0,64541.3,31074.65,0.0,31074.65
BTCUSDT,1785980700,2026-08-06 01:45:00+00:00,64541.3,64634.9,64535.2,64560.0,64.56,-9813.14,9877.7
BTCUSDT,1785981600,2026-08-06 02:00:00+00:00,64560.1,64627.6,64505.5,64532.6,7290.86,-17493.07,24783.93
BTCUSDT,1785982500,2026-08-06 02:15:00+00:00,64532.5,64556.4,64386.3,64495.7,22487.97,-36306.8,58794.77
BTCUSDT,1785983400,2026-08-06 02:30:00+00:00,64495.7,64550.0,64446.3,64550.0,0.0,0.0,0.0
BTCUSDT,1785984300,2026-08-06 02:45:00+00:00,64550.0,64569.5,64508.4,64550.6,129.09,0.0,129.09
BTCUSDT,1785985200,2026-08-06 03:00:00+00:00,64550.7,64550.7,64485.4,64537.3,6517.31,-451.57,6968.88
BTCUSDT,1785986100,2026-08-06 03:15:00+00:00,64537.3,64537.3,64477.1,64509.8,0.0,-64.5,64.5
BTCUSDT,1785987000,2026-08-06 03:30:00+00:00,64509.9,64551.3,64471.4,64471.4,0.0,0.0,0.0
BTCUSDT,1785987900,2026-08-06 03:45:00+00:00,64471.4,64511.0,64463.2,64496.2,0.0,-386.94,386.94
BTCUSDT,1785988800,2026-08-06 04:00:00+00:00,64496.3,64562.3,64461.9,64550.1,64.55,-43301.1,43365.65
BTCUSDT,1785989700,2026-08-06 04:15:00+00:00,64550.0,64668.8,64550.0,64666.9,258.53,-333123.7,333382.23000000004
BTCUSDT,1785990600,2026-08-06 04:30:00+00:00,64666.9,64702.9,64623.8,64632.0,0.0,-47088.8,47088.8
BTCUSDT,1785991500,2026-08-06 04:45:00+00:00,64631.9,64700.0,64600.4,64695.9,0.0,-323.16,323.16
BTCUSDT,1785992400,2026-08-06 05:00:00+00:00,64695.8,64971.7,64695.6,64885.2,194.21,-745518.95,745713.1599999999
BTCUSDT,1785993300,2026-08-06 05:15:00+00:00,64885.2,64968.0,64850.8,64861.5,5256.48,-145745.85,151002.33000000002
BTCUSDT,1785994200,2026-08-06 05:30:00+00:00,64861.5,64889.1,64820.6,64877.5,1297.46,-70841.9,72139.36
BTCUSDT,1785995100,2026-08-06 05:45:00+00:00,64877.6,64880.0,64831.3,64879.5,0.0,0.0,0.0
BTCUSDT,1785996000,2026-08-06 06:00:00+00:00,64879.6,64879.6,64745.2,64755.6,0.0,0.0,0.0
BTCUSDT,1785996900,2026-08-06 06:15:00+00:00,64755.6,64804.5,64712.6,64797.7,16378.91,0.0,16378.91
BTCUSDT,1785997800,2026-08-06 06:30:00+00:00,64797.7,64829.0,64784.1,64811.2,0.0,0.0,0.0
BTCUSDT,1785998700,2026-08-06 06:45:00+00:00,64811.2,64830.6,64780.0,64830.5,0.0,0.0,0.0
BTCUSDT,1785999600,2026-08-06 07:00:00+00:00,64830.5,64918.3,64793.0,64911.8,0.0,-5383.18,5383.18
BTCUSDT,1786000500,2026-08-06 07:15:00+00:00,64911.8,64944.3,64859.9,64867.6,0.0,-11100.73,11100.73
BTCUSDT,1786001400,2026-08-06 07:30:00+00:00,64867.7,64879.0,64750.0,64787.5,323.89,0.0,323.89
BTCUSDT,1786002300,2026-08-06 07:45:00+00:00,64787.6,64818.6,64761.1,64789.4,194.37,-6674.11,6868.48
BTCUSDT,1786003200,2026-08-06 08:00:00+00:00,64789.3,64830.1,64737.5,64745.4,259.18,-228130.02,228389.2
BTCUSDT,1786004100,2026-08-06 08:15:00+00:00,64745.4,64874.7,64730.9,64874.7,0.0,-712.75,712.75
BTCUSDT,1786005000,2026-08-06 08:30:00+00:00,64874.6,64896.9,64840.7,64853.7,0.0,-1297.69,1297.69
BTCUSDT,1786005900,2026-08-06 08:45:00+00:00,64853.7,64971.0,64853.6,64913.9,0.0,-49565.17,49565.17
BTCUSDT,1786006800,2026-08-06 09:00:00+00:00,64913.9,64917.5,64721.6,64746.8,64.78,0.0,64.78
BTCUSDT,1786007700,2026-08-06 09:15:00+00:00,64746.7,64817.8,64693.2,64699.9,5569.37,0.0,5569.37
BTCUSDT,1786008600,2026-08-06 09:30:00+00:00,64699.9,64700.0,64597.2,64631.6,52730.57,-2133.98,54864.55
BTCUSDT,1786009500,2026-08-06 09:45:00+00:00,64631.5,64667.5,64600.0,64649.1,775.2,0.0,775.2
BTCUSDT,1786010400,2026-08-06 10:00:00+00:00,64649.1,64655.9,64558.0,64565.2,13890.13,-15119.0,29009.13
BTCUSDT,1786011300,2026-08-06 10:15:00+00:00,64565.1,64656.0,64552.6,64646.6,129.11,0.0,129.11
BTCUSDT,1786012200,2026-08-06 10:30:00+00:00,64646.6,64650.0,64591.5,64591.6,0.0,0.0,0.0
BTCUSDT,1786013100,2026-08-06 10:45:00+00:00,64591.5,64620.8,64571.9,64589.2,775.1,0.0,775.1
BTCUSDT,1786014000,2026-08-06 11:00:00+00:00,64589.3,64597.4,64473.0,64543.3,413417.62,0.0,413417.62
BTCUSDT,1786014900,2026-08-06 11:15:00+00:00,64543.3,64616.2,64543.3,64555.1,0.0,-193.75,193.75
BTCUSDT,1786015800,2026-08-06 11:30:00+00:00,64555.1,64629.0,64552.1,64618.5,5491.17,0.0,5491.17
BTCUSDT,1786016700,2026-08-06 11:45:00+00:00,64618.4,64621.5,64552.0,64590.1,0.0,-10070.55,10070.55
BTCUSDT,1786017600,2026-08-06 12:00:00+00:00,64590.1,64614.3,64437.8,64455.1,11795.6,0.0,11795.6
BTCUSDT,1786018500,2026-08-06 12:15:00+00:00,64455.1,64522.7,64420.5,64519.7,4896.33,-25778.52,30674.85
BTCUSDT,1786019400,2026-08-06 12:30:00+00:00,64519.7,64568.5,64477.4,64500.1,0.0,-5488.11,5488.11
BTCUSDT,1786020300,2026-08-06 12:45:00+00:00,64500.1,64509.0,64360.2,64392.4,29098.29,0.0,29098.29
BTCUSDT,1786021200,2026-08-06 13:00:00+00:00,64392.4,64416.3,64172.0,64229.5,1035366.14,-1802.3,1037168.44
BTCUSDT,1786022100,2026-08-06 13:15:00+00:00,64229.4,64286.5,64111.0,64220.5,6482.22,0.0,6482.22
BTCUSDT,1786023000,2026-08-06 13:30:00+00:00,64220.5,64409.6,64143.0,64375.5,18604.31,-39482.12,58086.43000000001
BTCUSDT,1786023900,2026-08-06 13:45:00+00:00,64375.6,64501.0,64351.8,64404.8,64.44,-48288.25,48352.69
BTCUSDT,1786024800,2026-08-06 14:00:00+00:00,64404.8,64538.6,64354.2,64441.4,193.24,-11419.83,11613.07
BTCUSDT,1786025700,2026-08-06 14:15:00+00:00,64441.3,64556.8,64391.6,64402.5,967.02,-75888.88,76855.90000000001
BTCUSDT,1786026600,2026-08-06 14:30:00+00:00,64402.4,64813.1,64333.0,64785.1,450.51,-756975.34,757425.85
BTCUSDT,1786027500,2026-08-06 14:45:00+00:00,64785.2,64825.0,64651.4,64748.2,0.0,-16076.06,16076.06
BTCUSDT,1786028400,2026-08-06 15:00:00+00:00,64748.2,64962.0,64739.0,64823.4,0.0,-377609.42,377609.42
BTCUSDT,1786029300,2026-08-06 15:15:00+00:00,64823.4,64870.0,64670.5,64796.7,24981.68,-194.15,25175.83
BTCUSDT,1786030200,2026-08-06 15:30:00+00:00,64796.8,64844.0,64674.4,64724.6,5822.02,-3562.32,9384.34
BTCUSDT,1786031100,2026-08-06 15:45:00+00:00,64724.6,64843.9,64588.5,64604.2,3233.22,-28747.12,31980.34
BTCUSDT,1786032000,2026-08-06 16:00:00+00:00,64604.2,64687.4,64565.2,64611.6,1808.0,-2328.43,4136.43
BTCUSDT,1786032900,2026-08-06 16:15:00+00:00,64611.6,64661.3,64556.7,64617.1,8459.16,-35208.4,43667.56
BTCUSDT,1786033800,2026-08-06 16:30:00+00:00,64617.2,64729.9,64581.3,64680.7,0.0,-11444.16,11444.16
BTCUSDT,1786034700,2026-08-06 16:45:00+00:00,64680.7,64745.5,64630.0,64723.2,0.0,-60807.23,60807.23
BTCUSDT,1786035600,2026-08-06 17:00:00+00:00,64723.3,64807.4,64685.8,64685.8,4988.82,-95007.89,99996.71
BTCUSDT,1786036500,2026-08-06 17:15:00+00:00,64685.8,64716.0,64640.2,64656.3,2844.62,0.0,2844.62
BTCUSDT,1786037400,2026-08-06 17:30:00+00:00,64656.2,64687.5,64514.1,64569.9,103499.55,-10334.59,113834.14
BTCUSDT,1786038300,2026-08-06 17:45:00+00:00,64569.8,64619.5,64547.3,64583.1,0.0,0.0,0.0
BTCUSDT,1786039200,2026-08-06 18:00:00+00:00,64583.1,64589.6,64441.1,64511.6,108599.41,0.0,108599.41
BTCUSDT,1786040100,2026-08-06 18:15:00+00:00,64511.6,64568.1,64470.6,64484.5,0.0,0.0,0.0
BTCUSDT,1786041000,2026-08-06 18:30:00+00:00,64484.5,64489.7,64374.3,64384.5,824104.9,0.0,824104.9
BTCUSDT,1786041900,2026-08-06 18:45:00+00:00,64384.5,64421.0,64343.7,64388.8,44404.41,0.0,44404.41
BTCUSDT,1786042800,2026-08-06 19:00:00+00:00,64388.8,64432.4,64380.2,64402.9,0.0,0.0,0.0
BTCUSDT,1786043700,2026-08-06 19:15:00+00:00,64403.0,64426.7,64354.6,64366.1,1416.58,0.0,1416.58
BTCUSDT,1786044600,2026-08-06 19:30:00+00:00,64366.1,64422.1,64323.2,64395.4,15438.09,0.0,15438.09
BTCUSDT,1786045500,2026-08-06 19:45:00+00:00,64395.4,64445.6,64368.0,64412.8,0.0,0.0,0.0
BTCUSDT,1786046400,2026-08-06 20:00:00+00:00,64412.8,64510.7,64412.7,64490.3,0.0,-64.48,64.48
BTCUSDT,1786047300,2026-08-06 20:15:00+00:00,64490.3,64494.0,64408.5,64450.1,0.0,-386.63,386.63
BTCUSDT,1786048200,2026-08-06 20:30:00+00:00,64450.2,64460.0,64425.9,64429.4,64.45,-4896.83,4961.28
BTCUSDT,1786049100,2026-08-06 20:45:00+00:00,64429.3,64449.9,64403.7,64403.7,0.0,0.0,0.0
BTCUSDT,1786050000,2026-08-06 21:00:00+00:00,64403.7,64468.8,64403.7,64455.4,0.0,0.0,0.0
BTCUSDT,1786050900,2026-08-06 21:15:00+00:00,64455.3,64490.2,64417.6,64417.6,64.43,0.0,64.43
BTCUSDT,1786051800,2026-08-06 21:30:00+00:00,64417.7,64457.6,64371.9,64418.4,0.0,0.0,0.0
BTCUSDT,1786052700,2026-08-06 21:45:00+00:00,64418.4,64455.4,64402.8,64411.8,0.0,0.0,0.0
BTCUSDT,1786053600,2026-08-06 22:00:00+00:00,64411.9,64419.3,64350.0,64403.2,1609.45,-193.14,1802.59
BTCUSDT,1786054500,2026-08-06 22:15:00+00:00,64403.3,64407.5,64294.3,64335.8,18325.57,0.0,18325.57
BTCUSDT,1786055400,2026-08-06 22:30:00+00:00,64335.9,64360.0,64301.7,64310.5,0.0,0.0,0.0
BTCUSDT,1786056300,2026-08-06 22:45:00+00:00,64310.5,64342.7,64310.5,64317.8,0.0,-578.89,578.89
BTCUSDT,1786057200,2026-08-06 23:00:00+00:00,64317.7,64333.1,64300.0,64307.4,64.33,-257.2,321.53
BTCUSDT,1786058100,2026-08-06 23:15:00+00:00,64307.3,64312.8,64192.2,64219.7,376501.71,-450.13,376951.84
BTCUSDT,1786059000,2026-08-06 23:30:00+00:00,64219.6,64229.7,64174.2,64193.6,26185.09,0.0,26185.09
BTCUSDT,1786059900,2026-08-06 23:45:00+00:00,64193.7,64306.3,64163.5,64300.0,25216.26,0.0,25216.26
BTCUSDT,1786060800,2026-08-07 00:00:00+00:00,64299.9,64387.3,64254.4,64263.8,0.0,-6629.39,6629.39
BTCUSDT,1786061700,2026-08-07 00:15:00+00:00,64263.7,64287.9,64195.2,64244.5,25688.66,0.0,25688.66
BTCUSDT,1786062600,2026-08-07 00:30:00+00:00,64244.5,64312.1,64203.2,64296.7,0.0,-3211.04,3211.04
BTCUSDT,1786063500,2026-08-07 00:45:00+00:00,64296.8,64312.8,64230.0,64291.9,0.0,0.0,0.0
BTCUSDT,1786064400,2026-08-07 01:00:00+00:00,64291.9,64439.0,64291.9,64334.3,0.0,-28524.57,28524.57
BTCUSDT,1786065300,2026-08-07 01:15:00+00:00,64334.4,64406.4,64276.8,64397.5,1479.36,0.0,1479.36
BTCUSDT,1786066200,2026-08-07 01:30:00+00:00,64397.5,64450.0,64263.0,64351.7,9515.53,-13534.32,23049.85
BTCUSDT,1786067100,2026-08-07 01:45:00+00:00,64351.7,64421.7,64347.6,64394.8,0.0,-1287.52,1287.52
BTCUSDT,1786068000,2026-08-07 02:00:00+00:00,64394.7,64405.8,64220.0,64370.2,27876.59,0.0,27876.59
BTCUSDT,1786068900,2026-08-07 02:15:00+00:00,64370.3,64524.8,64272.8,64291.9,1607.43,-103236.89,104844.32
BTCUSDT,1786069800,2026-08-07 02:30:00+00:00,64291.9,64393.9,64244.6,64382.5,0.0,-1478.7,1478.7
BTCUSDT,1786070700,2026-08-07 02:45:00+00:00,64382.5,64446.1,64362.4,64369.5,0.0,-708.87,708.87
BTCUSDT,1786071600,2026-08-07 03:00:00+00:00,64369.4,64380.5,64286.3,64307.5,1157.81,0.0,1157.81
BTCUSDT,1786072500,2026-08-07 03:15:00+00:00,64307.5,64316.0,64227.8,64288.1,35020.26,0.0,35020.26
BTCUSDT,1786073400,2026-08-07 03:30:00+00:00,64288.1,64347.0,64278.4,64311.3,64.32,0.0,64.32
BTCUSDT,1786074300,2026-08-07 03:45:00+00:00,64311.4,64345.6,64244.0,64264.0,321.33,0.0,321.33
BTCUSDT,1786075200,2026-08-07 04:00:00+00:00,64264.0,64300.0,64212.4,64281.1,706.4,0.0,706.4
BTCUSDT,1786076100,2026-08-07 04:15:00+00:00,64281.1,64340.2,64256.3,64276.4,0.0,-2056.39,2056.39
BTCUSDT,1786077000,2026-08-07 04:30:00+00:00,64276.4,64328.1,64223.8,64226.0,0.0,-1543.0,1543.0
BTCUSDT,1786077900,2026-08-07 04:45:00+00:00,64226.1,64239.2,64128.3,64225.8,143454.85,0.0,143454.85
BTCUSDT,1786078800,2026-08-07 05:00:00+00:00,64225.8,64235.0,64161.2,64219.1,0.0,-5902.84,5902.84
BTCUSDT,1786079700,2026-08-07 05:15:00+00:00,64219.1,64233.0,64139.7,64154.3,22131.05,0.0,22131.05
BTCUSDT,1786080600,2026-08-07 05:30:00+00:00,64154.3,64254.5,64154.3,64250.1,962.33,0.0,962.33
BTCUSDT,1786081500,2026-08-07 05:45:00+00:00,64250.1,64370.1,64226.6,64310.6,0.0,-11261.06,11261.06
BTCUSDT,1786082400,2026-08-07 06:00:00+00:00,64310.7,64397.3,64288.3,64388.5,30244.5,-5985.2,36229.7
BTCUSDT,1786083300,2026-08-07 06:15:00+00:00,64388.5,64441.0,64353.9,64393.3,0.0,-7342.31,7342.31
BTCUSDT,1786084200,2026-08-07 06:30:00+00:00,64393.3,64404.2,64312.6,64335.4,1158.44,0.0,1158.44
BTCUSDT,1786085100,2026-08-07 06:45:00+00:00,64335.4,64348.0,64255.0,64280.1,0.0,-2058.93,2058.93
BTCUSDT,1786086000,2026-08-07 07:00:00+00:00,64280.2,64347.7,64229.9,64310.5,5593.05,-64.33,5657.38
BTCUSDT,1786086900,2026-08-07 07:15:00+00:00,64310.4,64405.0,64301.5,64377.0,1093.31,-3735.43,4828.74
BTCUSDT,1786087800,2026-08-07 07:30:00+00:00,64377.0,64393.3,64337.6,64342.9,0.0,-321.9,321.9
BTCUSDT,1786088700,2026-08-07 07:45:00+00:00,64342.8,64347.1,64274.0,64288.9,49460.77,-321.71,49782.48
BTCUSDT,1786089600,2026-08-07 08:00:00+00:00,64288.8,64352.0,64268.9,64341.1,0.0,0.0,0.0
BTCUSDT,1786090500,2026-08-07 08:15:00+00:00,64341.1,64426.8,64340.9,64421.4,193.26,-151847.36,152040.62
BTCUSDT,1786091400,2026-08-07 08:30:00+00:00,64421.5,64646.6,64421.4,64606.2,128.86,-430281.8,430410.66
BTCUSDT,1786092300,2026-08-07 08:45:00+00:00,64606.3,64606.3,64547.8,64576.4,129.11,-129.15,258.26
BTCUSDT,1786093200,2026-08-07 09:00:00+00:00,64576.3,64746.0,64576.3,64700.1,0.0,-719562.13,719562.13
BTCUSDT,1786094100,2026-08-07 09:15:00+00:00,64700.1,64857.0,64700.0,64806.0,0.0,-282935.58,282935.58
BTCUSDT,1786095000,2026-08-07 09:30:00+00:00,64806.0,64939.4,64776.6,64878.0,0.0,-163780.28,163780.28
BTCUSDT,1786095900,2026-08-07 09:45:00+00:00,64877.9,64885.4,64783.7,64809.0,0.0,-1751.91,1751.91
BTCUSDT,1786096800,2026-08-07 10:00:00+00:00,64809.1,64847.3,64768.5,64820.3,64.79,-2722.57,2787.36
BTCUSDT,1786097700,2026-08-07 10:15:00+00:00,64820.4,64864.7,64769.9,64862.0,0.0,-4990.99,4990.99
BTCUSDT,1786098600,2026-08-07 10:30:00+00:00,64862.0,64888.7,64823.7,64835.0,0.0,0.0,0.0
BTCUSDT,1786099500,2026-08-07 10:45:00+00:00,64834.9,64884.7,64834.9,64867.3,0.0,-194.61,194.61
BTCUSDT,1786100400,2026-08-07 11:00:00+00:00,64867.4,64948.5,64867.4,64934.2,0.0,-5583.04,5583.04
BTCUSDT,1786101300,2026-08-07 11:15:00+00:00,64934.2,65187.9,64900.8,65054.9,0.0,-1591213.23,1591213.23
BTCUSDT,1786102200,2026-08-07 11:30:00+00:00,65055.0,65075.0,64987.0,64999.9,0.0,-2601.17,2601.17
BTCUSDT,1786103100,2026-08-07 11:45:00+00:00,64999.8,65020.0,64971.7,64996.1,455.11,0.0,455.11
BTCUSDT,1786104000,2026-08-07 12:00:00+00:00,64996.2,65263.0,64996.1,65188.1,0.0,-399927.65,399927.65
BTCUSDT,1786104900,2026-08-07 12:15:00+00:00,65188.1,65209.4,65031.0,65096.1,0.0,-2020.32,2020.32
BTCUSDT,1786105800,2026-08-07 12:30:00+00:00,65096.4,65300.0,64954.0,65127.2,69327.77,-320853.34,390181.11
BTCUSDT,1786106700,2026-08-07 12:45:00+00:00,65127.1,65358.0,65127.1,65259.1,0.0,-678367.17,678367.17
BTCUSDT,1786107600,2026-08-07 13:00:00+00:00,65259.0,65296.8,65155.3,65186.1,53446.57,0.0,53446.57
BTCUSDT,1786108500,2026-08-07 13:15:00+00:00,65186.2,65245.8,65073.2,65127.8,716.56,0.0,716.56
BTCUSDT,1786109400,2026-08-07 13:30:00+00:00,65127.8,65292.0,65071.2,65271.4,2085.68,-1957.6,4043.28
BTCUSDT,1786110300,2026-08-07 13:45:00+00:00,65271.3,65305.6,64946.8,64984.8,55385.56,-8874.61,64260.17
BTCUSDT,1786111200,2026-08-07 14:00:00+00:00,64984.9,65020.0,64756.8,64805.9,903605.12,-12668.48,916273.6
BTCUSDT,1786112100,2026-08-07 14:15:00+00:00,64805.9,65211.8,64764.3,65165.1,0.0,-301254.64,301254.64
BTCUSDT,1786113000,2026-08-07 14:30:00+00:00,65165.1,65250.0,65056.7,65075.1,65.08,-96499.75,96564.83
BTCUSDT,1786113900,2026-08-07 14:45:00+00:00,65075.1,65132.1,64914.7,64927.3,125034.63,0.0,125034.63
BTCUSDT,1786114800,2026-08-07 15:00:00+00:00,64927.3,65015.3,64859.5,64935.5,135609.7,0.0,135609.7
BTCUSDT,1786115700,2026-08-07 15:15:00+00:00,64935.5,65042.5,64900.6,64996.7,0.0,0.0,0.0
BTCUSDT,1786116600,2026-08-07 15:30:00+00:00,64996.8,65117.7,64955.2,64990.0,0.0,-31829.72,31829.72
BTCUSDT,1786117500,2026-08-07 15:45:00+00:00,64990.0,65002.1,64878.4,64885.4,24394.28,-1429.47,25823.75
BTCUSDT,1786118400,2026-08-07 16:00:00+00:00,64885.5,65050.0,64883.5,65012.3,0.0,0.0,0.0
BTCUSDT,1786119300,2026-08-07 16:15:00+00:00,65012.3,65027.0,64861.8,64907.3,4930.88,0.0,4930.88
BTCUSDT,1786120200,2026-08-07 16:30:00+00:00,64907.4,64946.0,64835.1,64926.2,7134.28,0.0,7134.28
BTCUSDT,1786121100,2026-08-07 16:45:00+00:00,64926.2,64928.2,64779.9,64779.9,230571.98,0.0,230571.98
BTCUSDT,1786122000,2026-08-07 17:00:00+00:00,64779.9,64805.1,64664.0,64670.0,490534.51,0.0,490534.51
BTCUSDT,1786122900,2026-08-07 17:15:00+00:00,64670.0,64710.0,64549.4,64570.5,455945.81,0.0,455945.81
BTCUSDT,1786123800,2026-08-07 17:30:00+00:00,64570.5,64664.8,64490.0,64655.9,778555.24,0.0,778555.24
BTCUSDT,1786124700,2026-08-07 17:45:00+00:00,64655.9,64740.3,64631.9,64740.3,0.0,-16241.95,16241.95
BTCUSDT,1786125600,2026-08-07 18:00:00+00:00,64740.2,64857.9,64734.4,64825.3,0.0,-50050.91,50050.91
BTCUSDT,1786126500,2026-08-07 18:15:00+00:00,64825.3,64843.8,64766.7,64783.8,0.0,-4146.07,4146.07
BTCUSDT,1786127400,2026-08-07 18:30:00+00:00,64783.8,64817.9,64700.0,64700.1,1877.87,-7251.66,9129.53
BTCUSDT,1786128300,2026-08-07 18:45:00+00:00,64700.0,64728.0,64655.0,64712.1,3298.16,0.0,3298.16
BTCUSDT,1786129200,2026-08-07 19:00:00+00:00,64712.1,64850.0,64712.0,64815.7,0.0,-82564.22,82564.22
BTCUSDT,1786130100,2026-08-07 19:15:00+00:00,64815.7,64961.9,64815.7,64916.7,0.0,-56326.23,56326.23
BTCUSDT,1786131000,2026-08-07 19:30:00+00:00,64916.8,65000.0,64905.1,64944.3,0.0,-5979.71,5979.71
BTCUSDT,1786131900,2026-08-07 19:45:00+00:00,64944.4,64980.3,64915.0,64932.9,714.2,-64.95,779.1500000000001
BTCUSDT,1786132800,2026-08-07 20:00:00+00:00,64932.9,65015.3,64922.7,64958.6,0.0,-20931.35,20931.35
BTCUSDT,1786133700,2026-08-07 20:15:00+00:00,64958.7,64974.2,64922.7,64947.1,0.0,0.0,0.0
BTCUSDT,1786134600,2026-08-07 20:30:00+00:00,64947.1,64947.1,64916.6,64929.9,12660.53,-519.41,13179.94
BTCUSDT,1786135500,2026-08-07 20:45:00+00:00,64929.9,64952.1,64925.9,64942.1,0.0,0.0,0.0
BTCUSDT,1786136400,2026-08-07 21:00:00+00:00,64942.2,64996.0,64942.1,64976.5,0.0,0.0,0.0
BTCUSDT,1786137300,2026-08-07 21:15:00+00:00,64976.5,64991.6,64920.0,64966.9,0.0,0.0,0.0
BTCUSDT,1786138200,2026-08-07 21:30:00+00:00,64967.0,65078.7,64966.9,64999.9,0.0,-20424.27,20424.27
BTCUSDT,1786139100,2026-08-07 21:45:00+00:00,64999.9,65014.5,64895.0,64895.3,2790.72,-64.91,2855.63
BTCUSDT,1786140000,2026-08-07 22:00:00+00:00,64895.3,64902.2,64863.3,64901.5,389.37,0.0,389.37
BTCUSDT,1786140900,2026-08-07 22:15:00+00:00,64901.4,64919.6,64875.4,64895.6,194.66,-2076.18,2270.84
BTCUSDT,1786141800,2026-08-07 22:30:00+00:00,64895.7,64895.7,64815.3,64844.0,12574.42,-324.15,12898.57
BTCUSDT,1786142700,2026-08-07 22:45:00+00:00,64843.9,64892.0,64843.9,64857.3,0.0,0.0,0.0
BTCUSDT,1786143600,2026-08-07 23:00:00+00:00,64857.3,64859.9,64854.0,64859.9,0.0,-194.57,194.57
BTCUSDT,1786144500,2026-08-07 23:15:00+00:00,64859.8,64859.9,64846.3,64852.0,0.0,-518.81,518.81
BTCUSDT,1786145400,2026-08-07 23:30:00+00:00,64852.1,64869.1,64852.0,64869.0,64.87,0.0,64.87
BTCUSDT,1786146300,2026-08-07 23:45:00+00:00,64869.1,64885.8,64869.0,64885.4,0.0,0.0,0.0
BTCUSDT,1786147200,2026-08-08 00:00:00+00:00,64885.5,64927.6,64868.2,64868.2,0.0,0.0,0.0
BTCUSDT,1786148100,2026-08-08 00:15:00+00:00,64868.2,64868.3,64784.3,64850.4,7257.97,0.0,7257.97
BTCUSDT,1786149000,2026-08-08 00:30:00+00:00,64850.4,64872.4,64836.0,64872.4,20428.85,-6938.46,27367.31
BTCUSDT,1786149900,2026-08-08 00:45:00+00:00,64872.3,64890.4,64872.3,64890.3,0.0,0.0,0.0
BTCUSDT,1786150800,2026-08-08 01:00:00+00:00,64890.3,64927.8,64871.6,64922.2,194.67,0.0,194.67
BTCUSDT,1786151700,2026-08-08 01:15:00+00:00,64922.3,64922.3,64877.2,64877.2,0.0,0.0,0.0
BTCUSDT,1786152600,2026-08-08 01:30:00+00:00,64877.2,64907.3,64875.5,64900.1,259.59,0.0,259.59
BTCUSDT,1786153500,2026-08-08 01:45:00+00:00,64900.1,64900.2,64880.0,64880.6,0.0,-713.68,713.68
BTCUSDT,1786154400,2026-08-08 02:00:00+00:00,64880.6,64880.7,64863.5,64871.9,16995.05,-2205.47,19200.52
BTCUSDT,1786155300,2026-08-08 02:15:00+00:00,64871.8,64900.0,64864.0,64900.0,0.0,0.0,0.0
BTCUSDT,1786156200,2026-08-08 02:30:00+00:00,64900.0,64931.8,64884.0,64892.0,583.96,0.0,583.96
BTCUSDT,1786157100,2026-08-08 02:45:00+00:00,64892.0,64894.2,64887.6,64889.5,0.0,-1168.08,1168.08
BTCUSDT,1786158000,2026-08-08 03:00:00+00:00,64889.5,64910.0,64884.0,64902.3,0.0,-129.81,129.81
BTCUSDT,1786158900,2026-08-08 03:15:00+00:00,64902.2,65009.6,64902.2,64992.2,0.0,-150216.68,150216.68
BTCUSDT,1786159800,2026-08-08 03:30:00+00:00,64992.2,65046.1,64970.2,64984.9,0.0,-214857.41,214857.41
BTCUSDT,1786160700,2026-08-08 03:45:00+00:00,64985.0,65009.0,64965.9,65000.0,0.0,-1039.72,1039.72
BTCUSDT,1786161600,2026-08-08 04:00:00+00:00,65000.0,65040.1,64934.9,64947.1,0.0,-15867.91,15867.91
BTCUSDT,1786162500,2026-08-08 04:15:00+00:00,64947.1,64973.5,64941.0,64973.0,0.0,0.0,0.0
BTCUSDT,1786163400,2026-08-08 04:30:00+00:00,64973.0,65036.7,64968.6,65008.4,0.0,-5003.98,5003.98
BTCUSDT,1786164300,2026-08-08 04:45:00+00:00,65008.4,65012.1,64968.6,64976.5,0.0,-130.02,130.02
BTCUSDT,1786165200,2026-08-08 05:00:00+00:00,64976.5,64987.7,64965.1,64965.1,0.0,0.0,0.0
BTCUSDT,1786166100,2026-08-08 05:15:00+00:00,64965.2,65000.0,64965.1,64992.5,14815.08,-7148.5,21963.58
BTCUSDT,1786167000,2026-08-08 05:30:00+00:00,64992.5,64992.5,64981.0,64990.1,19627.21,0.0,19627.21
BTCUSDT,1786167900,2026-08-08 05:45:00+00:00,64990.0,64990.1,64942.6,64967.0,1169.44,0.0,1169.44
BTCUSDT,1786168800,2026-08-08 06:00:00+00:00,64967.1,64972.3,64947.3,64950.1,0.0,-2338.41,2338.41
BTCUSDT,1786169700,2026-08-08 06:15:00+00:00,64950.1,64959.0,64941.7,64944.5,0.0,-64.95,64.95
BTCUSDT,1786170600,2026-08-08 06:30:00+00:00,64944.5,64959.2,64931.8,64959.2,0.0,0.0,0.0
BTCUSDT,1786171500,2026-08-08 06:45:00+00:00,64959.2,64991.0,64959.1,64978.2,0.0,0.0,0.0
BTCUSDT,1786172400,2026-08-08 07:00:00+00:00,64978.3,64983.0,64967.8,64970.8,0.0,-64.98,64.98
BTCUSDT,1786173300,2026-08-08 07:15:00+00:00,64970.8,64974.3,64967.6,64974.2,0.0,0.0,0.0
BTCUSDT,1786174200,2026-08-08 07:30:00+00:00,64974.2,64974.3,64919.5,64919.5,0.0,0.0,0.0
BTCUSDT,1786175100,2026-08-08 07:45:00+00:00,64919.5,64937.5,64919.5,64936.3,0.0,0.0,0.0
BTCUSDT,1786176000,2026-08-08 08:00:00+00:00,64936.3,64938.8,64920.0,64938.7,0.0,-194.8,194.8
BTCUSDT,1786176900,2026-08-08 08:15:00+00:00,64938.7,64956.1,64938.7,64956.0,0.0,-649.39,649.39
BTCUSDT,1786177800,2026-08-08 08:30:00+00:00,64956.0,64988.2,64956.0,64986.0,0.0,-129.92,129.92
BTCUSDT,1786178700,2026-08-08 08:45:00+00:00,64986.0,64986.0,64962.6,64963.2,0.0,0.0,0.0
BTCUSDT,1786179600,2026-08-08 09:00:00+00:00,64963.1,64978.2,64963.1,64975.7,1299.34,-1949.01,3248.35
BTCUSDT,1786180500,2026-08-08 09:15:00+00:00,64975.8,64992.0,64975.7,64990.6,4028.52,-2144.38,6172.9
BTCUSDT,1786181400,2026-08-08 09:30:00+00:00,64990.5,65026.9,64976.6,64978.8,2989.87,0.0,2989.87
BTCUSDT,1786182300,2026-08-08 09:45:00+00:00,64978.8,64984.1,64960.0,64960.1,1104.32,0.0,1104.32
BTCUSDT,1786183200,2026-08-08 10:00:00+00:00,64960.0,64977.7,64960.0,64968.3,0.0,-129.92,129.92
BTCUSDT,1786184100,2026-08-08 10:15:00+00:00,64968.2,64996.3,64968.1,64996.3,1624.33,-6822.18,8446.51
BTCUSDT,1786185000,2026-08-08 10:30:00+00:00,64996.2,64996.3,64974.8,64977.1,779.95,0.0,779.95
BTCUSDT,1786185900,2026-08-08 10:45:00+00:00,64977.1,64985.9,64977.1,64980.6,0.0,-129.96,129.96
BTCUSDT,1786186800,2026-08-08 11:00:00+00:00,64980.6,64995.6,64974.4,64983.3,1754.48,-29891.12,31645.6
BTCUSDT,1786187700,2026-08-08 11:15:00+00:00,64983.2,64983.3,64944.9,64945.0,0.0,0.0,0.0
BTCUSDT,1786188600,2026-08-08 11:30:00+00:00,64945.0,64949.2,64944.9,64945.4,0.0,-779.39,779.39
BTCUSDT,1786189500,2026-08-08 11:45:00+00:00,64945.3,64945.9,64930.0,64938.5,0.0,0.0,0.0
BTCUSDT,1786190400,2026-08-08 12:00:00+00:00,64938.4,64986.8,64890.8,64985.5,64.92,0.0,64.92
BTCUSDT,1786191300,2026-08-08 12:15:00+00:00,64985.4,65024.7,64949.2,64949.2,0.0,0.0,0.0
BTCUSDT,1786192200,2026-08-08 12:30:00+00:00,64949.2,64998.5,64949.2,64979.4,0.0,-45286.67,45286.67
BTCUSDT,1786193100,2026-08-08 12:45:00+00:00,64979.5,64996.3,64973.7,64973.8,0.0,0.0,0.0
BTCUSDT,1786194000,2026-08-08 13:00:00+00:00,64973.8,64993.3,64967.2,64978.7,0.0,0.0,0.0
BTCUSDT,1786194900,2026-08-08 13:15:00+00:00,64978.7,64994.6,64978.6,64990.8,0.0,0.0,0.0
BTCUSDT,1786195800,2026-08-08 13:30:00+00:00,64990.8,64990.9,64973.7,64974.8,0.0,0.0,0.0
BTCUSDT,1786196700,2026-08-08 13:45:00+00:00,64974.7,64985.4,64967.3,64985.4,0.0,0.0,0.0
BTCUSDT,1786197600,2026-08-08 14:00:00+00:00,64985.4,65032.0,64985.3,65032.0,0.0,-6628.51,6628.51
BTCUSDT,1786198500,2026-08-08 14:15:00+00:00,65031.9,65119.8,65013.3,65102.4,0.0,-70531.16,70531.16
BTCUSDT,1786199400,2026-08-08 14:30:00+00:00,65102.5,65163.0,65080.8,65080.8,651.31,-42017.95,42669.26
BTCUSDT,1786200300,2026-08-08 14:45:00+00:00,65080.8,65151.1,65080.1,65100.0,65.13,-1953.79,2018.92
BTCUSDT,1786201200,2026-08-08 15:00:00+00:00,65100.1,65123.8,65066.8,65073.6,130.21,-1041.52,1171.73
BTCUSDT,1786202100,2026-08-08 15:15:00+00:00,65073.7,65079.4,65046.1,65059.8,0.0,0.0,0.0
BTCUSDT,1786203000,2026-08-08 15:30:00+00:00,65059.8,65062.2,65031.5,65031.5,0.0,-130.09,130.09
BTCUSDT,1786203900,2026-08-08 15:45:00+00:00,65031.6,65069.8,65027.9,65049.3,0.0,-390.41,390.41
BTCUSDT,1786204800,2026-08-08 16:00:00+00:00,65049.4,65088.0,65049.3,65052.8,0.0,0.0,0.0
BTCUSDT,1786205700,2026-08-08 16:15:00+00:00,65052.7,65059.6,65045.4,65045.5,0.0,-10603.7,10603.7
BTCUSDT,1786206600,2026-08-08 16:30:00+00:00,65045.5,65045.6,65000.1,65032.7,5785.79,0.0,5785.79
BTCUSDT,1786207500,2026-08-08 16:45:00+00:00,65032.6,65056.1,65031.8,65056.1,0.0,-1951.08,1951.08
BTCUSDT,1786208400,2026-08-08 17:00:00+00:00,65056.1,65110.2,65045.6,65087.8,975.68,0.0,975.68
BTCUSDT,1786209300,2026-08-08 17:15:00+00:00,65087.8,65095.5,65072.3,65081.1,0.0,0.0,0.0
BTCUSDT,1786210200,2026-08-08 17:30:00+00:00,65081.1,65123.1,65080.3,65095.3,0.0,-2929.23,2929.23
BTCUSDT,1786211100,2026-08-08 17:45:00+00:00,65095.3,65100.0,65086.0,65086.2,130.17,-585.9,716.0699999999999
BTCUSDT,1786212000,2026-08-08 18:00:00+00:00,65086.2,65094.1,65069.1,65069.2,0.0,-455.55,455.55
BTCUSDT,1786212900,2026-08-08 18:15:00+00:00,65069.1,65069.2,65000.0,65012.1,1691.0,-6113.67,7804.67
BTCUSDT,1786213800,2026-08-08 18:30:00+00:00,65012.2,65035.9,65010.7,65026.8,0.0,0.0,0.0
BTCUSDT,1786214700,2026-08-08 18:45:00+00:00,65026.8,65026.8,65015.2,65015.3,0.0,-975.4,975.4
BTCUSDT,1786215600,2026-08-08 19:00:00+00:00,65015.3,65015.3,64991.0,64991.4,4289.89,0.0,4289.89
BTCUSDT,1786216500,2026-08-08 19:15:00+00:00,64991.4,64998.8,64991.0,64993.0,2339.79,0.0,2339.79
BTCUSDT,1786217400,2026-08-08 19:30:00+00:00,64992.9,65011.5,64986.2,65011.5,0.0,-1755.16,1755.16
BTCUSDT,1786218300,2026-08-08 19:45:00+00:00,65011.4,65089.2,65008.2,65045.5,0.0,0.0,0.0
BTCUSDT,1786219200,2026-08-08 20:00:00+00:00,65045.5,65052.6,65035.1,65050.0,0.0,-195.12,195.12
BTCUSDT,1786220100,2026-08-08 20:15:00+00:00,65050.0,65054.8,65026.7,65035.9,0.0,0.0,0.0
BTCUSDT,1786221000,2026-08-08 20:30:00+00:00,65035.8,65059.1,65034.1,65050.0,0.0,0.0,0.0
BTCUSDT,1786221900,2026-08-08 20:45:00+00:00,65049.9,65057.2,65029.2,65046.9,0.0,0.0,0.0
BTCUSDT,1786222800,2026-08-08 21:00:00+00:00,65046.9,65046.9,65014.0,65014.1,0.0,0.0,0.0
BTCUSDT,1786223700,2026-08-08 21:15:00+00:00,65014.1,65022.9,65005.9,65007.0,0.0,-130.03,130.03
BTCUSDT,1786224600,2026-08-08 21:30:00+00:00,65006.9,65033.5,65001.0,65033.5,0.0,-1560.51,1560.51
BTCUSDT,1786225500,2026-08-08 21:45:00+00:00,65033.4,65033.5,64957.3,64989.8,20998.33,-266817.72,287816.05
BTCUSDT,1786226400,2026-08-08 22:00:00+00:00,64989.8,65012.8,64970.4,64970.5,0.0,0.0,0.0
BTCUSDT,1786227300,2026-08-08 22:15:00+00:00,64970.5,64975.0,64964.8,64965.6,0.0,0.0,0.0
BTCUSDT,1786228200,2026-08-08 22:30:00+00:00,64965.6,64968.7,64943.8,64943.9,6495.77,0.0,6495.77
BTCUSDT,1786229100,2026-08-08 22:45:00+00:00,64943.9,64945.3,64915.2,64915.2,31168.1,0.0,31168.1
BTCUSDT,1786230000,2026-08-08 23:00:00+00:00,64915.2,64915.3,64907.9,64910.9,11489.59,-35702.15,47191.740000000005
BTCUSDT,1786230900,2026-08-08 23:15:00+00:00,64910.8,64945.1,64910.8,64911.1,0.0,-1687.84,1687.84
BTCUSDT,1786231800,2026-08-08 23:30:00+00:00,64911.1,64954.1,64911.1,64942.4,0.0,-389.67,389.67
BTCUSDT,1786232700,2026-08-08 23:45:00+00:00,64942.5,64943.7,64921.9,64928.5,0.0,0.0,0.0
BTCUSDT,1786233600,2026-08-09 00:00:00+00:00,64928.6,64937.0,64928.4,64934.7,0.0,-8960.15,8960.15
BTCUSDT,1786234500,2026-08-09 00:15:00+00:00,64934.8,64945.1,64934.6,64934.7,0.0,-1818.17,1818.17
BTCUSDT,1786235400,2026-08-09 00:30:00+00:00,64934.7,64956.9,64934.7,64942.7,0.0,0.0,0.0
BTCUSDT,1786236300,2026-08-09 00:45:00+00:00,64942.8,64957.7,64929.4,64952.9,0.0,0.0,0.0
BTCUSDT,1786237200,2026-08-09 01:00:00+00:00,64952.9,64982.4,64945.1,64959.5,0.0,0.0,0.0
BTCUSDT,1786238100,2026-08-09 01:15:00+00:00,64959.5,64959.5,64831.4,64836.1,1429.11,-23773.34,25202.45
BTCUSDT,1786239000,2026-08-09 01:30:00+00:00,64836.2,64865.8,64826.9,64860.9,2074.52,-43908.4,45982.92
BTCUSDT,1786239900,2026-08-09 01:45:00+00:00,64861.0,64866.0,64818.0,64838.4,16075.31,-4020.49,20095.8
BTCUSDT,1786240800,2026-08-09 02:00:00+00:00,64838.4,64838.4,64781.5,64829.1,21574.04,0.0,21574.04
BTCUSDT,1786241700,2026-08-09 02:15:00+00:00,64829.0,64829.1,64810.8,64820.1,64.81,-129.62,194.43
BTCUSDT,1786242600,2026-08-09 02:30:00+00:00,64820.1,64820.1,64752.0,64752.0,235547.67,-64.76,235612.43
BTCUSDT,1786243500,2026-08-09 02:45:00+00:00,64752.0,64804.1,64752.0,64798.0,24087.9,-3499.01,27586.910000000003
BTCUSDT,1786244400,2026-08-09 03:00:00+00:00,64798.0,64798.0,64711.0,64711.0,60147.41,-1036.59,61184.0
BTCUSDT,1786245300,2026-08-09 03:15:00+00:00,64711.1,64767.2,64700.0,64754.5,95442.9,0.0,95442.9
BTCUSDT,1786246200,2026-08-09 03:30:00+00:00,64754.5,64784.2,64749.3,64777.7,0.0,0.0,0.0
BTCUSDT,1786247100,2026-08-09 03:45:00+00:00,64777.7,64777.7,64758.0,64759.0,7837.3,0.0,7837.3
BTCUSDT,1786248000,2026-08-09 04:00:00+00:00,64758.9,64795.1,64758.9,64795.1,0.0,0.0,0.0
BTCUSDT,1786248900,2026-08-09 04:15:00+00:00,64795.0,64806.3,64785.0,64806.3,0.0,0.0,0.0
BTCUSDT,1786249800,2026-08-09 04:30:00+00:00,64806.3,64806.3,64781.1,64781.1,0.0,0.0,0.0
BTCUSDT,1786250700,2026-08-09 04:45:00+00:00,64781.1,64781.2,64759.7,64759.8,0.0,0.0,0.0
BTCUSDT,1786251600,2026-08-09 05:00:00+00:00,64759.7,64764.3,64754.0,64759.1,0.0,0.0,0.0
BTCUSDT,1786252500,2026-08-09 05:15:00+00:00,64759.1,64764.7,64757.0,64757.1,453.32,-25709.68,26163.0
BTCUSDT,1786253400,2026-08-09 05:30:00+00:00,64757.0,64760.5,64757.0,64759.1,11915.31,-331103.06,343018.37
BTCUSDT,1786254300,2026-08-09 05:45:00+00:00,64759.1,64777.9,64747.4,64777.9,0.0,0.0,0.0
BTCUSDT,1786255200,2026-08-09 06:00:00+00:00,64777.8,64786.5,64776.9,64786.5,0.0,-3692.55,3692.55
BTCUSDT,1786256100,2026-08-09 06:15:00+00:00,64786.5,64821.5,64786.4,64815.6,9135.42,-258253.26,267388.68
BTCUSDT,1786257000,2026-08-09 06:30:00+00:00,64815.5,64834.4,64815.5,64833.1,0.0,-13157.85,13157.85
BTCUSDT,1786257900,2026-08-09 06:45:00+00:00,64833.2,64835.0,64822.7,64822.9,259.32,0.0,259.32
BTCUSDT,1786258800,2026-08-09 07:00:00+00:00,64822.9,64827.8,64820.5,64824.9,126146.43,-317310.05,443456.48
BTCUSDT,1786259700,2026-08-09 07:15:00+00:00,64824.9,64826.6,64809.1,64810.0,27613.33,-11732.87,39346.2
BTCUSDT,1786260600,2026-08-09 07:30:00+00:00,64810.0,64812.9,64806.3,64806.3,0.0,-324.06,324.06
BTCUSDT,1786261500,2026-08-09 07:45:00+00:00,64806.3,64806.4,64791.9,64793.6,61361.05,-4600.47,65961.52
BTCUSDT,1786262400,2026-08-09 08:00:00+00:00,64793.7,64905.4,64793.7,64892.3,194.66,-58074.85,58269.51
BTCUSDT,1786263300,2026-08-09 08:15:00+00:00,64892.3,64911.1,64859.1,64859.8,0.0,-64.86,64.86
BTCUSDT,1786264200,2026-08-09 08:30:00+00:00,64859.7,64870.0,64759.2,64759.2,11080.07,-10703.53,21783.6
BTCUSDT,1786265100,2026-08-09 08:45:00+00:00,64759.2,64793.1,64759.2,64792.5,0.0,0.0,0.0
BTCUSDT,1786266000,2026-08-09 09:00:00+00:00,64792.5,64799.9,64792.5,64792.9,0.0,-1101.48,1101.48
BTCUSDT,1786266900,2026-08-09 09:15:00+00:00,64792.9,64799.1,64774.5,64779.8,12308.75,0.0,12308.75
BTCUSDT,1786267800,2026-08-09 09:30:00+00:00,64779.8,64789.5,64775.0,64788.3,0.0,-518.25,518.25
BTCUSDT,1786268700,2026-08-09 09:45:00+00:00,64788.4,64850.9,64783.4,64850.9,129.57,0.0,129.57
BTCUSDT,1786269600,2026-08-09 10:00:00+00:00,64850.9,64926.4,64850.8,64924.2,0.0,-178250.6,178250.6
BTCUSDT,1786270500,2026-08-09 10:15:00+00:00,64924.3,64948.7,64912.0,64935.7,0.0,-70914.86,70914.86
BTCUSDT,1786271400,2026-08-09 10:30:00+00:00,64935.7,64944.5,64910.5,64911.9,908.75,0.0,908.75
BTCUSDT,1786272300,2026-08-09 10:45:00+00:00,64911.8,64948.4,64911.8,64927.4,1168.87,-64.94,1233.81
BTCUSDT,1786273200,2026-08-09 11:00:00+00:00,64927.5,64955.0,64927.4,64949.9,0.0,-54678.11,54678.11
BTCUSDT,1786274100,2026-08-09 11:15:00+00:00,64950.0,64950.0,64940.1,64948.9,0.0,0.0,0.0
BTCUSDT,1786275000,2026-08-09 11:30:00+00:00,64949.0,64974.5,64948.9,64958.4,0.0,-107965.7,107965.7
BTCUSDT,1786275900,2026-08-09 11:45:00+00:00,64958.4,64978.0,64921.7,64921.8,0.0,-17024.16,17024.16
BTCUSDT,1786276800,2026-08-09 12:00:00+00:00,64921.7,64923.0,64884.3,64915.7,0.0,-64.91,64.91
BTCUSDT,1786277700,2026-08-09 12:15:00+00:00,64915.6,64922.2,64915.6,64915.6,259.66,-129.83,389.49
BTCUSDT,1786278600,2026-08-09 12:30:00+00:00,64915.6,64915.7,64908.9,64911.4,3115.75,-125.49,3241.24
BTCUSDT,1786279500,2026-08-09 12:45:00+00:00,64911.5,64928.5,64905.7,64928.5,0.0,0.0,0.0
BTCUSDT,1786280400,2026-08-09 13:00:00+00:00,64928.4,65012.2,64928.4,64993.4,0.0,-35975.43,35975.43
BTCUSDT,1786281300,2026-08-09 13:15:00+00:00,64993.4,65068.9,64993.4,65061.8,0.0,-66455.09,66455.09
BTCUSDT,1786282200,2026-08-09 13:30:00+00:00,65061.8,65245.5,65061.8,65193.0,780.82,-683017.14,683797.96
BTCUSDT,1786283100,2026-08-09 13:45:00+00:00,65193.1,65198.8,65164.9,65194.9,0.0,-912.73,912.73
BTCUSDT,1786284000,2026-08-09 14:00:00+00:00,65195.0,65212.6,65163.8,65212.0,0.0,-126184.45,126184.45
BTCUSDT,1786284900,2026-08-09 14:15:00+00:00,65212.0,65212.0,65130.8,65166.6,0.0,0.0,0.0
BTCUSDT,1786285800,2026-08-09 14:30:00+00:00,65166.7,65200.0,65118.4,65144.0,0.0,-5018.86,5018.86
BTCUSDT,1786286700,2026-08-09 14:45:00+00:00,65143.9,65279.9,65143.9,65237.3,2415.28,-387273.02,389688.3000000001
BTCUSDT,1786287600,2026-08-09 15:00:00+00:00,65237.4,65240.9,65177.0,65218.9,717.12,0.0,717.12
BTCUSDT,1786288500,2026-08-09 15:15:00+00:00,65218.9,65219.0,65199.8,65199.9,0.0,-130.43,130.43
BTCUSDT,1786289400,2026-08-09 15:30:00+00:00,65199.9,65210.8,65196.8,65199.6,0.0,-40490.95,40490.95
BTCUSDT,1786290300,2026-08-09 15:45:00+00:00,65199.7,65212.5,65197.0,65207.7,65.2,0.0,65.2
BTCUSDT,1786291200,2026-08-09 16:00:00+00:00,65207.8,65243.1,65190.6,65210.5,0.0,-4566.03,4566.03
BTCUSDT,1786292100,2026-08-09 16:15:00+00:00,65210.5,65218.2,65147.2,65171.1,130.36,-586.8,717.16
BTCUSDT,1786293000,2026-08-09 16:30:00+00:00,65171.0,65237.1,65171.0,65228.0,0.0,-1304.3,1304.3
BTCUSDT,1786293900,2026-08-09 16:45:00+00:00,65228.0,65233.3,65204.5,65204.6,4499.97,-521.72,5021.6900000000005
BTCUSDT,1786294800,2026-08-09 17:00:00+00:00,65204.6,65204.7,65191.0,65200.0,3129.22,0.0,3129.22
BTCUSDT,1786295700,2026-08-09 17:15:00+00:00,65199.9,65212.8,65192.1,65211.9,260.8,0.0,260.8
BTCUSDT,1786296600,2026-08-09 17:30:00+00:00,65211.9,65212.1,65197.5,65206.4,0.0,0.0,0.0
BTCUSDT,1786297500,2026-08-09 17:45:00+00:00,65206.4,65206.5,65165.9,65170.0,0.0,-195.56,195.56
BTCUSDT,1786298400,2026-08-09 18:00:00+00:00,65169.9,65181.4,65169.9,65180.1,0.0,0.0,0.0
BTCUSDT,1786299300,2026-08-09 18:15:00+00:00,65180.0,65194.0,65161.2,65194.0,130.39,0.0,130.39
BTCUSDT,1786300200,2026-08-09 18:30:00+00:00,65193.9,65200.0,65193.9,65194.2,0.0,0.0,0.0
BTCUSDT,1786301100,2026-08-09 18:45:00+00:00,65194.1,65194.2,65167.1,65167.1,65.19,0.0,65.19
BTCUSDT,1786302000,2026-08-09 19:00:00+00:00,65167.1,65177.6,65158.5,65166.4,0.0,-23070.07,23070.07
BTCUSDT,1786302900,2026-08-09 19:15:00+00:00,65166.3,65188.6,65166.3,65186.1,13034.78,0.0,13034.78
BTCUSDT,1786303800,2026-08-09 19:30:00+00:00,65186.1,65186.2,65171.7,65171.7,130.37,-1042.79,1173.16
BTCUSDT,1786304700,2026-08-09 19:45:00+00:00,65171.7,65171.8,65147.6,65153.2,0.0,0.0,0.0
BTCUSDT,1786305600,2026-08-09 20:00:00+00:00,65153.2,65161.4,65043.5,65049.2,2864.89,0.0,2864.89
BTCUSDT,1786306500,2026-08-09 20:15:00+00:00,65049.3,65125.0,65049.2,65102.4,130.15,0.0,130.15
BTCUSDT,1786307400,2026-08-09 20:30:00+00:00,65102.3,65142.6,65102.3,65111.2,0.0,-2669.68,2669.68
BTCUSDT,1786308300,2026-08-09 20:45:00+00:00,65111.3,65117.9,65093.3,65114.1,0.0,-846.39,846.39
BTCUSDT,1786309200,2026-08-09 21:00:00+00:00,65114.0,65114.1,65095.9,65103.1,0.0,-14062.27,14062.27
BTCUSDT,1786310100,2026-08-09 21:15:00+00:00,65103.0,65114.1,65091.2,65111.0,0.0,0.0,0.0
BTCUSDT,1786311000,2026-08-09 21:30:00+00:00,65110.9,65229.9,65110.9,65196.7,716.28,0.0,716.28
BTCUSDT,1786311900,2026-08-09 21:45:00+00:00,65196.7,65203.3,65154.2,65165.0,0.0,0.0,0.0
BTCUSDT,1786312800,2026-08-09 22:00:00+00:00,65165.1,65482.7,65165.1,65387.1,0.0,-3326.65,3326.65
BTCUSDT,1786313700,2026-08-09 22:15:00+00:00,65387.2,65419.4,65182.3,65210.5,15668.89,-718.57,16387.46
BTCUSDT,1786314600,2026-08-09 22:30:00+00:00,65210.6,65224.7,64942.7,65006.2,647121.31,-6512.81,653634.1200000001
BTCUSDT,1786315500,2026-08-09 22:45:00+00:00,65006.1,65080.0,64936.2,65046.3,41695.95,0.0,41695.95
BTCUSDT,1786316400,2026-08-09 23:00:00+00:00,65046.2,65080.3,64956.1,64990.1,0.0,-129.99,129.99
BTCUSDT,1786317300,2026-08-09 23:15:00+00:00,64990.0,65027.4,64869.0,64892.2,86110.49,0.0,86110.49
BTCUSDT,1786318200,2026-08-09 23:30:00+00:00,64892.2,64911.0,64816.0,64866.5,253158.14,0.0,253158.14
BTCUSDT,1786319100,2026-08-09 23:45:00+00:00,64866.6,64903.2,64805.1,64867.8,259.61,0.0,259.61
BTCUSDT,1786320000,2026-08-10 00:00:00+00:00,64867.8,65300.0,64811.8,65120.2,58521.63,-481262.7,539784.33
BTCUSDT,1786320900,2026-08-10 00:15:00+00:00,65120.2,65146.4,64950.3,64974.8,1300.54,-130.2,1430.74
BTCUSDT,1786321800,2026-08-10 00:30:00+00:00,64974.9,65025.7,64794.4,64819.0,1233.42,0.0,1233.42
BTCUSDT,1786322700,2026-08-10 00:45:00+00:00,64819.0,65015.3,64816.0,64945.3,0.0,-3248.77,3248.77
BTCUSDT,1786323600,2026-08-10 01:00:00+00:00,64945.3,65005.8,64868.1,64977.6,0.0,0.0,0.0
BTCUSDT,1786324500,2026-08-10 01:15:00+00:00,64977.5,65049.4,64971.8,64976.6,0.0,-455.24,455.24
BTCUSDT,1786325400,2026-08-10 01:30:00+00:00,64976.6,64988.1,64864.0,64947.8,519.08,0.0,519.08
BTCUSDT,1786326300,2026-08-10 01:45:00+00:00,64947.8,65373.6,64941.2,65172.9,194.93,-1244639.17,1244834.1
BTCUSDT,1786327200,2026-08-10 02:00:00+00:00,65172.9,65185.0,65046.7,65074.5,2082.88,0.0,2082.88
BTCUSDT,1786328100,2026-08-10 02:15:00+00:00,65074.5,65076.2,64871.0,64931.2,372677.7,0.0,372677.7
BTCUSDT,1786329000,2026-08-10 02:30:00+00:00,64931.2,65193.3,64931.2,65172.0,0.0,-16615.35,16615.35
BTCUSDT,1786329900,2026-08-10 02:45:00+00:00,65172.1,65172.1,65055.8,65077.7,0.0,0.0,0.0
BTCUSDT,1786330800,2026-08-10 03:00:00+00:00,65077.7,65085.1,64930.5,64931.3,195.06,0.0,195.06
BTCUSDT,1786331700,2026-08-10 03:15:00+00:00,64931.2,65150.0,64875.0,64999.6,5459.45,0.0,5459.45
BTCUSDT,1786332600,2026-08-10 03:30:00+00:00,64999.7,65070.0,64968.9,65001.5,0.0,0.0,0.0
BTCUSDT,1786333500,2026-08-10 03:45:00+00:00,65001.6,65032.0,64922.3,64946.4,64.97,0.0,64.97
BTCUSDT,1786334400,2026-08-10 04:00:00+00:00,64946.4,65049.7,64926.5,65046.0,64.98,0.0,64.98
BTCUSDT,1786335300,2026-08-10 04:15:00+00:00,65046.0,65076.4,65000.0,65000.1,585.49,0.0,585.49
BTCUSDT,1786336200,2026-08-10 04:30:00+00:00,65000.0,65015.0,64892.1,64980.8,9864.09,0.0,9864.09
BTCUSDT,1786337100,2026-08-10 04:45:00+00:00,64980.7,65026.2,64950.0,64980.6,4547.54,0.0,4547.54
BTCUSDT,1786338000,2026-08-10 05:00:00+00:00,64980.4,65028.7,64952.3,64965.0,389.71,0.0,389.71
BTCUSDT,1786338900,2026-08-10 05:15:00+00:00,64964.9,65040.0,64964.9,65019.6,0.0,0.0,0.0
BTCUSDT,1786339800,2026-08-10 05:30:00+00:00,65019.6,65063.1,64995.4,65059.4,5526.04,-65.0,5591.04
BTCUSDT,1786340700,2026-08-10 05:45:00+00:00,65059.4,65142.1,65024.0,65117.1,0.0,-911.94,911.94
BTCUSDT,1786341600,2026-08-10 06:00:00+00:00,65117.2,65260.0,65104.1,65174.7,0.0,-63386.75,63386.75
BTCUSDT,1786342500,2026-08-10 06:15:00+00:00,65174.8,65214.6,65120.1,65139.9,0.0,-7039.69,7039.69
BTCUSDT,1786343400,2026-08-10 06:30:00+00:00,65140.0,65212.2,65140.0,65212.2,0.0,0.0,0.0
BTCUSDT,1786344300,2026-08-10 06:45:00+00:00,65212.1,65313.2,65201.4,65273.2,0.0,-13190.69,13190.69
BTCUSDT,1786345200,2026-08-10 07:00:00+00:00,65273.1,65283.7,65229.4,65240.1,0.0,-65.27,65.27
BTCUSDT,1786346100,2026-08-10 07:15:00+00:00,65240.1,65307.4,65203.7,65297.0,0.0,-1958.16,1958.16
BTCUSDT,1786347000,2026-08-10 07:30:00+00:00,65297.0,65348.4,65280.0,65303.0,0.0,-50763.27,50763.27
BTCUSDT,1786347900,2026-08-10 07:45:00+00:00,65303.0,65313.0,65173.1,65183.0,65.31,0.0,65.31
BTCUSDT,1786348800,2026-08-10 08:00:00+00:00,65183.0,65290.0,65182.9,65240.4,0.0,-65.29,65.29
BTCUSDT,1786349700,2026-08-10 08:15:00+00:00,65240.3,65306.9,65202.6,65269.8,195.7,-8542.58,8738.28
BTCUSDT,1786350600,2026-08-10 08:30:00+00:00,65269.8,65279.6,65160.2,65200.9,260.75,0.0,260.75
BTCUSDT,1786351500,2026-08-10 08:45:00+00:00,65200.9,65240.0,65183.8,65220.6,8481.14,0.0,8481.14
BTCUSDT,1786352400,2026-08-10 09:00:00+00:00,65220.6,65220.7,65159.2,65193.8,0.0,-195.59,195.59
BTCUSDT,1786353300,2026-08-10 09:15:00+00:00,65193.8,65196.2,65133.6,65139.0,3777.75,-130.28,3908.03
BTCUSDT,1786354200,2026-08-10 09:30:00+00:00,65139.0,65139.0,65012.6,65021.8,215688.18,-195.33,215883.51
BTCUSDT,1786355100,2026-08-10 09:45:00+00:00,65021.9,65021.9,64928.0,64941.1,23963.03,0.0,23963.03
BTCUSDT,1786356000,2026-08-10 10:00:00+00:00,64941.0,65053.3,64939.5,65017.4,0.0,0.0,0.0
BTCUSDT,1786356900,2026-08-10 10:15:00+00:00,65017.3,65044.4,64981.1,64998.7,0.0,-4484.68,4484.68
BTCUSDT,1786357800,2026-08-10 10:30:00+00:00,64998.7,65023.8,64980.0,64982.4,0.0,0.0,0.0
BTCUSDT,1786358700,2026-08-10 10:45:00+00:00,64982.4,65029.0,64980.0,64988.7,0.0,0.0,0.0
BTCUSDT,1786359600,2026-08-10 11:00:00+00:00,64988.8,65009.0,64950.0,64991.1,845.0,-64.98,909.98
BTCUSDT,1786360500,2026-08-10 11:15:00+00:00,64991.1,65068.8,64991.0,65051.6,0.0,0.0,0.0
BTCUSDT,1786361400,2026-08-10 11:30:00+00:00,65051.5,65077.8,65032.2,65032.2,0.0,-455.27,455.27
BTCUSDT,1786362300,2026-08-10 11:45:00+00:00,65032.2,65108.4,65032.2,65097.6,0.0,-65.04,65.04
BTCUSDT,1786363200,2026-08-10 12:00:00+00:00,65097.5,65221.2,65071.2,65100.4,0.0,-90513.78,90513.78
BTCUSDT,1786364100,2026-08-10 12:15:00+00:00,65100.5,65104.3,65012.1,65027.8,5721.3,0.0,5721.3
BTCUSDT,1786365000,2026-08-10 12:30:00+00:00,65027.8,65035.0,64882.7,64995.6,34672.64,0.0,34672.64
BTCUSDT,1786365900,2026-08-10 12:45:00+00:00,64995.6,64995.6,64812.6,64838.3,8175.2,0.0,8175.2
BTCUSDT,1786366800,2026-08-10 13:00:00+00:00,64838.3,64882.8,64814.5,64855.4,3890.69,0.0,3890.69
BTCUSDT,1786367700,2026-08-10 13:15:00+00:00,64855.3,64942.5,64847.7,64894.2,0.0,-519.28,519.28
BTCUSDT,1786368600,2026-08-10 13:30:00+00:00,64894.3,64907.0,64575.8,64618.5,2117602.62,-2657.12,2120259.74
BTCUSDT,1786369500,2026-08-10 13:45:00+00:00,64618.5,64660.0,64482.1,64533.7,411426.0,0.0,411426.0
BTCUSDT,1786370400,2026-08-10 14:00:00+00:00,64533.6,64729.2,64510.0,64722.2,0.0,-5883.11,5883.11
BTCUSDT,1786371300,2026-08-10 14:15:00+00:00,64722.2,64803.7,64682.0,64752.6,0.0,-258.98,258.98
BTCUSDT,1786372200,2026-08-10 14:30:00+00:00,64752.7,64856.7,64734.1,64795.0,0.0,-6935.34,6935.34
BTCUSDT,1786373100,2026-08-10 14:45:00+00:00,64795.1,64830.0,64573.1,64594.5,95656.18,-388.83,96045.01
BTCUSDT,1786374000,2026-08-10 15:00:00+00:00,64594.6,64691.2,64500.3,64529.9,272797.68,0.0,272797.68
BTCUSDT,1786374900,2026-08-10 15:15:00+00:00,64530.0,64619.6,64280.0,64374.0,4188224.6,0.0,4188224.6
BTCUSDT,1786375800,2026-08-10 15:30:00+00:00,64373.9,64390.6,64213.0,64317.9,562638.19,0.0,562638.19
BTCUSDT,1786376700,2026-08-10 15:45:00+00:00,64317.9,64335.8,64171.8,64268.8,191296.22,0.0,191296.22
BTCUSDT,1786377600,2026-08-10 16:00:00+00:00,64268.7,64330.0,64155.1,64195.7,28817.92,0.0,28817.92
BTCUSDT,1786378500,2026-08-10 16:15:00+00:00,64195.7,64195.7,63944.0,64100.0,2643105.76,-1537.36,2644643.12
BTCUSDT,1786379400,2026-08-10 16:30:00+00:00,64100.0,64163.9,63923.8,63948.8,1025329.7,-299023.51,1324353.21
BTCUSDT,1786380300,2026-08-10 16:45:00+00:00,63948.9,63960.3,63808.9,63888.6,2099757.68,0.0,2099757.68
BTCUSDT,1786381200,2026-08-10 17:00:00+00:00,63888.7,63999.9,63810.0,63973.7,14167.18,-17656.38,31823.56
BTCUSDT,1786382100,2026-08-10 17:15:00+00:00,63973.7,63988.4,63901.4,63901.5,3579.86,0.0,3579.86
BTCUSDT,1786383000,2026-08-10 17:30:00+00:00,63901.5,64009.0,63880.0,63929.0,191.81,-127.78,319.59000000000003
BTCUSDT,1786383900,2026-08-10 17:45:00+00:00,63928.9,63953.1,63844.8,63932.7,0.0,0.0,0.0
BTCUSDT,1786384800,2026-08-10 18:00:00+00:00,63932.6,64005.4,63875.0,63922.2,255.98,-1216.1,1472.08
BTCUSDT,1786385700,2026-08-10 18:15:00+00:00,63922.3,63986.9,63873.4,63880.0,1534.16,0.0,1534.16
BTCUSDT,1786386600,2026-08-10 18:30:00+00:00,63880.0,63913.3,63788.0,63863.0,401162.2,0.0,401162.2
BTCUSDT,1786387500,2026-08-10 18:45:00+00:00,63863.1,63906.5,63813.9,63866.4,2871.84,0.0,2871.84
BTCUSDT,1786388400,2026-08-10 19:00:00+00:00,63866.3,63913.0,63859.9,63905.6,1149.9,0.0,1149.9
BTCUSDT,1786389300,2026-08-10 19:15:00+00:00,63905.6,63997.1,63875.4,63997.1,255.72,-29799.22,30054.94
BTCUSDT,1786390200,2026-08-10 19:30:00+00:00,63997.1,64072.8,63901.5,64000.0,2302.54,-9671.83,11974.37
BTCUSDT,1786391100,2026-08-10 19:45:00+00:00,64000.1,64022.9,63954.7,64017.2,14271.09,0.0,14271.09
BTCUSDT,1786392000,2026-08-10 20:00:00+00:00,64017.2,64060.2,63989.5,64023.0,0.0,-128.12,128.12
BTCUSDT,1786392900,2026-08-10 20:15:00+00:00,64022.9,64090.0,64014.2,64090.0,0.0,-640.88,640.88
BTCUSDT,1786393800,2026-08-10 20:30:00+00:00,64089.9,64189.3,64071.0,64143.0,0.0,-112824.8,112824.8
BTCUSDT,1786394700,2026-08-10 20:45:00+00:00,64142.9,64153.5,64107.7,64129.6,0.0,0.0,0.0
BTCUSDT,1786395600,2026-08-10 21:00:00+00:00,64129.7,64129.7,64049.5,64080.8,0.0,-1025.22,1025.22
BTCUSDT,1786396500,2026-08-10 21:15:00+00:00,64080.9,64089.6,64035.2,64089.1,4485.62,0.0,4485.62
BTCUSDT,1786397400,2026-08-10 21:30:00+00:00,64089.2,64089.2,64000.0,64004.8,6024.38,0.0,6024.38
BTCUSDT,1786398300,2026-08-10 21:45:00+00:00,64004.8,64016.8,63946.8,63949.0,3965.31,0.0,3965.31
BTCUSDT,1786399200,2026-08-10 22:00:00+00:00,63949.0,64017.1,63919.1,64010.6,68528.79,-255.92,68784.70999999999
BTCUSDT,1786400100,2026-08-10 22:15:00+00:00,64010.6,64027.4,63975.5,63980.9,0.0,0.0,0.0
BTCUSDT,1786401000,2026-08-10 22:30:00+00:00,63980.9,63981.0,63908.0,63956.9,10928.99,0.0,10928.99
BTCUSDT,1786401900,2026-08-10 22:45:00+00:00,63957.0,63987.5,63953.7,63987.5,1279.38,0.0,1279.38
BTCUSDT,1786402800,2026-08-10 23:00:00+00:00,63987.5,63992.1,63943.5,63949.9,0.0,0.0,0.0
BTCUSDT,1786403700,2026-08-10 23:15:00+00:00,63950.0,63969.0,63916.8,63959.2,191.81,0.0,191.81
BTCUSDT,1786404600,2026-08-10 23:30:00+00:00,63959.2,63959.3,63881.6,63939.9,150289.82,-127.86,150417.68
BTCUSDT,1786405500,2026-08-10 23:45:00+00:00,63939.9,63958.9,63911.2,63939.3,0.0,0.0,0.0
BTCUSDT,1786406400,2026-08-11 00:00:00+00:00,63939.3,63955.8,63863.9,63955.8,2173.59,0.0,2173.59
BTCUSDT,1786407300,2026-08-11 00:15:00+00:00,63955.8,63974.5,63884.8,63960.9,191.67,0.0,191.67
BTCUSDT,1786408200,2026-08-11 00:30:00+00:00,63961.0,63983.3,63918.6,63951.5,0.0,0.0,0.0
BTCUSDT,1786409100,2026-08-11 00:45:00+00:00,63951.5,64032.6,63951.5,64006.1,192.03,-639.9,831.93
BTCUSDT,1786410000,2026-08-11 01:00:00+00:00,64006.1,64048.2,63950.0,64027.7,0.0,-2113.17,2113.17
BTCUSDT,1786410900,2026-08-11 01:15:00+00:00,64027.8,64044.2,63950.0,64039.4,3264.52,0.0,3264.52
BTCUSDT,1786411800,2026-08-11 01:30:00+00:00,64039.5,64039.5,63923.9,63957.0,0.0,0.0,0.0
BTCUSDT,1786412700,2026-08-11 01:45:00+00:00,63957.0,64046.5,63955.0,64026.6,320.11,0.0,320.11
BTCUSDT,1786413600,2026-08-11 02:00:00+00:00,64026.6,64054.0,64009.7,64009.7,0.0,-1793.51,1793.51
BTCUSDT,1786414500,2026-08-11 02:15:00+00:00,64009.8,64042.0,64009.7,64019.9,0.0,-20553.79,20553.79
BTCUSDT,1786415400,2026-08-11 02:30:00+00:00,64019.9,64026.0,63999.9,64013.9,0.0,-1216.38,1216.38
BTCUSDT,1786416300,2026-08-11 02:45:00+00:00,64013.9,64029.0,64002.4,64012.9,12354.42,0.0,12354.42
BTCUSDT,1786417200,2026-08-11 03:00:00+00:00,64012.8,64075.0,64012.8,64070.2,0.0,-2563.0,2563.0
BTCUSDT,1786418100,2026-08-11 03:15:00+00:00,64070.2,64148.0,64070.2,64106.7,832.91,-14622.63,15455.54
BTCUSDT,1786419000,2026-08-11 03:30:00+00:00,64106.6,64134.3,64100.0,64103.9,448.89,-1731.3,2180.19
BTCUSDT,1786419900,2026-08-11 03:45:00+00:00,64103.8,64110.7,64087.0,64110.7,0.0,0.0,0.0
BTCUSDT,1786420800,2026-08-11 04:00:00+00:00,64110.7,64124.2,64089.7,64089.7,0.0,0.0,0.0
BTCUSDT,1786421700,2026-08-11 04:15:00+00:00,64089.7,64107.5,64073.1,64080.9,384.49,0.0,384.49
BTCUSDT,1786422600,2026-08-11 04:30:00+00:00,64080.9,64082.0,64065.1,64068.4,0.0,-2371.0,2371.0
BTCUSDT,1786423500,2026-08-11 04:45:00+00:00,64068.5,64073.5,63997.0,63997.0,1536.15,0.0,1536.15
BTCUSDT,1786424400,2026-08-11 05:00:00+00:00,63997.0,64023.4,63961.0,64014.6,2303.15,0.0,2303.15
BTCUSDT,1786425300,2026-08-11 05:15:00+00:00,64014.6,64021.9,63929.2,63944.0,138760.23,0.0,138760.23
BTCUSDT,1786426200,2026-08-11 05:30:00+00:00,63943.9,64012.9,63938.7,64006.3,128015.68,0.0,128015.68
BTCUSDT,1786427100,2026-08-11 05:45:00+00:00,64006.3,64016.6,63965.0,63965.0,0.0,-2239.34,2239.34
BTCUSDT,1786428000,2026-08-11 06:00:00+00:00,63965.0,64021.8,63942.4,64001.1,100025.04,0.0,100025.04
BTCUSDT,1786428900,2026-08-11 06:15:00+00:00,64001.2,64001.2,63900.0,63900.0,6847.87,0.0,6847.87
BTCUSDT,1786429800,2026-08-11 06:30:00+00:00,63900.0,63939.0,63874.8,63903.2,45418.12,0.0,45418.12
BTCUSDT,1786430700,2026-08-11 06:45:00+00:00,63903.3,63942.4,63820.0,63940.0,79818.79,0.0,79818.79
BTCUSDT,1786431600,2026-08-11 07:00:00+00:00,63940.0,63987.6,63935.9,63935.9,64016.75,0.0,64016.75
BTCUSDT,1786432500,2026-08-11 07:15:00+00:00,63935.9,63944.6,63876.4,63879.9,10863.15,0.0,10863.15
BTCUSDT,1786433400,2026-08-11 07:30:00+00:00,63879.9,64060.0,63879.9,64043.9,3136.45,-27534.93,30671.38
BTCUSDT,1786434300,2026-08-11 07:45:00+00:00,64044.0,64077.0,64010.0,64031.7,0.0,-448.54,448.54
BTCUSDT,1786435200,2026-08-11 08:00:00+00:00,64031.8,64093.7,64016.7,64016.8,0.0,-128.16,128.16
BTCUSDT,1786436100,2026-08-11 08:15:00+00:00,64016.7,64064.0,64010.4,64026.2,0.0,0.0,0.0
BTCUSDT,1786437000,2026-08-11 08:30:00+00:00,64026.2,64095.6,64026.2,64084.8,0.0,-5511.68,5511.68
BTCUSDT,1786437900,2026-08-11 08:45:00+00:00,64084.8,64124.8,64063.1,64109.8,0.0,-9808.57,9808.57
BTCUSDT,1786438800,2026-08-11 09:00:00+00:00,64109.7,64137.7,64106.0,64106.9,0.0,-192.39,192.39
BTCUSDT,1786439700,2026-08-11 09:15:00+00:00,64107.0,64176.4,64106.7,64160.2,0.0,-15784.7,15784.7
BTCUSDT,1786440600,2026-08-11 09:30:00+00:00,64160.2,64227.7,64158.0,64217.8,0.0,-99594.29,99594.29
BTCUSDT,1786441500,2026-08-11 09:45:00+00:00,64217.8,64281.0,64217.3,64281.0,0.0,-112062.51,112062.51
BTCUSDT,1786442400,2026-08-11 10:00:00+00:00,64280.9,64290.1,64207.6,64218.8,0.0,-43196.93,43196.93
BTCUSDT,1786443300,2026-08-11 10:15:00+00:00,64218.8,64282.1,64172.0,64277.0,3211.29,-2952.79,6164.08
BTCUSDT,1786444200,2026-08-11 10:30:00+00:00,64276.9,64284.7,64221.1,64253.9,0.0,0.0,0.0
BTCUSDT,1786445100,2026-08-11 10:45:00+00:00,64253.8,64253.9,64190.1,64205.3,4560.07,0.0,4560.07
BTCUSDT,1786446000,2026-08-11 11:00:00+00:00,64205.3,64366.0,64205.3,64333.0,0.0,-574104.37,574104.37
BTCUSDT,1786446900,2026-08-11 11:15:00+00:00,64333.0,64335.0,64308.9,64311.0,7074.2,0.0,7074.2
BTCUSDT,1786447800,2026-08-11 11:30:00+00:00,64311.0,64321.8,64306.5,64313.4,0.0,0.0,0.0
BTCUSDT,1786448700,2026-08-11 11:45:00+00:00,64313.3,64380.0,64313.3,64358.3,0.0,-33670.01,33670.01
BTCUSDT,1786449600,2026-08-11 12:00:00+00:00,64358.4,64470.0,64352.0,64445.0,0.0,-78853.32,78853.32
BTCUSDT,1786450500,2026-08-11 12:15:00+00:00,64444.9,64445.0,64259.1,64290.1,257.26,0.0,257.26
BTCUSDT,1786451400,2026-08-11 12:30:00+00:00,64290.1,64360.1,64286.8,64302.1,1350.72,0.0,1350.72
BTCUSDT,1786452300,2026-08-11 12:45:00+00:00,64302.2,64318.8,64302.1,64303.2,0.0,0.0,0.0
BTCUSDT,1786453200,2026-08-11 13:00:00+00:00,64303.1,64345.9,64252.7,64296.3,6554.0,0.0,6554.0
BTCUSDT,1786454100,2026-08-11 13:15:00+00:00,64296.4,64305.7,64144.0,64179.2,53186.75,0.0,53186.75
BTCUSDT,1786455000,2026-08-11 13:30:00+00:00,64179.3,64217.2,64023.7,64151.8,631631.29,-961.51,632592.8
BTCUSDT,1786455900,2026-08-11 13:45:00+00:00,64151.8,64195.9,64020.2,64174.4,1408.52,-192.19,1600.71
BTCUSDT,1786456800,2026-08-11 14:00:00+00:00,64174.4,64206.4,64088.0,64195.7,128.23,0.0,128.23
BTCUSDT,1786457700,2026-08-11 14:15:00+00:00,64195.8,64240.0,63888.8,63999.8,276136.74,-1282.22,277418.96
BTCUSDT,1786458600,2026-08-11 14:30:00+00:00,63999.8,64041.2,63866.6,63938.1,172546.2,-1534.31,174080.51
BTCUSDT,1786459500,2026-08-11 14:45:00+00:00,63938.2,63984.6,63680.0,63747.0,946448.46,0.0,946448.46
BTCUSDT,1786460400,2026-08-11 15:00:00+00:00,63747.0,63841.5,63693.9,63752.5,0.0,-191.52,191.52
BTCUSDT,1786461300,2026-08-11 15:15:00+00:00,63752.5,63845.7,63678.4,63836.3,226523.54,-7018.75,233542.29
BTCUSDT,1786462200,2026-08-11 15:30:00+00:00,63836.3,63836.3,63420.0,63536.2,5921534.13,-9709.3,5931243.43
BTCUSDT,1786463100,2026-08-11 15:45:00+00:00,63536.2,63608.8,63446.8,63585.3,4887.17,-445.16,5332.33
BTCUSDT,1786464000,2026-08-11 16:00:00+00:00,63585.3,63637.5,63508.3,63582.3,0.0,0.0,0.0
BTCUSDT,1786464900,2026-08-11 16:15:00+00:00,63582.2,63629.4,63550.0,63570.6,0.0,-1972.2,1972.2
BTCUSDT,1786465800,2026-08-11 16:30:00+00:00,63570.6,63596.0,63457.7,63470.3,1015.85,-24126.5,25142.35
BTCUSDT,1786466700,2026-08-11 16:45:00+00:00,63470.2,63524.9,63436.5,63488.5,59948.15,0.0,59948.15
BTCUSDT,1786467600,2026-08-11 17:00:00+00:00,63488.5,63519.6,63432.3,63484.0,2030.24,0.0,2030.24
BTCUSDT,1786468500,2026-08-11 17:15:00+00:00,63484.1,63576.3,63466.2,63548.8,0.0,-2094.98,2094.98
BTCUSDT,1786469400,2026-08-11 17:30:00+00:00,63548.9,63572.0,63496.1,63531.7,63.54,0.0,63.54
BTCUSDT,1786470300,2026-08-11 17:45:00+00:00,63531.7,63615.5,63512.4,63580.1,1270.57,-42042.02,43312.59
BTCUSDT,1786471200,2026-08-11 18:00:00+00:00,63580.2,63609.1,63525.2,63571.8,5527.57,0.0,5527.57
BTCUSDT,1786472100,2026-08-11 18:15:00+00:00,63571.8,63583.0,63453.0,63454.1,0.0,0.0,0.0
BTCUSDT,1786473000,2026-08-11 18:30:00+00:00,63454.1,63487.9,63222.0,63281.8,411234.23,0.0,411234.23
BTCUSDT,1786473900,2026-08-11 18:45:00+00:00,63281.8,63363.6,63277.1,63352.5,0.0,0.0,0.0
BTCUSDT,1786474800,2026-08-11 19:00:00+00:00,63352.5,63357.6,63211.6,63224.6,696.85,0.0,696.85
BTCUSDT,1786475700,2026-08-11 19:15:00+00:00,63224.6,63372.9,63224.6,63334.7,1266.51,-4815.28,6081.79
BTCUSDT,1786476600,2026-08-11 19:30:00+00:00,63334.7,63436.0,63334.6,63431.0,0.0,-1648.79,1648.79
BTCUSDT,1786477500,2026-08-11 19:45:00+00:00,63431.0,63513.9,63357.2,63508.5,1522.32,-3045.37,4567.69
BTCUSDT,1786478400,2026-08-11 20:00:00+00:00,63508.5,63692.4,63508.5,63649.9,0.0,-479353.32,479353.32
BTCUSDT,1786479300,2026-08-11 20:15:00+00:00,63649.9,63651.6,63576.0,63651.6,0.0,0.0,0.0
BTCUSDT,1786480200,2026-08-11 20:30:00+00:00,63651.6,63732.7,63625.8,63652.4,0.0,-11533.02,11533.02
BTCUSDT,1786481100,2026-08-11 20:45:00+00:00,63652.4,63725.3,63652.3,63720.8,63.67,0.0,63.67
BTCUSDT,1786482000,2026-08-11 21:00:00+00:00,63720.8,63731.4,63708.0,63712.0,0.0,-955.96,955.96
BTCUSDT,1786482900,2026-08-11 21:15:00+00:00,63712.1,63757.5,63628.9,63648.0,0.0,-12173.6,12173.6
BTCUSDT,1786483800,2026-08-11 21:30:00+00:00,63648.1,63669.3,63590.7,63647.0,0.0,0.0,0.0
BTCUSDT,1786484700,2026-08-11 21:45:00+00:00,63647.0,63667.0,63620.0,63641.5,0.0,0.0,0.0
BTCUSDT,1786485600,2026-08-11 22:00:00+00:00,63641.6,63746.4,63641.6,63706.5,0.0,-446.09,446.09
BTCUSDT,1786486500,2026-08-11 22:15:00+00:00,63706.5,63740.3,63677.1,63696.1,0.0,0.0,0.0
BTCUSDT,1786487400,2026-08-11 22:30:00+00:00,63696.0,63707.2,63627.8,63630.0,0.0,0.0,0.0
BTCUSDT,1786488300,2026-08-11 22:45:00+00:00,63630.0,63655.1,63601.2,63641.6,0.0,0.0,0.0
BTCUSDT,1786489200,2026-08-11 23:00:00+00:00,63641.7,63641.7,63536.1,63553.3,1144.72,0.0,1144.72
BTCUSDT,1786490100,2026-08-11 23:15:00+00:00,63553.4,63593.3,63527.3,63572.7,508.48,-1207.2,1715.68
BTCUSDT,1786491000,2026-08-11 23:30:00+00:00,63572.8,63619.1,63560.0,63615.7,3559.78,0.0,3559.78
BTCUSDT,1786491900,2026-08-11 23:45:00+00:00,63615.8,63629.0,63571.9,63572.0,0.0,0.0,0.0
BTCUSDT,1786492800,2026-08-12 00:00:00+00:00,63571.9,63587.7,63505.3,63583.1,3367.26,0.0,3367.26
BTCUSDT,1786493700,2026-08-12 00:15:00+00:00,63583.1,63684.0,63551.5,63644.1,20428.7,-1910.16,22338.86
BTCUSDT,1786494600,2026-08-12 00:30:00+00:00,63644.0,63700.0,63644.0,63692.1,4267.35,-191.08,4458.43
BTCUSDT,1786495500,2026-08-12 00:45:00+00:00,63692.1,63722.4,63691.3,63717.2,1529.05,-254.83,1783.88
BTCUSDT,1786496400,2026-08-12 01:00:00+00:00,63717.2,63760.0,63687.4,63758.0,63.73,-5162.95,5226.679999999999
BTCUSDT,1786497300,2026-08-12 01:15:00+00:00,63758.1,63758.1,63708.8,63722.8,191.15,0.0,191.15
BTCUSDT,1786498200,2026-08-12 01:30:00+00:00,63722.9,63797.9,63665.2,63797.8,0.0,-226608.41,226608.41
BTCUSDT,1786499100,2026-08-12 01:45:00+00:00,63797.8,63828.7,63771.1,63796.0,3698.72,-44473.46,48172.18
BTCUSDT,1786500000,2026-08-12 02:00:00+00:00,63796.0,63859.1,63789.0,63820.2,0.0,-12705.96,12705.96
BTCUSDT,1786500900,2026-08-12 02:15:00+00:00,63820.1,63868.0,63751.8,63868.0,0.0,-2490.85,2490.85
BTCUSDT,1786501800,2026-08-12 02:30:00+00:00,63868.0,63886.0,63730.9,63745.7,63.86,-58577.5,58641.36
BTCUSDT,1786502700,2026-08-12 02:45:00+00:00,63745.8,63755.0,63701.2,63722.6,191.24,-191.24,382.48
BTCUSDT,1786503600,2026-08-12 03:00:00+00:00,63722.5,63772.6,63680.0,63692.6,1783.44,-191.08,1974.52
BTCUSDT,1786504500,2026-08-12 03:15:00+00:00,63692.7,63751.7,63678.4,63728.5,0.0,0.0,0.0
BTCUSDT,1786505400,2026-08-12 03:30:00+00:00,63728.5,63819.2,63704.5,63785.6,0.0,-19964.92,19964.92
BTCUSDT,1786506300,2026-08-12 03:45:00+00:00,63785.6,63809.5,63745.6,63800.1,0.0,-2551.86,2551.86
BTCUSDT,1786507200,2026-08-12 04:00:00+00:00,63800.1,63812.1,63731.3,63757.9,22394.46,-3828.12,26222.58
BTCUSDT,1786508100,2026-08-12 04:15:00+00:00,63757.9,63863.6,63742.9,63767.0,1785.64,-330696.89,332482.53
BTCUSDT,1786509000,2026-08-12 04:30:00+00:00,63767.1,63767.1,63706.4,63745.9,191.17,0.0,191.17
BTCUSDT,1786509900,2026-08-12 04:45:00+00:00,63745.8,63805.0,63730.1,63747.2,0.0,0.0,0.0
BTCUSDT,1786510800,2026-08-12 05:00:00+00:00,63747.2,63793.0,63698.2,63793.0,3630.87,0.0,3630.87
BTCUSDT,1786511700,2026-08-12 05:15:00+00:00,63792.9,63812.7,63785.1,63812.6,0.0,-127.6,127.6
BTCUSDT,1786512600,2026-08-12 05:30:00+00:00,63812.5,63846.3,63794.9,63821.1,0.0,-63.85,63.85
BTCUSDT,1786513500,2026-08-12 05:45:00+00:00,63821.0,63834.1,63787.5,63811.4,0.0,-127.65,127.65
BTCUSDT,1786514400,2026-08-12 06:00:00+00:00,63811.3,63811.3,63675.4,63676.5,0.0,-2933.19,2933.19
BTCUSDT,1786515300,2026-08-12 06:15:00+00:00,63676.5,63729.9,63592.7,63618.0,93686.83,-509.32,94196.15
BTCUSDT,1786516200,2026-08-12 06:30:00+00:00,63618.0,63657.7,63574.6,63630.1,192074.75,-127.26,192202.01
BTCUSDT,1786517100,2026-08-12 06:45:00+00:00,63630.2,63688.0,63600.0,63688.0,63.65,-1781.72,1845.37
BTCUSDT,1786518000,2026-08-12 07:00:00+00:00,63687.9,63778.6,63684.4,63736.5,2611.39,-17340.05,19951.44
BTCUSDT,1786518900,2026-08-12 07:15:00+00:00,63736.6,63736.6,63698.1,63705.0,0.0,0.0,0.0
BTCUSDT,1786519800,2026-08-12 07:30:00+00:00,63705.1,63752.8,63656.0,63664.7,318.39,0.0,318.39
BTCUSDT,1786520700,2026-08-12 07:45:00+00:00,63664.7,63812.5,63603.4,63804.8,1336.93,0.0,1336.93
BTCUSDT,1786521600,2026-08-12 08:00:00+00:00,63804.8,63844.0,63757.2,63764.4,2041.07,-30639.37,32680.44
BTCUSDT,1786522500,2026-08-12 08:15:00+00:00,63764.3,63809.0,63764.3,63796.4,0.0,0.0,0.0
BTCUSDT,1786523400,2026-08-12 08:30:00+00:00,63796.5,63796.5,63741.1,63751.3,3889.78,0.0,3889.78
BTCUSDT,1786524300,2026-08-12 08:45:00+00:00,63751.4,63795.5,63751.3,63769.9,0.0,-2678.09,2678.09
BTCUSDT,1786525200,2026-08-12 09:00:00+00:00,63770.0,63835.2,63735.4,63827.2,63.82,0.0,63.82
BTCUSDT,1786526100,2026-08-12 09:15:00+00:00,63827.3,63985.1,63827.2,63955.9,0.0,-425863.54,425863.54
BTCUSDT,1786527000,2026-08-12 09:30:00+00:00,63955.9,64064.9,63955.9,64011.3,0.0,-137708.57,137708.57
BTCUSDT,1786527900,2026-08-12 09:45:00+00:00,64011.4,64077.0,63994.7,64077.0,448.36,-10504.95,10953.31
BTCUSDT,1786528800,2026-08-12 10:00:00+00:00,64076.9,64191.8,64069.4,64092.8,0.0,-529769.71,529769.71
BTCUSDT,1786529700,2026-08-12 10:15:00+00:00,64092.8,64113.0,64026.5,64038.2,303340.28,-640.91,303981.19
BTCUSDT,1786530600,2026-08-12 10:30:00+00:00,64038.1,64140.2,64038.1,64114.9,0.0,-10838.93,10838.93
BTCUSDT,1786531500,2026-08-12 10:45:00+00:00,64114.9,64132.2,64051.1,64111.4,0.0,-1474.91,1474.91
BTCUSDT,1786532400,2026-08-12 11:00:00+00:00,64111.4,64186.7,64080.0,64112.4,320.86,-256.72,577.58
BTCUSDT,1786533300,2026-08-12 11:15:00+00:00,64112.3,64178.3,64099.0,64172.3,0.0,-769.98,769.98
BTCUSDT,1786534200,2026-08-12 11:30:00+00:00,64172.4,64193.4,64127.9,64159.4,0.0,-9821.59,9821.59
BTCUSDT,1786535100,2026-08-12 11:45:00+00:00,64159.4,64222.2,64159.4,64207.3,0.0,-13097.41,13097.41
BTCUSDT,1786536000,2026-08-12 12:00:00+00:00,64207.3,64275.9,64181.1,64230.4,0.0,-129586.1,129586.1
BTCUSDT,1786536900,2026-08-12 12:15:00+00:00,64230.5,64400.0,64222.4,64385.8,0.0,-86900.55,86900.55
BTCUSDT,1786537800,2026-08-12 12:30:00+00:00,64385.9,64450.0,63975.0,64069.5,280757.37,-331342.65,612100.02
BTCUSDT,1786538700,2026-08-12 12:45:00+00:00,64069.5,64154.0,63939.1,64090.0,153456.26,-8018.33,161474.59
BTCUSDT,1786539600,2026-08-12 13:00:00+00:00,64089.9,64131.4,63908.8,63955.0,25329.79,0.0,25329.79
BTCUSDT,1786540500,2026-08-12 13:15:00+00:00,63955.1,64012.7,63880.6,63930.6,105186.57,0.0,105186.57
BTCUSDT,1786541400,2026-08-12 13:30:00+00:00,63930.7,63987.1,63830.1,63956.6,119565.62,0.0,119565.62
BTCUSDT,1786542300,2026-08-12 13:45:00+00:00,63956.7,64050.3,63799.0,63805.9,5874.65,-531409.47,537284.12
BTCUSDT,1786543200,2026-08-12 14:00:00+00:00,63806.0,63911.9,63563.3,63765.3,477952.51,-254.5,478207.01
BTCUSDT,1786544100,2026-08-12 14:15:00+00:00,63765.3,63802.5,63627.3,63627.3,6437.58,-63.72,6501.3
BTCUSDT,1786545000,2026-08-12 14:30:00+00:00,63627.4,63672.4,63501.8,63579.6,230266.11,0.0,230266.11
BTCUSDT,1786545900,2026-08-12 14:45:00+00:00,63579.6,63621.5,63334.4,63344.4,182576.38,0.0,182576.38
BTCUSDT,1786546800,2026-08-12 15:00:00+00:00,63344.3,63508.8,63291.1,63475.5,171744.43,-40507.95,212252.38
BTCUSDT,1786547700,2026-08-12 15:15:00+00:00,63475.5,63528.1,63408.2,63478.7,63.48,0.0,63.48
BTCUSDT,1786548600,2026-08-12 15:30:00+00:00,63479.0,63551.9,63371.8,63501.0,1078.99,0.0,1078.99
BTCUSDT,1786549500,2026-08-12 15:45:00+00:00,63501.0,63529.1,63401.2,63421.4,126.94,0.0,126.94
BTCUSDT,1786550400,2026-08-12 16:00:00+00:00,63421.3,63481.6,63338.9,63454.9,7735.97,0.0,7735.97
BTCUSDT,1786551300,2026-08-12 16:15:00+00:00,63454.9,63550.0,63438.2,63541.1,0.0,-75582.23,75582.23
BTCUSDT,1786552200,2026-08-12 16:30:00+00:00,63541.0,63557.5,63484.2,63496.4,825.91,-381.35,1207.26
BTCUSDT,1786553100,2026-08-12 16:45:00+00:00,63496.3,63498.3,63444.0,63462.3,4950.38,0.0,4950.38
BTCUSDT,1786554000,2026-08-12 17:00:00+00:00,63462.3,63520.6,63447.3,63512.4,1269.43,-952.1,2221.53
BTCUSDT,1786554900,2026-08-12 17:15:00+00:00,63512.3,63528.2,63400.0,63425.6,2029.37,-126.86,2156.23
BTCUSDT,1786555800,2026-08-12 17:30:00+00:00,63425.5,63485.7,63388.8,63452.4,2410.73,-63.41,2474.14
BTCUSDT,1786556700,2026-08-12 17:45:00+00:00,63452.3,63520.8,63428.0,63450.1,32239.31,0.0,32239.31
BTCUSDT,1786557600,2026-08-12 18:00:00+00:00,63450.0,63484.1,63397.1,63452.8,0.0,0.0,0.0
BTCUSDT,1786558500,2026-08-12 18:15:00+00:00,63452.9,63452.9,63357.2,63411.4,155103.83,0.0,155103.83
BTCUSDT,1786559400,2026-08-12 18:30:00+00:00,63411.4,63507.0,63395.2,63424.6,2472.92,0.0,2472.92
BTCUSDT,1786560300,2026-08-12 18:45:00+00:00,63424.6,63424.6,63350.0,63360.0,16599.52,0.0,16599.52
BTCUSDT,1786561200,2026-08-12 19:00:00+00:00,63360.0,63413.6,63355.7,63360.8,23317.33,-317.02,23634.35
BTCUSDT,1786562100,2026-08-12 19:15:00+00:00,63360.9,63441.0,63283.0,63361.5,551922.1,0.0,551922.1
BTCUSDT,1786563000,2026-08-12 19:30:00+00:00,63361.4,63382.4,63313.7,63313.9,14942.03,-126.74,15068.77
BTCUSDT,1786563900,2026-08-12 19:45:00+00:00,63313.9,63409.1,63299.0,63394.9,3165.0,0.0,3165.0
BTCUSDT,1786564800,2026-08-12 20:00:00+00:00,63394.8,63492.5,63392.5,63439.9,0.0,-63.43,63.43
BTCUSDT,1786565700,2026-08-12 20:15:00+00:00,63439.9,63492.5,63400.0,63482.2,0.0,0.0,0.0
BTCUSDT,1786566600,2026-08-12 20:30:00+00:00,63482.1,63547.7,63482.1,63518.5,0.0,-6354.08,6354.08
BTCUSDT,1786567500,2026-08-12 20:45:00+00:00,63518.5,63573.5,63500.5,63573.5,0.0,-43292.18,43292.18
BTCUSDT,1786568400,2026-08-12 21:00:00+00:00,63573.5,63629.8,63528.9,63555.3,34904.64,-49036.9,83941.54000000001
BTCUSDT,1786569300,2026-08-12 21:15:00+00:00,63555.4,63570.2,63435.0,63454.9,85630.23,0.0,85630.23
BTCUSDT,1786570200,2026-08-12 21:30:00+00:00,63455.0,63518.2,63389.9,63508.4,214033.96,0.0,214033.96
BTCUSDT,1786571100,2026-08-12 21:45:00+00:00,63508.4,63551.2,63422.4,63441.4,36983.53,-19026.75,56010.28
BTCUSDT,1786572000,2026-08-12 22:00:00+00:00,63441.4,63508.0,63391.9,63465.7,14836.85,0.0,14836.85
BTCUSDT,1786572900,2026-08-12 22:15:00+00:00,63465.7,63503.6,63456.7,63457.2,0.0,0.0,0.0
BTCUSDT,1786573800,2026-08-12 22:30:00+00:00,63457.1,63468.8,63337.5,63377.4,20598.96,0.0,20598.96
BTCUSDT,1786574700,2026-08-12 22:45:00+00:00,63377.4,63409.0,63368.0,63405.9,57677.59,-8496.06,66173.65
BTCUSDT,1786575600,2026-08-12 23:00:00+00:00,63405.8,63414.2,63350.0,63388.6,19386.82,-380.43,19767.25
BTCUSDT,1786576500,2026-08-12 23:15:00+00:00,63388.6,63420.0,63350.0,63400.0,17807.32,-10076.97,27884.29
BTCUSDT,1786577400,2026-08-12 23:30:00+00:00,63399.9,63457.0,63375.2,63397.8,6339.11,0.0,6339.11
BTCUSDT,1786578300,2026-08-12 23:45:00+00:00,63397.8,63466.0,63382.5,63454.7,0.0,0.0,0.0
BTCUSDT,1786579200,2026-08-13 00:00:00+00:00,63454.6,63582.4,63437.0,63579.2,7487.11,0.0,7487.11
BTCUSDT,1786580100,2026-08-13 00:15:00+00:00,63579.2,63694.9,63555.5,63595.7,0.0,-315040.6,315040.6
BTCUSDT,1786581000,2026-08-13 00:30:00+00:00,63595.7,63603.3,63467.2,63486.1,50075.9,-444.9,50520.8
BTCUSDT,1786581900,2026-08-13 00:45:00+00:00,63486.0,63580.5,63475.7,63530.1,0.0,-953.7,953.7
BTCUSDT,1786582800,2026-08-13 01:00:00+00:00,63530.0,63608.9,63494.7,63606.5,5271.61,0.0,5271.61
BTCUSDT,1786583700,2026-08-13 01:15:00+00:00,63606.6,63611.4,63372.6,63390.1,6601.98,0.0,6601.98
BTCUSDT,1786584600,2026-08-13 01:30:00+00:00,63390.0,63514.2,63383.8,63390.0,0.0,0.0,0.0
BTCUSDT,1786585500,2026-08-13 01:45:00+00:00,63390.0,63492.7,63355.1,63428.8,9067.49,0.0,9067.49
BTCUSDT,1786586400,2026-08-13 02:00:00+00:00,63428.9,63458.2,63397.6,63434.4,380.68,0.0,380.68
BTCUSDT,1786587300,2026-08-13 02:15:00+00:00,63434.3,63456.6,63398.0,63437.2,0.0,-63.42,63.42
BTCUSDT,1786588200,2026-08-13 02:30:00+00:00,63437.2,63466.8,63343.8,63466.8,190.08,0.0,190.08
BTCUSDT,1786589100,2026-08-13 02:45:00+00:00,63466.8,63553.7,63443.7,63522.4,190.53,-2477.75,2668.28
BTCUSDT,1786590000,2026-08-13 03:00:00+00:00,63522.4,63553.8,63474.0,63545.7,0.0,0.0,0.0
BTCUSDT,1786590900,2026-08-13 03:15:00+00:00,63545.6,63620.1,63539.5,63552.1,127.1,-2797.43,2924.53
BTCUSDT,1786591800,2026-08-13 03:30:00+00:00,63552.1,63609.7,63541.9,63547.3,0.0,-572.1,572.1
BTCUSDT,1786592700,2026-08-13 03:45:00+00:00,63547.3,63670.1,63545.8,63623.5,0.0,-15976.47,15976.47
BTCUSDT,1786593600,2026-08-13 04:00:00+00:00,63623.5,63660.5,63599.7,63647.4,636.18,0.0,636.18
BTCUSDT,1786594500,2026-08-13 04:15:00+00:00,63647.5,63647.5,63564.9,63567.6,0.0,0.0,0.0
BTCUSDT,1786595400,2026-08-13 04:30:00+00:00,63567.5,63689.0,63567.5,63674.1,0.0,-2992.98,2992.98
BTCUSDT,1786596300,2026-08-13 04:45:00+00:00,63674.1,63763.6,63670.4,63672.9,0.0,-193950.02,193950.02
BTCUSDT,1786597200,2026-08-13 05:00:00+00:00,63672.9,63858.0,63647.6,63858.0,0.0,-580340.39,580340.39
BTCUSDT,1786598100,2026-08-13 05:15:00+00:00,63857.9,63990.7,63857.9,63916.1,0.0,-329990.14,329990.14
BTCUSDT,1786599000,2026-08-13 05:30:00+00:00,63916.1,63932.7,63870.0,63897.1,0.0,0.0,0.0
BTCUSDT,1786599900,2026-08-13 05:45:00+00:00,63897.1,63905.2,63844.4,63844.4,0.0,0.0,0.0
BTCUSDT,1786600800,2026-08-13 06:00:00+00:00,63844.4,63857.8,63788.0,63813.3,9951.8,-63.8,10015.6
BTCUSDT,1786601700,2026-08-13 06:15:00+00:00,63813.3,63826.0,63783.7,63797.2,255.2,0.0,255.2
BTCUSDT,1786602600,2026-08-13 06:30:00+00:00,63797.2,63797.3,63730.1,63730.2,6377.02,0.0,6377.02
BTCUSDT,1786603500,2026-08-13 06:45:00+00:00,63730.1,63914.6,63725.2,63914.5,0.0,-8690.03,8690.03
BTCUSDT,1786604400,2026-08-13 07:00:00+00:00,63914.5,63916.6,63835.2,63842.7,0.0,0.0,0.0
BTCUSDT,1786605300,2026-08-13 07:15:00+00:00,63842.8,63887.8,63827.4,63866.1,0.0,0.0,0.0
BTCUSDT,1786606200,2026-08-13 07:30:00+00:00,63866.2,63870.9,63841.3,63841.4,0.0,0.0,0.0
BTCUSDT,1786607100,2026-08-13 07:45:00+00:00,63841.4,63841.4,63824.2,63833.0,1978.84,0.0,1978.84
BTCUSDT,1786608000,2026-08-13 08:00:00+00:00,63833.0,63881.3,63805.8,63805.8,0.0,0.0,0.0
BTCUSDT,1786608900,2026-08-13 08:15:00+00:00,63805.9,63808.4,63757.6,63759.1,286968.15,0.0,286968.15
BTCUSDT,1786609800,2026-08-13 08:30:00+00:00,63759.1,63768.8,63747.4,63768.8,63.75,0.0,63.75
BTCUSDT,1786610700,2026-08-13 08:45:00+00:00,63768.8,63770.0,63710.6,63743.8,134259.11,0.0,134259.11
BTCUSDT,1786611600,2026-08-13 09:00:00+00:00,63743.7,63743.8,63590.8,63590.8,36456.77,0.0,36456.77
BTCUSDT,1786612500,2026-08-13 09:15:00+00:00,63590.8,63693.3,63559.9,63632.1,25748.95,0.0,25748.95
BTCUSDT,1786613400,2026-08-13 09:30:00+00:00,63632.1,63682.4,63630.1,63679.9,700.17,0.0,700.17
BTCUSDT,1786614300,2026-08-13 09:45:00+00:00,63679.9,63768.0,63679.8,63757.0,0.0,-1466.62,1466.62
BTCUSDT,1786615200,2026-08-13 10:00:00+00:00,63757.1,63800.0,63589.5,63591.7,764.77,-1531.11,2295.88
BTCUSDT,1786616100,2026-08-13 10:15:00+00:00,63591.8,63654.8,63591.7,63597.5,0.0,0.0,0.0
BTCUSDT,1786617000,2026-08-13 10:30:00+00:00,63597.5,63610.4,63536.0,63610.4,19384.82,0.0,19384.82
BTCUSDT,1786617900,2026-08-13 10:45:00+00:00,63610.4,63630.2,63610.3,63628.9,508.98,0.0,508.98
BTCUSDT,1786618800,2026-08-13 11:00:00+00:00,63628.8,63637.8,63583.3,63599.9,2734.72,0.0,2734.72
BTCUSDT,1786619700,2026-08-13 11:15:00+00:00,63599.9,63605.3,63410.0,63410.0,201171.76,0.0,201171.76
BTCUSDT,1786620600,2026-08-13 11:30:00+00:00,63410.1,63449.4,63318.1,63437.3,222962.02,0.0,222962.02
BTCUSDT,1786621500,2026-08-13 11:45:00+00:00,63437.3,63477.2,63426.6,63458.5,0.0,-2665.22,2665.22
BTCUSDT,1786622400,2026-08-13 12:00:00+00:00,63458.6,63537.0,63414.4,63536.0,0.0,-20712.74,20712.74
BTCUSDT,1786623300,2026-08-13 12:15:00+00:00,63536.0,63562.1,63520.3,63545.4,0.0,0.0,0.0
BTCUSDT,1786624200,2026-08-13 12:30:00+00:00,63545.4,63664.8,63437.8,63560.0,0.0,-87282.11,87282.11
BTCUSDT,1786625100,2026-08-13 12:45:00+00:00,63560.0,63697.7,63534.0,63669.2,0.0,-827.15,827.15
BTCUSDT,1786626000,2026-08-13 13:00:00+00:00,63669.2,63784.7,63669.1,63710.0,0.0,-34100.43,34100.43
BTCUSDT,1786626900,2026-08-13 13:15:00+00:00,63710.0,63710.1,63544.3,63575.9,32236.5,0.0,32236.5
BTCUSDT,1786627800,2026-08-13 13:30:00+00:00,63575.9,63828.0,63534.0,63779.9,0.0,-12168.98,12168.98
BTCUSDT,1786628700,2026-08-13 13:45:00+00:00,63779.9,63820.0,63657.9,63699.9,4839.71,-63.76,4903.47
BTCUSDT,1786629600,2026-08-13 14:00:00+00:00,63700.0,63823.6,63655.0,63782.4,382.11,0.0,382.11
BTCUSDT,1786630500,2026-08-13 14:15:00+00:00,63782.4,63860.0,63737.1,63784.0,0.0,-13728.34,13728.34
BTCUSDT,1786631400,2026-08-13 14:30:00+00:00,63784.0,63980.6,63735.3,63933.1,0.0,-409284.63,409284.63
BTCUSDT,1786632300,2026-08-13 14:45:00+00:00,63933.1,63942.6,63827.4,63835.6,0.0,0.0,0.0
BTCUSDT,1786633200,2026-08-13 15:00:00+00:00,63835.7,63920.0,63789.0,63801.1,5551.39,-47267.91,52819.3
BTCUSDT,1786634100,2026-08-13 15:15:00+00:00,63801.1,63868.0,63562.1,63606.1,1212768.68,-171957.49,1384726.17
BTCUSDT,1786635000,2026-08-13 15:30:00+00:00,63606.2,63728.8,63580.0,63694.5,18715.01,0.0,18715.01
BTCUSDT,1786635900,2026-08-13 15:45:00+00:00,63694.6,63696.7,63385.0,63385.0,854022.25,0.0,854022.25
BTCUSDT,1786636800,2026-08-13 16:00:00+00:00,63385.1,63484.1,63355.2,63441.0,275520.06,0.0,275520.06
BTCUSDT,1786637700,2026-08-13 16:15:00+00:00,63440.8,63544.0,63288.0,63336.9,328139.02,0.0,328139.02
BTCUSDT,1786638600,2026-08-13 16:30:00+00:00,63336.9,63412.3,62800.0,62961.8,2607876.92,0.0,2607876.92
BTCUSDT,1786639500,2026-08-13 16:45:00+00:00,62961.9,63210.1,62895.8,63139.0,2836.38,-46653.06,49489.44
BTCUSDT,1786640400,2026-08-13 17:00:00+00:00,63138.9,63145.0,63047.6,63107.0,0.0,0.0,0.0
BTCUSDT,1786641300,2026-08-13 17:15:00+00:00,63107.0,63239.9,63071.7,63164.8,0.0,-14787.01,14787.01
BTCUSDT,1786642200,2026-08-13 17:30:00+00:00,63164.8,63242.0,63080.0,63222.0,757.76,-1327.95,2085.71
BTCUSDT,1786643100,2026-08-13 17:45:00+00:00,63222.0,63276.4,63121.4,63121.4,0.0,-6010.15,6010.15
BTCUSDT,1786644000,2026-08-13 18:00:00+00:00,63121.5,63266.6,63095.1,63188.2,0.0,0.0,0.0
BTCUSDT,1786644900,2026-08-13 18:15:00+00:00,63188.3,63230.6,63094.1,63098.3,252.43,0.0,252.43
BTCUSDT,1786645800,2026-08-13 18:30:00+00:00,63098.4,63181.3,63088.0,63181.3,1325.9,0.0,1325.9
BTCUSDT,1786646700,2026-08-13 18:45:00+00:00,63181.3,63348.0,63162.7,63284.7,189.72,-39012.93,39202.65
BTCUSDT,1786647600,2026-08-13 19:00:00+00:00,63284.7,63488.0,63284.7,63385.8,0.0,-491986.5,491986.5
BTCUSDT,1786648500,2026-08-13 19:15:00+00:00,63385.9,63409.4,63359.0,63398.0,0.0,0.0,0.0
BTCUSDT,1786649400,2026-08-13 19:30:00+00:00,63398.0,63424.0,63361.8,63393.3,0.0,0.0,0.0
BTCUSDT,1786650300,2026-08-13 19:45:00+00:00,63393.3,63448.5,63367.5,63387.4,316.96,-190.17,507.13
BTCUSDT,1786651200,2026-08-13 20:00:00+00:00,63387.3,63440.9,63343.4,63392.9,119376.74,0.0,119376.74
BTCUSDT,1786652100,2026-08-13 20:15:00+00:00,63393.0,63436.4,63392.9,63428.4,0.0,0.0,0.0
BTCUSDT,1786653000,2026-08-13 20:30:00+00:00,63428.4,63447.0,63379.7,63391.9,0.0,0.0,0.0
BTCUSDT,1786653900,2026-08-13 20:45:00+00:00,63391.8,63391.9,63349.9,63385.6,0.0,0.0,0.0
BTCUSDT,1786654800,2026-08-13 21:00:00+00:00,63385.6,63446.1,63360.9,63405.0,126.84,0.0,126.84
BTCUSDT,1786655700,2026-08-13 21:15:00+00:00,63405.1,63429.5,63385.7,63428.8,0.0,0.0,0.0
BTCUSDT,1786656600,2026-08-13 21:30:00+00:00,63428.9,63477.4,63415.1,63419.8,0.0,0.0,0.0
BTCUSDT,1786657500,2026-08-13 21:45:00+00:00,63419.9,63444.7,63409.9,63444.7,0.0,0.0,0.0
BTCUSDT,1786658400,2026-08-13 22:00:00+00:00,63444.7,63607.6,63444.6,63581.4,0.0,-112560.27,112560.27
BTCUSDT,1786659300,2026-08-13 22:15:00+00:00,63581.4,63613.6,63543.0,63595.5,0.0,-127.22,127.22
BTCUSDT,1786660200,2026-08-13 22:30:00+00:00,63595.6,63605.0,63523.3,63529.8,0.0,0.0,0.0
BTCUSDT,1786661100,2026-08-13 22:45:00+00:00,63529.7,63537.5,63497.5,63497.7,0.0,0.0,0.0
BTCUSDT,1786662000,2026-08-13 23:00:00+00:00,63497.6,63512.8,63426.0,63449.9,380.82,0.0,380.82
BTCUSDT,1786662900,2026-08-13 23:15:00+00:00,63450.0,63465.8,63421.2,63448.2,507.57,0.0,507.57
BTCUSDT,1786663800,2026-08-13 23:30:00+00:00,63448.1,63473.7,63415.0,63427.4,0.0,0.0,0.0
BTCUSDT,1786664700,2026-08-13 23:45:00+00:00,63427.5,63456.7,63366.6,63456.7,36264.82,0.0,36264.82
BTCUSDT,1786665600,2026-08-14 00:00:00+00:00,63456.7,63488.0,63402.3,63475.8,2157.19,0.0,2157.19
BTCUSDT,1786666500,2026-08-14 00:15:00+00:00,63475.8,63534.0,63389.9,63419.7,0.0,-8766.45,8766.45
BTCUSDT,1786667400,2026-08-14 00:30:00+00:00,63419.6,63529.4,63378.1,63497.8,13189.84,0.0,13189.84
BTCUSDT,1786668300,2026-08-14 00:45:00+00:00,63497.8,63530.9,63452.3,63517.6,0.0,0.0,0.0
BTCUSDT,1786669200,2026-08-14 01:00:00+00:00,63517.6,63567.8,63454.9,63480.6,63.54,-508.49,572.03
BTCUSDT,1786670100,2026-08-14 01:15:00+00:00,63480.7,63542.7,63428.9,63460.6,0.0,-63.52,63.52
BTCUSDT,1786671000,2026-08-14 01:30:00+00:00,63460.6,63540.0,63440.0,63539.2,63.46,0.0,63.46
BTCUSDT,1786671900,2026-08-14 01:45:00+00:00,63539.2,63549.3,63493.2,63545.5,0.0,0.0,0.0
BTCUSDT,1786672800,2026-08-14 02:00:00+00:00,63545.4,63595.1,63500.0,63538.9,0.0,-2479.99,2479.99
BTCUSDT,1786673700,2026-08-14 02:15:00+00:00,63538.8,63561.6,63446.8,63460.0,0.0,0.0,0.0
BTCUSDT,1786674600,2026-08-14 02:30:00+00:00,63459.9,63535.9,63459.9,63495.8,952.06,0.0,952.06
BTCUSDT,1786675500,2026-08-14 02:45:00+00:00,63495.8,63535.9,63437.1,63437.1,0.0,-12005.77,12005.77
BTCUSDT,1786676400,2026-08-14 03:00:00+00:00,63437.1,63472.1,63389.9,63472.1,4819.31,0.0,4819.31
BTCUSDT,1786677300,2026-08-14 03:15:00+00:00,63472.0,63556.1,63437.9,63438.6,63.53,-63.56,127.09
BTCUSDT,1786678200,2026-08-14 03:30:00+00:00,63438.6,63438.7,63327.6,63356.4,30291.35,0.0,30291.35
BTCUSDT,1786679100,2026-08-14 03:45:00+00:00,63356.3,63356.3,63277.1,63288.1,14943.52,0.0,14943.52
BTCUSDT,1786680000,2026-08-14 04:00:00+00:00,63288.0,63389.0,63243.2,63383.6,33469.4,0.0,33469.4
BTCUSDT,1786680900,2026-08-14 04:15:00+00:00,63383.5,63449.6,63340.3,63395.1,0.0,0.0,0.0
BTCUSDT,1786681800,2026-08-14 04:30:00+00:00,63395.2,63405.0,63363.6,63370.9,0.0,0.0,0.0
BTCUSDT,1786682700,2026-08-14 04:45:00+00:00,63370.9,63378.9,63341.6,63349.9,0.0,0.0,0.0
BTCUSDT,1786683600,2026-08-14 05:00:00+00:00,63350.0,63375.6,63304.5,63308.3,0.0,-126.62,126.62
BTCUSDT,1786684500,2026-08-14 05:15:00+00:00,63308.3,63337.0,63256.7,63297.0,25629.67,0.0,25629.67
BTCUSDT,1786685400,2026-08-14 05:30:00+00:00,63296.9,63351.6,63281.2,63325.1,10065.88,-379.75,10445.63
BTCUSDT,1786686300,2026-08-14 05:45:00+00:00,63325.1,63375.4,63320.4,63357.8,0.0,0.0,0.0
BTCUSDT,1786687200,2026-08-14 06:00:00+00:00,63357.8,63357.8,63262.7,63265.9,949.5,-63.28,1012.78
BTCUSDT,1786688100,2026-08-14 06:15:00+00:00,63265.9,63276.9,63147.6,63151.7,562479.8,0.0,562479.8
BTCUSDT,1786689000,2026-08-14 06:30:00+00:00,63151.6,63220.0,63145.5,63151.0,2399.89,0.0,2399.89
BTCUSDT,1786689900,2026-08-14 06:45:00+00:00,63151.1,63181.2,62900.2,62944.6,565400.68,0.0,565400.68
BTCUSDT,1786690800,2026-08-14 07:00:00+00:00,62944.6,63060.0,62922.0,63043.3,2328.28,0.0,2328.28
BTCUSDT,1786691700,2026-08-14 07:15:00+00:00,63043.3,63079.1,63043.3,63067.2,0.0,-63.05,63.05
BTCUSDT,1786692600,2026-08-14 07:30:00+00:00,63067.2,63067.2,62926.9,62990.1,4848.0,0.0,4848.0
BTCUSDT,1786693500,2026-08-14 07:45:00+00:00,62990.1,62990.1,62888.0,62888.1,125.91,0.0,125.91
BTCUSDT,1786694400,2026-08-14 08:00:00+00:00,62888.0,62919.9,62859.7,62885.9,938990.22,0.0,938990.22
BTCUSDT,1786695300,2026-08-14 08:15:00+00:00,62885.9,62974.4,62704.0,62750.0,851160.75,0.0,851160.75
BTCUSDT,1786696200,2026-08-14 08:30:00+00:00,62750.1,62844.0,62658.8,62802.9,1210182.67,0.0,1210182.67
BTCUSDT,1786697100,2026-08-14 08:45:00+00:00,62802.9,62909.7,62785.0,62904.9,1760.18,-1446.04,3206.2200000000003
BTCUSDT,1786698000,2026-08-14 09:00:00+00:00,62904.9,62904.9,62821.6,62843.8,2702.83,0.0,2702.83
BTCUSDT,1786698900,2026-08-14 09:15:00+00:00,62843.7,62885.4,62762.2,62763.7,1257.09,-7918.96,9176.05
BTCUSDT,1786699800,2026-08-14 09:30:00+00:00,62763.7,62791.3,62709.3,62736.4,46867.14,0.0,46867.14
BTCUSDT,1786700700,2026-08-14 09:45:00+00:00,62736.4,62813.5,62736.3,62763.9,188.32,0.0,188.32
BTCUSDT,1786701600,2026-08-14 10:00:00+00:00,62763.9,62833.4,62712.0,62830.1,251.03,0.0,251.03
BTCUSDT,1786702500,2026-08-14 10:15:00+00:00,62830.1,62888.0,62816.4,62856.3,153493.92,-7480.48,160974.40000000002
BTCUSDT,1786703400,2026-08-14 10:30:00+00:00,62856.2,62912.4,62823.8,62840.7,691.46,-2264.84,2956.3
BTCUSDT,1786704300,2026-08-14 10:45:00+00:00,62840.7,62860.1,62772.7,62787.7,62.78,-188.36,251.14
BTCUSDT,1786705200,2026-08-14 11:00:00+00:00,62787.7,62859.5,62779.3,62827.5,9731.67,-1569.59,11301.26
BTCUSDT,1786706100,2026-08-14 11:15:00+00:00,62827.5,62889.6,62807.8,62861.1,628.54,0.0,628.54
BTCUSDT,1786707000,2026-08-14 11:30:00+00:00,62861.1,62906.2,62810.2,62864.1,5217.9,0.0,5217.9
BTCUSDT,1786707900,2026-08-14 11:45:00+00:00,62864.0,62898.5,62822.9,62837.4,942.4,0.0,942.4
BTCUSDT,1786708800,2026-08-14 12:00:00+00:00,62837.5,62872.6,62730.0,62795.8,16206.07,0.0,16206.07
BTCUSDT,1786709700,2026-08-14 12:15:00+00:00,62795.9,62864.4,62770.4,62863.7,627.88,0.0,627.88
BTCUSDT,1786710600,2026-08-14 12:30:00+00:00,62863.7,62885.3,62733.7,62733.7,62.82,0.0,62.82
BTCUSDT,1786711500,2026-08-14 12:45:00+00:00,62733.7,62783.1,62688.1,62706.0,9908.38,0.0,9908.38
BTCUSDT,1786712400,2026-08-14 13:00:00+00:00,62706.1,62724.4,62555.5,62653.5,1074918.14,-15549.4,1090467.5399999998
BTCUSDT,1786713300,2026-08-14 13:15:00+00:00,62653.5,62765.5,62608.4,62750.1,0.0,-7154.35,7154.35
BTCUSDT,1786714200,2026-08-14 13:30:00+00:00,62750.1,62794.8,62578.2,62688.5,31546.1,-5964.18,37510.28
BTCUSDT,1786715100,2026-08-14 13:45:00+00:00,62688.6,62732.0,62563.0,62639.6,4700.46,0.0,4700.46
BTCUSDT,1786716000,2026-08-14 14:00:00+00:00,62639.8,62710.2,62540.0,62580.1,187.78,-68772.29,68960.06999999999
BTCUSDT,1786716900,2026-08-14 14:15:00+00:00,62580.2,62678.4,62536.9,62648.6,269369.17,0.0,269369.17
BTCUSDT,1786717800,2026-08-14 14:30:00+00:00,62648.6,62774.9,62626.1,62717.1,0.0,-134270.22,134270.22
BTCUSDT,1786718700,2026-08-14 14:45:00+00:00,62717.1,62751.0,62484.2,62581.0,364683.67,0.0,364683.67
BTCUSDT,1786719600,2026-08-14 15:00:00+00:00,62581.0,62688.6,62576.5,62673.9,62.62,-1253.3,1315.9199999999998
BTCUSDT,1786720500,2026-08-14 15:15:00+00:00,62673.8,62821.4,62650.0,62820.9,1629.69,0.0,1629.69
BTCUSDT,1786721400,2026-08-14 15:30:00+00:00,62821.0,63000.0,62758.7,62972.0,2071.16,-419173.35,421244.51
BTCUSDT,1786722300,2026-08-14 15:45:00+00:00,62972.0,63061.7,62917.5,62956.0,0.0,-86157.06,86157.06
BTCUSDT,1786723200,2026-08-14 16:00:00+00:00,62956.0,63072.0,62933.7,63010.0,62.96,-251.99,314.95
BTCUSDT,1786724100,2026-08-14 16:15:00+00:00,63010.0,63132.0,63000.0,63089.2,189.04,-215690.01,215879.05
BTCUSDT,1786725000,2026-08-14 16:30:00+00:00,63089.2,63194.4,63066.9,63177.6,0.0,-49205.33,49205.33
BTCUSDT,1786725900,2026-08-14 16:45:00+00:00,63177.5,63177.6,63072.6,63105.8,0.0,0.0,0.0
BTCUSDT,1786726800,2026-08-14 17:00:00+00:00,63105.9,63149.9,63082.0,63149.8,0.0,-757.17,757.17
BTCUSDT,1786727700,2026-08-14 17:15:00+00:00,63149.9,63215.3,63130.5,63168.3,0.0,-11566.82,11566.82
BTCUSDT,1786728600,2026-08-14 17:30:00+00:00,63168.3,63186.8,63038.1,63080.0,126.21,0.0,126.21
BTCUSDT,1786729500,2026-08-14 17:45:00+00:00,63080.0,63094.7,62965.0,62988.4,22324.39,-44152.19,66476.58
BTCUSDT,1786730400,2026-08-14 18:00:00+00:00,62988.4,63042.0,62926.2,62974.1,143705.58,-71445.56,215151.14
BTCUSDT,1786731300,2026-08-14 18:15:00+00:00,62974.1,63050.0,62974.1,63003.7,0.0,-63.02,63.02
BTCUSDT,1786732200,2026-08-14 18:30:00+00:00,63003.8,63010.3,62913.4,62943.1,2329.96,0.0,2329.96
BTCUSDT,1786733100,2026-08-14 18:45:00+00:00,62943.1,62948.0,62857.9,62900.0,31448.3,0.0,31448.3
BTCUSDT,1786734000,2026-08-14 19:00:00+00:00,62899.9,62901.4,62820.0,62827.2,136345.27,0.0,136345.27
BTCUSDT,1786734900,2026-08-14 19:15:00+00:00,62827.2,62905.6,62781.4,62898.4,11998.25,0.0,11998.25
BTCUSDT,1786735800,2026-08-14 19:30:00+00:00,62898.4,62954.3,62855.0,62954.3,0.0,-2203.06,2203.06
BTCUSDT,1786736700,2026-08-14 19:45:00+00:00,62954.3,62968.0,62911.7,62936.3,0.0,0.0,0.0
BTCUSDT,1786737600,2026-08-14 20:00:00+00:00,62936.4,62995.1,62933.2,62941.0,0.0,-62.98,62.98
BTCUSDT,1786738500,2026-08-14 20:15:00+00:00,62941.0,62959.1,62904.6,62919.9,0.0,0.0,0.0
BTCUSDT,1786739400,2026-08-14 20:30:00+00:00,62920.0,62927.7,62880.9,62888.9,188.65,0.0,188.65
BTCUSDT,1786740300,2026-08-14 20:45:00+00:00,62889.0,62907.4,62864.6,62878.5,0.0,0.0,0.0
BTCUSDT,1786741200,2026-08-14 21:00:00+00:00,62878.5,62912.2,62868.2,62877.3,13773.44,-1760.99,15534.43
BTCUSDT,1786742100,2026-08-14 21:15:00+00:00,62877.3,62898.8,62854.8,62867.0,62.88,0.0,62.88
BTCUSDT,1786743000,2026-08-14 21:30:00+00:00,62867.0,62890.3,62846.7,62855.6,62.85,0.0,62.85
BTCUSDT,1786743900,2026-08-14 21:45:00+00:00,62855.3,62904.3,62850.0,62897.6,3080.0,0.0,3080.0
BTCUSDT,1786744800,2026-08-14 22:00:00+00:00,62897.7,62936.7,62804.5,62806.3,125.75,0.0,125.75
BTCUSDT,1786745700,2026-08-14 22:15:00+00:00,62806.3,62815.6,62770.9,62794.2,26751.26,-2135.73,28886.99
BTCUSDT,1786746600,2026-08-14 22:30:00+00:00,62794.1,62858.5,62794.1,62858.5,0.0,0.0,0.0
BTCUSDT,1786747500,2026-08-14 22:45:00+00:00,62858.5,62872.3,62840.1,62856.8,0.0,0.0,0.0
BTCUSDT,1786748400,2026-08-14 23:00:00+00:00,62856.9,62906.9,62855.3,62901.3,0.0,-691.96,691.96
BTCUSDT,1786749300,2026-08-14 23:15:00+00:00,62901.3,62925.0,62838.4,62921.5,0.0,0.0,0.0
BTCUSDT,1786750200,2026-08-14 23:30:00+00:00,62921.5,63006.6,62876.2,62977.0,944.9,-24567.15,25512.050000000003
BTCUSDT,1786751100,2026-08-14 23:45:00+00:00,62977.1,63040.3,62977.0,63015.0,1512.64,-83257.35,84769.99
BTCUSDT,1786752000,2026-08-15 00:00:00+00:00,63014.9,63039.0,62976.4,62989.5,0.0,0.0,0.0
BTCUSDT,1786752900,2026-08-15 00:15:00+00:00,62989.6,63007.0,62973.0,62987.7,126.0,-630.01,756.01
BTCUSDT,1786753800,2026-08-15 00:30:00+00:00,62987.7,63001.6,62973.1,62995.0,0.0,0.0,0.0
BTCUSDT,1786754700,2026-08-15 00:45:00+00:00,62995.0,63009.3,62964.4,62991.7,11465.95,0.0,11465.95
BTCUSDT,1786755600,2026-08-15 01:00:00+00:00,62991.7,63006.5,62966.7,62989.5,0.0,0.0,0.0
BTCUSDT,1786756500,2026-08-15 01:15:00+00:00,62989.4,63015.0,62970.0,63014.2,5100.95,0.0,5100.95
BTCUSDT,1786757400,2026-08-15 01:30:00+00:00,63014.2,63015.0,62990.0,63005.9,0.0,0.0,0.0
BTCUSDT,1786758300,2026-08-15 01:45:00+00:00,63006.0,63010.8,62992.8,63010.7,0.0,-63.0,63.0
BTCUSDT,1786759200,2026-08-15 02:00:00+00:00,63010.8,63033.1,63007.5,63030.7,0.0,0.0,0.0
BTCUSDT,1786760100,2026-08-15 02:15:00+00:00,63030.7,63094.8,63030.7,63073.3,0.0,-1513.58,1513.58
BTCUSDT,1786761000,2026-08-15 02:30:00+00:00,63073.3,63110.1,63073.3,63088.9,0.0,-504.84,504.84
BTCUSDT,1786761900,2026-08-15 02:45:00+00:00,63088.9,63114.0,63088.9,63113.6,0.0,-9340.84,9340.84
BTCUSDT,1786762800,2026-08-15 03:00:00+00:00,63113.6,63133.3,63103.1,63132.4,63.11,-73601.73,73664.84
BTCUSDT,1786763700,2026-08-15 03:15:00+00:00,63132.5,63170.0,63055.8,63065.5,63.13,-165207.63,165270.76
BTCUSDT,1786764600,2026-08-15 03:30:00+00:00,63065.5,63067.0,63014.0,63039.4,0.0,-31514.68,31514.68
BTCUSDT,1786765500,2026-08-15 03:45:00+00:00,63039.4,63050.0,63023.9,63030.3,63.04,0.0,63.04
BTCUSDT,1786766400,2026-08-15 04:00:00+00:00,63030.3,63075.0,63030.3,63075.0,63.05,0.0,63.05
BTCUSDT,1786767300,2026-08-15 04:15:00+00:00,63074.9,63106.2,63074.9,63102.7,0.0,0.0,0.0
BTCUSDT,1786768200,2026-08-15 04:30:00+00:00,63102.6,63127.5,63097.4,63127.5,0.0,0.0,0.0
BTCUSDT,1786769100,2026-08-15 04:45:00+00:00,63127.5,63127.5,63092.4,63092.5,0.0,0.0,0.0
BTCUSDT,1786770000,2026-08-15 05:00:00+00:00,63092.5,63125.5,63092.4,63125.5,1009.7,-694.22,1703.92
BTCUSDT,1786770900,2026-08-15 05:15:00+00:00,63125.4,63127.5,63091.1,63091.1,52077.55,-1514.78,53592.33
BTCUSDT,1786771800,2026-08-15 05:30:00+00:00,63091.2,63097.1,63028.0,63050.0,0.0,0.0,0.0
BTCUSDT,1786772700,2026-08-15 05:45:00+00:00,63049.9,63055.5,63013.4,63055.4,7881.9,-3909.43,11791.33
BTCUSDT,1786773600,2026-08-15 06:00:00+00:00,63055.5,63065.9,63010.1,63010.1,252.24,0.0,252.24
BTCUSDT,1786774500,2026-08-15 06:15:00+00:00,63010.1,63042.8,63003.8,63010.2,0.0,0.0,0.0
BTCUSDT,1786775400,2026-08-15 06:30:00+00:00,63010.2,63042.0,63010.2,63042.0,378.21,0.0,378.21
BTCUSDT,1786776300,2026-08-15 06:45:00+00:00,63042.0,63108.3,63041.9,63087.3,0.0,0.0,0.0
BTCUSDT,1786777200,2026-08-15 07:00:00+00:00,63087.2,63102.5,63042.0,63102.4,63.08,0.0,63.08
BTCUSDT,1786778100,2026-08-15 07:15:00+00:00,63102.4,63104.3,63042.0,63050.0,0.0,0.0,0.0
BTCUSDT,1786779000,2026-08-15 07:30:00+00:00,63050.0,63073.6,63041.9,63049.9,189.17,0.0,189.17
BTCUSDT,1786779900,2026-08-15 07:45:00+00:00,63049.9,63058.9,63011.0,63049.8,0.0,0.0,0.0
BTCUSDT,1786780800,2026-08-15 08:00:00+00:00,63049.9,63058.4,63030.0,63030.1,630.42,0.0,630.42
BTCUSDT,1786781700,2026-08-15 08:15:00+00:00,63030.1,63041.2,63025.0,63026.3,945.4,0.0,945.4
BTCUSDT,1786782600,2026-08-15 08:30:00+00:00,63026.3,63027.1,62991.8,62991.9,8315.42,0.0,8315.42
BTCUSDT,1786783500,2026-08-15 08:45:00+00:00,62991.8,63034.1,62902.0,62908.5,158873.29,0.0,158873.29
BTCUSDT,1786784400,2026-08-15 09:00:00+00:00,62908.6,62937.2,62890.2,62933.6,34790.2,-62.9,34853.1
BTCUSDT,1786785300,2026-08-15 09:15:00+00:00,62933.6,62957.8,62930.0,62952.1,62.93,0.0,62.93
BTCUSDT,1786786200,2026-08-15 09:30:00+00:00,62952.0,62999.8,62952.0,62991.9,0.0,0.0,0.0
BTCUSDT,1786787100,2026-08-15 09:45:00+00:00,62991.8,63019.9,62991.8,62999.1,0.0,0.0,0.0
BTCUSDT,1786788000,2026-08-15 10:00:00+00:00,62999.2,63004.1,62971.9,62993.5,0.0,-755.92,755.92
BTCUSDT,1786788900,2026-08-15 10:15:00+00:00,62993.6,62996.2,62992.1,62992.2,0.0,0.0,0.0
BTCUSDT,1786789800,2026-08-15 10:30:00+00:00,62992.1,63018.2,62985.2,63006.3,0.0,-378.11,378.11
BTCUSDT,1786790700,2026-08-15 10:45:00+00:00,63006.4,63025.4,62995.6,63015.6,0.0,0.0,0.0
BTCUSDT,1786791600,2026-08-15 11:00:00+00:00,63015.7,63015.7,62995.8,62995.9,0.0,0.0,0.0
BTCUSDT,1786792500,2026-08-15 11:15:00+00:00,62995.8,63020.5,62995.8,63009.9,0.0,0.0,0.0
BTCUSDT,1786793400,2026-08-15 11:30:00+00:00,63009.9,63021.7,63004.5,63021.7,4914.38,0.0,4914.38
BTCUSDT,1786794300,2026-08-15 11:45:00+00:00,63021.7,63031.4,62967.9,62993.1,0.0,0.0,0.0
BTCUSDT,1786795200,2026-08-15 12:00:00+00:00,62993.0,62993.1,62959.6,62959.6,11208.57,0.0,11208.57
BTCUSDT,1786796100,2026-08-15 12:15:00+00:00,62959.3,62966.0,62950.0,62964.8,62.96,0.0,62.96
BTCUSDT,1786797000,2026-08-15 12:30:00+00:00,62964.8,62964.9,62930.1,62933.9,3588.43,0.0,3588.43
BTCUSDT,1786797900,2026-08-15 12:45:00+00:00,62933.9,63030.4,62920.9,63028.8,0.0,0.0,0.0
BTCUSDT,1786798800,2026-08-15 13:00:00+00:00,63028.8,63058.2,62992.2,63044.2,7878.84,-3025.48,10904.32
BTCUSDT,1786799700,2026-08-15 13:15:00+00:00,63044.2,63052.6,63004.1,63007.2,63.04,-630.2,693.24
BTCUSDT,1786800600,2026-08-15 13:30:00+00:00,63007.1,63022.0,63000.0,63001.2,0.0,0.0,0.0
BTCUSDT,1786801500,2026-08-15 13:45:00+00:00,63001.1,63031.3,63001.1,63031.3,0.0,0.0,0.0
BTCUSDT,1786802400,2026-08-15 14:00:00+00:00,63031.2,63031.3,63004.0,63018.5,0.0,0.0,0.0
BTCUSDT,1786803300,2026-08-15 14:15:00+00:00,63018.6,63018.6,62961.9,63006.2,0.0,0.0,0.0
BTCUSDT,1786804200,2026-08-15 14:30:00+00:00,63006.1,63015.5,63002.3,63011.7,0.0,0.0,0.0
BTCUSDT,1786805100,2026-08-15 14:45:00+00:00,63011.6,63026.3,63011.6,63011.7,0.0,0.0,0.0
BTCUSDT,1786806000,2026-08-15 15:00:00+00:00,63011.7,63015.6,63009.9,63010.0,0.0,-1071.27,1071.27
BTCUSDT,1786806900,2026-08-15 15:15:00+00:00,63010.0,63056.2,62997.9,63042.3,0.0,0.0,0.0
BTCUSDT,1786807800,2026-08-15 15:30:00+00:00,63042.3,63096.7,63042.3,63082.0,0.0,-6874.5,6874.5
BTCUSDT,1786808700,2026-08-15 15:45:00+00:00,63082.0,63082.0,63068.0,63068.0,0.0,0.0,0.0
BTCUSDT,1786809600,2026-08-15 16:00:00+00:00,63068.1,63073.5,63035.9,63049.9,3657.82,0.0,3657.82
BTCUSDT,1786810500,2026-08-15 16:15:00+00:00,63049.9,63090.0,63032.7,63090.0,441.23,0.0,441.23
BTCUSDT,1786811400,2026-08-15 16:30:00+00:00,63090.0,63097.3,63059.3,63062.1,44337.51,0.0,44337.51
BTCUSDT,1786812300,2026-08-15 16:45:00+00:00,63062.1,63075.1,63062.0,63066.3,63.08,0.0,63.08
BTCUSDT,1786813200,2026-08-15 17:00:00+00:00,63066.3,63070.0,63066.2,63070.0,3027.18,-189.2,3216.38
BTCUSDT,1786814100,2026-08-15 17:15:00+00:00,63070.0,63077.8,63032.3,63039.0,0.0,-1640.0,1640.0
BTCUSDT,1786815000,2026-08-15 17:30:00+00:00,63038.9,63043.6,63038.3,63039.9,0.0,0.0,0.0
BTCUSDT,1786815900,2026-08-15 17:45:00+00:00,63039.8,63043.5,63032.1,63043.5,945.63,0.0,945.63
BTCUSDT,1786816800,2026-08-15 18:00:00+00:00,63043.4,63083.0,63039.4,63066.0,1639.27,0.0,1639.27
BTCUSDT,1786817700,2026-08-15 18:15:00+00:00,63066.0,63071.6,63015.2,63018.7,630.35,0.0,630.35
BTCUSDT,1786818600,2026-08-15 18:30:00+00:00,63018.8,63022.5,63014.9,63014.9,0.0,0.0,0.0
BTCUSDT,1786819500,2026-08-15 18:45:00+00:00,63015.0,63026.3,63011.6,63026.3,1449.37,0.0,1449.37
BTCUSDT,1786820400,2026-08-15 19:00:00+00:00,63026.3,63057.2,63026.2,63055.0,0.0,0.0,0.0
BTCUSDT,1786821300,2026-08-15 19:15:00+00:00,63055.0,63092.6,63055.0,63067.8,0.0,-126.17,126.17
BTCUSDT,1786822200,2026-08-15 19:30:00+00:00,63067.7,63092.0,63067.7,63079.2,3595.51,0.0,3595.51
BTCUSDT,1786823100,2026-08-15 19:45:00+00:00,63079.3,63093.6,63079.2,63093.6,63.09,0.0,63.09
BTCUSDT,1786824000,2026-08-15 20:00:00+00:00,63093.6,63093.6,63044.0,63050.8,1765.87,0.0,1765.87
BTCUSDT,1786824900,2026-08-15 20:15:00+00:00,63050.7,63050.8,63040.1,63047.8,0.0,-63.05,63.05
BTCUSDT,1786825800,2026-08-15 20:30:00+00:00,63047.8,63056.1,63042.9,63056.1,63.05,0.0,63.05
BTCUSDT,1786826700,2026-08-15 20:45:00+00:00,63056.0,63077.1,63056.0,63077.1,1198.31,-882.91,2081.22
BTCUSDT,1786827600,2026-08-15 21:00:00+00:00,63077.0,63077.8,63068.9,63077.7,0.0,0.0,0.0
BTCUSDT,1786828500,2026-08-15 21:15:00+00:00,63077.8,63117.3,63077.7,63117.2,0.0,-4038.88,4038.88
BTCUSDT,1786829400,2026-08-15 21:30:00+00:00,63117.3,63138.7,63108.1,63138.7,0.0,-505.06,505.06
BTCUSDT,1786830300,2026-08-15 21:45:00+00:00,63138.6,63138.7,63117.6,63123.7,505.01,0.0,505.01
BTCUSDT,1786831200,2026-08-15 22:00:00+00:00,63123.8,63135.0,63115.8,63117.0,0.0,0.0,0.0
BTCUSDT,1786832100,2026-08-15 22:15:00+00:00,63117.1,63119.8,63096.6,63119.8,0.0,-1514.57,1514.57
BTCUSDT,1786833000,2026-08-15 22:30:00+00:00,63119.8,63122.4,63119.7,63122.0,63.12,0.0,63.12
BTCUSDT,1786833900,2026-08-15 22:45:00+00:00,63122.0,63141.6,63100.6,63100.7,252.42,-1767.96,2020.38
BTCUSDT,1786834800,2026-08-15 23:00:00+00:00,63100.7,63110.3,63077.0,63102.7,315.39,0.0,315.39
BTCUSDT,1786835700,2026-08-15 23:15:00+00:00,63102.7,63102.8,63080.0,63080.0,0.0,0.0,0.0
BTCUSDT,1786836600,2026-08-15 23:30:00+00:00,63080.0,63080.1,63066.0,63076.7,0.0,0.0,0.0
BTCUSDT,1786837500,2026-08-15 23:45:00+00:00,63076.6,63076.7,63049.9,63053.9,0.0,0.0,0.0
BTCUSDT,1786838400,2026-08-16 00:00:00+00:00,63053.9,63054.0,63035.0,63040.9,252.18,0.0,252.18
BTCUSDT,1786839300,2026-08-16 00:15:00+00:00,63040.9,63041.0,63040.9,63040.9,8573.56,-252.16,8825.72
BTCUSDT,1786840200,2026-08-16 00:30:00+00:00,63041.0,63043.5,63032.9,63041.4,0.0,0.0,0.0
BTCUSDT,1786841100,2026-08-16 00:45:00+00:00,63041.3,63057.4,63036.0,63051.1,0.0,0.0,0.0
BTCUSDT,1786842000,2026-08-16 01:00:00+00:00,63051.0,63051.1,63017.1,63020.7,693.29,-126.08,819.37
BTCUSDT,1786842900,2026-08-16 01:15:00+00:00,63020.7,63045.0,63018.0,63025.2,252.08,0.0,252.08
BTCUSDT,1786843800,2026-08-16 01:30:00+00:00,63025.1,63041.3,62975.9,63041.2,2772.76,0.0,2772.76
BTCUSDT,1786844700,2026-08-16 01:45:00+00:00,63041.2,63052.4,63019.8,63051.3,2395.3,0.0,2395.3
BTCUSDT,1786845600,2026-08-16 02:00:00+00:00,63051.3,63051.4,62988.9,62995.6,441.1,0.0,441.1
BTCUSDT,1786846500,2026-08-16 02:15:00+00:00,62995.5,63086.7,62995.5,63085.7,378.22,0.0,378.22
BTCUSDT,1786847400,2026-08-16 02:30:00+00:00,63085.8,63132.2,63081.7,63130.0,946.32,0.0,946.32
BTCUSDT,1786848300,2026-08-16 02:45:00+00:00,63130.0,63130.1,63085.6,63092.3,0.0,0.0,0.0
BTCUSDT,1786849200,2026-08-16 03:00:00+00:00,63092.4,63103.1,63088.5,63088.5,0.0,-6309.17,6309.17
BTCUSDT,1786850100,2026-08-16 03:15:00+00:00,63088.5,63090.3,63080.0,63089.8,1324.89,0.0,1324.89
BTCUSDT,1786851000,2026-08-16 03:30:00+00:00,63089.8,63091.0,63089.8,63090.9,0.0,0.0,0.0
BTCUSDT,1786851900,2026-08-16 03:45:00+00:00,63090.9,63096.6,63090.8,63096.6,0.0,0.0,0.0
BTCUSDT,1786852800,2026-08-16 04:00:00+00:00,63096.5,63100.0,63096.5,63100.0,0.0,0.0,0.0
BTCUSDT,1786853700,2026-08-16 04:15:00+00:00,63100.0,63122.7,63099.9,63122.7,0.0,-7637.24,7637.24
BTCUSDT,1786854600,2026-08-16 04:30:00+00:00,63122.6,63122.7,63090.8,63090.9,0.0,0.0,0.0
BTCUSDT,1786855500,2026-08-16 04:45:00+00:00,63090.8,63094.4,63056.6,63056.7,0.0,0.0,0.0
BTCUSDT,1786856400,2026-08-16 05:00:00+00:00,63056.6,63068.4,63042.1,63066.5,63.06,0.0,63.06
BTCUSDT,1786857300,2026-08-16 05:15:00+00:00,63066.5,63066.5,63036.0,63037.7,0.0,-126.13,126.13
BTCUSDT,1786858200,2026-08-16 05:30:00+00:00,63037.8,63050.8,63026.6,63028.7,0.0,0.0,0.0
BTCUSDT,1786859100,2026-08-16 05:45:00+00:00,63028.7,63044.3,63007.1,63027.7,0.0,0.0,0.0
BTCUSDT,1786860000,2026-08-16 06:00:00+00:00,63027.7,63042.2,63009.2,63016.1,6176.7,0.0,6176.7
BTCUSDT,1786860900,2026-08-16 06:15:00+00:00,63016.2,63040.2,63016.1,63040.2,0.0,0.0,0.0
BTCUSDT,1786861800,2026-08-16 06:30:00+00:00,63040.1,63040.1,63029.3,63033.4,0.0,0.0,0.0
BTCUSDT,1786862700,2026-08-16 06:45:00+00:00,63033.4,63056.1,63033.3,63036.5,0.0,0.0,0.0
BTCUSDT,1786863600,2026-08-16 07:00:00+00:00,63036.5,63036.6,63024.0,63025.1,0.0,-10022.28,10022.28
BTCUSDT,1786864500,2026-08-16 07:15:00+00:00,63025.1,63035.3,63025.0,63035.1,0.0,-189.11,189.11
BTCUSDT,1786865400,2026-08-16 07:30:00+00:00,63035.1,63035.1,63028.0,63028.1,378.21,0.0,378.21
BTCUSDT,1786866300,2026-08-16 07:45:00+00:00,63028.1,63034.4,63028.0,63034.3,63.03,0.0,63.03
BTCUSDT,1786867200,2026-08-16 08:00:00+00:00,63034.4,63042.7,63030.1,63030.2,5736.88,-441.3,6178.18
BTCUSDT,1786868100,2026-08-16 08:15:00+00:00,63030.2,63043.0,63030.1,63043.0,0.0,0.0,0.0
BTCUSDT,1786869000,2026-08-16 08:30:00+00:00,63042.9,63045.1,63037.5,63039.5,0.0,-15446.05,15446.05
BTCUSDT,1786869900,2026-08-16 08:45:00+00:00,63039.6,63039.6,63039.5,63039.5,0.0,0.0,0.0
BTCUSDT,1786870800,2026-08-16 09:00:00+00:00,63039.6,63039.6,63039.5,63039.6,0.0,0.0,0.0
BTCUSDT,1786871700,2026-08-16 09:15:00+00:00,63039.6,63039.6,63039.5,63039.5,0.0,0.0,0.0
BTCUSDT,1786872600,2026-08-16 09:30:00+00:00,63039.6,63039.6,62965.0,62965.0,0.0,-1386.87,1386.87
BTCUSDT,1786873500,2026-08-16 09:45:00+00:00,62965.0,62986.8,62936.0,62957.0,29962.92,0.0,29962.92
BTCUSDT,1786874400,2026-08-16 10:00:00+00:00,62957.0,62965.8,62928.5,62955.6,2328.58,-629.48,2958.06
BTCUSDT,1786875300,2026-08-16 10:15:00+00:00,62955.5,62981.4,62955.5,62981.3,0.0,0.0,0.0
BTCUSDT,1786876200,2026-08-16 10:30:00+00:00,62981.2,62982.1,62970.5,62979.2,0.0,0.0,0.0
BTCUSDT,1786877100,2026-08-16 10:45:00+00:00,62979.3,62979.3,62979.2,62979.2,0.0,0.0,0.0
BTCUSDT,1786878000,2026-08-16 11:00:00+00:00,62979.2,62979.3,62974.2,62974.3,188.94,0.0,188.94
BTCUSDT,1786878900,2026-08-16 11:15:00+00:00,62974.2,62977.1,62945.9,62958.1,1385.23,0.0,1385.23
BTCUSDT,1786879800,2026-08-16 11:30:00+00:00,62958.1,62969.1,62955.9,62963.7,0.0,0.0,0.0
BTCUSDT,1786880700,2026-08-16 11:45:00+00:00,62963.8,62981.1,62949.0,62981.1,0.0,0.0,0.0
BTCUSDT,1786881600,2026-08-16 12:00:00+00:00,62981.1,63000.0,62981.1,62990.6,251.97,0.0,251.97
BTCUSDT,1786882500,2026-08-16 12:15:00+00:00,62990.5,62990.6,62990.5,62990.6,0.0,0.0,0.0
BTCUSDT,1786883400,2026-08-16 12:30:00+00:00,62990.6,62990.6,62959.1,62962.4,0.0,0.0,0.0
BTCUSDT,1786884300,2026-08-16 12:45:00+00:00,62962.4,62987.9,62962.3,62986.4,314.94,0.0,314.94
BTCUSDT,1786885200,2026-08-16 13:00:00+00:00,62986.4,63035.0,62986.3,63034.9,0.0,0.0,0.0
BTCUSDT,1786886100,2026-08-16 13:15:00+00:00,63035.0,63040.9,63034.9,63040.4,945.57,0.0,945.57
BTCUSDT,1786887000,2026-08-16 13:30:00+00:00,63040.4,63040.4,63035.9,63040.0,0.0,0.0,0.0
BTCUSDT,1786887900,2026-08-16 13:45:00+00:00,63040.0,63040.0,63036.0,63036.1,0.0,-441.25,441.25
BTCUSDT,1786888800,2026-08-16 14:00:00+00:00,63036.1,63036.1,63031.9,63032.0,0.0,0.0,0.0
BTCUSDT,1786889700,2026-08-16 14:15:00+00:00,63032.0,63076.2,63031.9,63045.7,441.22,0.0,441.22
BTCUSDT,1786890600,2026-08-16 14:30:00+00:00,63045.6,63072.9,63040.1,63072.0,315.33,0.0,315.33
BTCUSDT,1786891500,2026-08-16 14:45:00+00:00,63072.0,63078.6,63071.0,63078.5,946.12,0.0,946.12
BTCUSDT,1786892400,2026-08-16 15:00:00+00:00,63078.6,63091.4,63077.7,63081.7,126.17,-567.73,693.9
BTCUSDT,1786893300,2026-08-16 15:15:00+00:00,63081.7,63087.2,63081.6,63087.2,0.0,-63.08,63.08
BTCUSDT,1786894200,2026-08-16 15:30:00+00:00,63087.2,63112.1,63087.1,63089.5,0.0,-12810.11,12810.11
BTCUSDT,1786895100,2026-08-16 15:45:00+00:00,63089.4,63113.8,63088.7,63113.8,0.0,-4291.74,4291.74
BTCUSDT,1786896000,2026-08-16 16:00:00+00:00,63113.8,63189.5,63108.4,63181.9,0.0,-33079.59,33079.59
BTCUSDT,1786896900,2026-08-16 16:15:00+00:00,63181.9,63327.5,63175.7,63294.8,0.0,-522575.8,522575.8
BTCUSDT,1786897800,2026-08-16 16:30:00+00:00,63294.8,63370.0,63260.6,63260.6,0.0,-105872.63,105872.63
BTCUSDT,1786898700,2026-08-16 16:45:00+00:00,63260.6,63261.7,63167.4,63232.7,103563.46,0.0,103563.46
BTCUSDT,1786899600,2026-08-16 17:00:00+00:00,63232.7,63247.2,63187.1,63192.0,0.0,0.0,0.0
BTCUSDT,1786900500,2026-08-16 17:15:00+00:00,63191.9,63209.7,63154.9,63166.0,15095.03,0.0,15095.03
BTCUSDT,1786901400,2026-08-16 17:30:00+00:00,63165.9,63166.6,63087.3,63096.6,631.31,0.0,631.31
BTCUSDT,1786902300,2026-08-16 17:45:00+00:00,63096.6,63139.1,63094.1,63130.7,252.4,0.0,252.4
BTCUSDT,1786903200,2026-08-16 18:00:00+00:00,63130.6,63142.1,63092.0,63113.0,63.11,0.0,63.11
BTCUSDT,1786904100,2026-08-16 18:15:00+00:00,63113.1,63148.0,63112.8,63129.2,63.12,0.0,63.12
BTCUSDT,1786905000,2026-08-16 18:30:00+00:00,63129.2,63129.2,63113.3,63113.4,46769.62,0.0,46769.62
BTCUSDT,1786905900,2026-08-16 18:45:00+00:00,63113.4,63117.5,63109.0,63111.3,63.11,0.0,63.11
BTCUSDT,1786906800,2026-08-16 19:00:00+00:00,63111.4,63162.0,63111.3,63149.5,0.0,0.0,0.0
BTCUSDT,1786907700,2026-08-16 19:15:00+00:00,63149.5,63193.4,63149.4,63188.4,0.0,0.0,0.0
BTCUSDT,1786908600,2026-08-16 19:30:00+00:00,63188.5,63201.7,63124.1,63132.4,0.0,0.0,0.0
BTCUSDT,1786909500,2026-08-16 19:45:00+00:00,63132.4,63149.4,63063.6,63082.2,15833.23,0.0,15833.23
BTCUSDT,1786910400,2026-08-16 20:00:00+00:00,63082.3,63117.1,63082.2,63105.1,378.63,0.0,378.63
BTCUSDT,1786911300,2026-08-16 20:15:00+00:00,63105.2,63105.2,63064.3,63067.6,3973.08,0.0,3973.08
BTCUSDT,1786912200,2026-08-16 20:30:00+00:00,63067.5,63087.4,63014.3,63042.9,252.25,0.0,252.25
BTCUSDT,1786913100,2026-08-16 20:45:00+00:00,63042.9,63047.1,62988.3,63041.0,23376.24,0.0,23376.24
BTCUSDT,1786914000,2026-08-16 21:00:00+00:00,63041.0,63043.8,63000.0,63035.1,7371.02,-567.05,7938.070000000001
BTCUSDT,1786914900,2026-08-16 21:15:00+00:00,63035.1,63067.3,63000.0,63003.5,945.3,0.0,945.3
BTCUSDT,1786915800,2026-08-16 21:30:00+00:00,63003.4,63015.0,62700.1,62906.9,66817.46,0.0,66817.46
BTCUSDT,1786916700,2026-08-16 21:45:00+00:00,62907.0,62955.0,62851.3,62900.0,1257.24,0.0,1257.24
BTCUSDT,1786917600,2026-08-16 22:00:00+00:00,62900.1,62903.5,62757.0,62899.5,4963.24,0.0,4963.24
BTCUSDT,1786918500,2026-08-16 22:15:00+00:00,62899.5,62930.0,62804.8,62821.7,0.0,-1383.26,1383.26
BTCUSDT,1786919400,2026-08-16 22:30:00+00:00,62821.7,62821.7,62681.1,62767.6,1018617.15,0.0,1018617.15
BTCUSDT,1786920300,2026-08-16 22:45:00+00:00,62767.6,62885.0,62706.4,62885.0,0.0,-29298.27,29298.27
BTCUSDT,1786921200,2026-08-16 23:00:00+00:00,62885.0,62967.0,62807.8,62815.0,0.0,-13722.76,13722.76
BTCUSDT,1786922100,2026-08-16 23:15:00+00:00,62815.0,62894.6,62803.7,62825.4,2323.84,0.0,2323.84
BTCUSDT,1786923000,2026-08-16 23:30:00+00:00,62825.4,62874.7,62806.9,62874.7,0.0,0.0,0.0
BTCUSDT,1786923900,2026-08-16 23:45:00+00:00,62874.8,62906.8,62853.6,62876.0,0.0,-125.72,125.72
BTCUSDT,1786924800,2026-08-17 00:00:00+00:00,62876.0,62910.9,62833.7,62888.3,1635.36,0.0,1635.36
BTCUSDT,1786925700,2026-08-17 00:15:00+00:00,62888.3,62888.3,62732.6,62845.0,14249.41,-9416.57,23665.98
BTCUSDT,1786926600,2026-08-17 00:30:00+00:00,62845.0,62936.6,62723.9,62926.3,38829.61,0.0,38829.61
BTCUSDT,1786927500,2026-08-17 00:45:00+00:00,62926.3,62926.3,62815.5,62887.3,0.0,0.0,0.0
BTCUSDT,1786928400,2026-08-17 01:00:00+00:00,62887.3,63180.0,62867.2,63025.9,0.0,-415725.6,415725.6
BTCUSDT,1786929300,2026-08-17 01:15:00+00:00,63025.9,63139.8,63002.4,63099.3,10220.0,-631.17,10851.17
BTCUSDT,1786930200,2026-08-17 01:30:00+00:00,63099.3,63230.0,63099.3,63191.4,0.0,-32807.76,32807.76
BTCUSDT,1786931100,2026-08-17 01:45:00+00:00,63191.4,63212.3,63084.0,63084.0,0.0,0.0,0.0
BTCUSDT,1786932000,2026-08-17 02:00:00+00:00,63084.1,63104.0,63008.2,63053.4,126.07,0.0,126.07
BTCUSDT,1786932900,2026-08-17 02:15:00+00:00,63053.3,63184.3,63018.2,63160.0,489431.71,-28078.8,517510.51
BTCUSDT,1786933800,2026-08-17 02:30:00+00:00,63160.0,63344.6,63106.0,63235.7,0.0,-204183.73,204183.73
BTCUSDT,1786934700,2026-08-17 02:45:00+00:00,63235.7,63482.0,63228.4,63382.7,0.0,-1297813.86,1297813.86
BTCUSDT,1786935600,2026-08-17 03:00:00+00:00,63382.8,63426.9,63336.6,63390.0,5828.04,0.0,5828.04
BTCUSDT,1786936500,2026-08-17 03:15:00+00:00,63390.0,63395.0,63320.0,63328.4,0.0,0.0,0.0
BTCUSDT,1786937400,2026-08-17 03:30:00+00:00,63328.5,63359.1,63314.7,63327.1,0.0,0.0,0.0
BTCUSDT,1786938300,2026-08-17 03:45:00+00:00,63327.1,63498.0,63323.0,63409.8,0.0,-2855.71,2855.71
BTCUSDT,1786939200,2026-08-17 04:00:00+00:00,63409.7,63500.0,63409.7,63461.1,8822.97,0.0,8822.97
BTCUSDT,1786940100,2026-08-17 04:15:00+00:00,63461.0,63500.0,63441.8,63480.7,0.0,0.0,0.0
BTCUSDT,1786941000,2026-08-17 04:30:00+00:00,63480.7,63497.7,63441.2,63466.5,0.0,-12763.03,12763.03
BTCUSDT,1786941900,2026-08-17 04:45:00+00:00,63466.6,63564.3,63466.5,63512.3,0.0,-83865.06,83865.06
BTCUSDT,1786942800,2026-08-17 05:00:00+00:00,63512.3,63517.5,63418.7,63504.8,0.0,0.0,0.0
BTCUSDT,1786943700,2026-08-17 05:15:00+00:00,63504.8,63572.6,63453.4,63459.9,0.0,-665822.79,665822.79
BTCUSDT,1786944600,2026-08-17 05:30:00+00:00,63460.0,63475.3,63414.4,63438.5,0.0,-634.6,634.6
BTCUSDT,1786945500,2026-08-17 05:45:00+00:00,63438.6,63500.0,63426.9,63488.0,825.36,-444.08,1269.44
BTCUSDT,1786946400,2026-08-17 06:00:00+00:00,63488.1,63598.0,63447.8,63547.4,127.09,-52140.91,52268.0
BTCUSDT,1786947300,2026-08-17 06:15:00+00:00,63547.4,63565.2,63531.3,63555.3,0.0,0.0,0.0
BTCUSDT,1786948200,2026-08-17 06:30:00+00:00,63555.2,63576.5,63539.9,63575.0,0.0,-1144.2,1144.2
BTCUSDT,1786949100,2026-08-17 06:45:00+00:00,63575.0,63693.2,63574.8,63633.1,0.0,-1183839.9,1183839.9
BTCUSDT,1786950000,2026-08-17 07:00:00+00:00,63633.2,63636.3,63538.0,63557.5,63.54,0.0,63.54
BTCUSDT,1786950900,2026-08-17 07:15:00+00:00,63557.6,63557.6,63498.0,63555.7,0.0,0.0,0.0
BTCUSDT,1786951800,2026-08-17 07:30:00+00:00,63555.6,63555.7,63511.9,63512.0,0.0,0.0,0.0
BTCUSDT,1786952700,2026-08-17 07:45:00+00:00,63511.9,63531.5,63492.5,63493.5,508.0,0.0,508.0
BTCUSDT,1786953600,2026-08-17 08:00:00+00:00,63493.5,63524.9,63384.6,63399.9,69189.48,0.0,69189.48
BTCUSDT,1786954500,2026-08-17 08:15:00+00:00,63399.8,63425.8,63376.0,63397.9,950.74,0.0,950.74
BTCUSDT,1786955400,2026-08-17 08:30:00+00:00,63397.8,63414.4,63345.1,63345.2,697.1,0.0,697.1
BTCUSDT,1786956300,2026-08-17 08:45:00+00:00,63345.1,63381.2,63320.2,63350.1,186860.94,0.0,186860.94
BTCUSDT,1786957200,2026-08-17 09:00:00+00:00,63350.1,63395.1,63350.0,63393.7,1140.49,0.0,1140.49
BTCUSDT,1786958100,2026-08-17 09:15:00+00:00,63393.6,63405.7,63300.0,63346.0,4747.56,0.0,4747.56
BTCUSDT,1786959000,2026-08-17 09:30:00+00:00,63346.0,63346.1,63276.4,63280.0,16392.39,0.0,16392.39
BTCUSDT,1786959900,2026-08-17 09:45:00+00:00,63280.0,63292.5,63255.0,63290.1,6073.13,0.0,6073.13
BTCUSDT,1786960800,2026-08-17 10:00:00+00:00,63290.1,63305.8,63265.3,63303.1,63.29,0.0,63.29
BTCUSDT,1786961700,2026-08-17 10:15:00+00:00,63303.0,63425.8,63272.0,63424.0,0.0,-15409.81,15409.81
BTCUSDT,1786962600,2026-08-17 10:30:00+00:00,63423.9,63620.5,63418.1,63609.4,0.0,-56813.17,56813.17
BTCUSDT,1786963500,2026-08-17 10:45:00+00:00,63609.3,63671.2,63565.4,63661.9,0.0,-50393.44,50393.44
BTCUSDT,1786964400,2026-08-17 11:00:00+00:00,63661.8,63690.0,63615.5,63631.2,0.0,-14201.42,14201.42
BTCUSDT,1786965300,2026-08-17 11:15:00+00:00,63631.2,63668.9,63611.4,63637.6,0.0,0.0,0.0
BTCUSDT,1786966200,2026-08-17 11:30:00+00:00,63637.6,63673.8,63637.6,63668.3,3310.57,0.0,3310.57
BTCUSDT,1786967100,2026-08-17 11:45:00+00:00,63668.2,63753.0,63554.0,63600.0,0.0,-262926.81,262926.81
BTCUSDT,1786968000,2026-08-17 12:00:00+00:00,63600.0,63655.7,63558.6,63638.8,0.0,0.0,0.0
BTCUSDT,1786968900,2026-08-17 12:15:00+00:00,63638.9,63639.0,63502.4,63552.3,2541.11,0.0,2541.11
BTCUSDT,1786969800,2026-08-17 12:30:00+00:00,63552.3,63619.9,63502.4,63540.0,0.0,0.0,0.0
BTCUSDT,1786970700,2026-08-17 12:45:00+00:00,63539.9,63607.7,63526.6,63526.6,0.0,0.0,0.0
BTCUSDT,1786971600,2026-08-17 13:00:00+00:00,63526.6,63555.4,63479.9,63535.6,5968.59,0.0,5968.59
BTCUSDT,1786972500,2026-08-17 13:15:00+00:00,63535.6,63535.6,63412.5,63470.7,7550.02,0.0,7550.02
BTCUSDT,1786973400,2026-08-17 13:30:00+00:00,63470.7,63776.0,63451.8,63626.8,509.8,-80650.41,81160.21
BTCUSDT,1786974300,2026-08-17 13:45:00+00:00,63626.8,63705.0,63567.2,63647.0,5028.22,-17123.06,22151.28
BTCUSDT,1786975200,2026-08-17 14:00:00+00:00,63646.9,63706.6,63561.3,63669.6,0.0,0.0,0.0
BTCUSDT,1786976100,2026-08-17 14:15:00+00:00,63669.6,63716.2,63561.3,63593.8,0.0,-16480.13,16480.13
BTCUSDT,1786977000,2026-08-17 14:30:00+00:00,63593.8,63677.0,63561.3,63593.6,63.62,0.0,63.62
BTCUSDT,1786977900,2026-08-17 14:45:00+00:00,63593.6,63880.0,63583.3,63871.7,62512.98,-593316.17,655829.15
BTCUSDT,1786978800,2026-08-17 15:00:00+00:00,63871.8,63966.0,63825.6,63842.7,191.6,-932519.13,932710.73
BTCUSDT,1786979700,2026-08-17 15:15:00+00:00,63842.7,64076.7,63779.3,64023.0,0.0,-127.6,127.6
BTCUSDT,1786980600,2026-08-17 15:30:00+00:00,64022.9,64097.0,63956.2,64053.0,0.0,-122329.25,122329.25
BTCUSDT,1786981500,2026-08-17 15:45:00+00:00,64053.0,64199.9,64051.2,64169.9,38512.44,-787084.63,825597.0700000001
BTCUSDT,1786982400,2026-08-17 16:00:00+00:00,64169.8,64185.6,64034.1,64044.4,0.0,-16988.26,16988.26
BTCUSDT,1786983300,2026-08-17 16:15:00+00:00,64044.4,64116.1,64022.3,64062.0,64.04,0.0,64.04
BTCUSDT,1786984200,2026-08-17 16:30:00+00:00,64061.9,64147.9,64044.4,64051.7,0.0,0.0,0.0
BTCUSDT,1786985100,2026-08-17 16:45:00+00:00,64051.7,64110.9,64035.3,64082.1,0.0,-1089.58,1089.58
BTCUSDT,1786986000,2026-08-17 17:00:00+00:00,64082.2,64086.0,63949.4,63949.5,5125.43,0.0,5125.43
BTCUSDT,1786986900,2026-08-17 17:15:00+00:00,63949.6,64388.0,63944.3,64169.8,63.94,-2999765.6,2999829.54
BTCUSDT,1786987800,2026-08-17 17:30:00+00:00,64169.8,64250.3,64029.5,64183.8,10118.1,-17141.24,27259.340000000004
BTCUSDT,1786988700,2026-08-17 17:45:00+00:00,64183.8,64310.0,64183.8,64293.1,0.0,-2957.29,2957.29
BTCUSDT,1786989600,2026-08-17 18:00:00+00:00,64293.2,64357.8,64243.7,64341.2,0.0,-5210.25,5210.25
BTCUSDT,1786990500,2026-08-17 18:15:00+00:00,64341.3,64600.8,64337.7,64459.5,0.0,-6740833.67,6740833.67
BTCUSDT,1786991400,2026-08-17 18:30:00+00:00,64459.4,64480.9,64364.2,64428.2,64.39,0.0,64.39
BTCUSDT,1786992300,2026-08-17 18:45:00+00:00,64428.1,64461.5,64380.0,64402.7,0.0,0.0,0.0
BTCUSDT,1786993200,2026-08-17 19:00:00+00:00,64402.8,64402.8,64289.1,64299.1,30291.57,0.0,30291.57
BTCUSDT,1786994100,2026-08-17 19:15:00+00:00,64299.1,64388.0,64298.2,64369.6,64.37,0.0,64.37
BTCUSDT,1786995000,2026-08-17 19:30:00+00:00,64369.5,64388.0,64308.9,64341.4,0.0,0.0,0.0
BTCUSDT,1786995900,2026-08-17 19:45:00+00:00,64341.4,64341.4,64258.3,64280.4,29755.07,0.0,29755.07
BTCUSDT,1786996800,2026-08-17 20:00:00+00:00,64280.4,64284.8,64231.3,64284.8,2505.35,0.0,2505.35
BTCUSDT,1786997700,2026-08-17 20:15:00+00:00,64284.7,64414.3,64266.0,64386.3,0.0,-3734.17,3734.17
BTCUSDT,1786998600,2026-08-17 20:30:00+00:00,64386.3,64386.4,64323.1,64362.2,0.0,-128.68,128.68
BTCUSDT,1786999500,2026-08-17 20:45:00+00:00,64362.2,64380.0,64299.0,64360.7,643.39,-64.34,707.73
BTCUSDT,1787000400,2026-08-17 21:00:00+00:00,64360.7,64405.5,64335.8,64347.5,0.0,0.0,0.0
BTCUSDT,1787001300,2026-08-17 21:15:00+00:00,64347.6,64381.4,64300.5,64303.0,0.0,0.0,0.0
BTCUSDT,1787002200,2026-08-17 21:30:00+00:00,64303.0,64350.9,64269.8,64307.8,0.0,0.0,0.0
BTCUSDT,1787003100,2026-08-17 21:45:00+00:00,64307.7,64365.5,64307.7,64350.3,0.0,0.0,0.0
BTCUSDT,1787004000,2026-08-17 22:00:00+00:00,64350.2,64390.0,64280.0,64283.4,0.0,0.0,0.0
BTCUSDT,1787004900,2026-08-17 22:15:00+00:00,64283.4,64322.3,64260.7,64264.4,0.0,-2764.66,2764.66
BTCUSDT,1787005800,2026-08-17 22:30:00+00:00,64264.4,64312.0,64247.8,64278.1,0.0,0.0,0.0
BTCUSDT,1787006700,2026-08-17 22:45:00+00:00,64278.2,64289.0,64258.3,64267.7,0.0,0.0,0.0
BTCUSDT,1787007600,2026-08-17 23:00:00+00:00,64267.6,64350.0,64261.1,64334.9,0.0,0.0,0.0
BTCUSDT,1787008500,2026-08-17 23:15:00+00:00,64334.9,64460.0,64334.9,64460.0,0.0,-321.75,321.75
BTCUSDT,1787009400,2026-08-17 23:30:00+00:00,64460.0,64539.0,64428.5,64447.0,0.0,-109868.24,109868.24
BTCUSDT,1787010300,2026-08-17 23:45:00+00:00,64446.9,64555.4,64442.9,64504.1,0.0,-322.46,322.46
BTCUSDT,1787011200,2026-08-18 00:00:00+00:00,64504.1,64541.6,64386.6,64413.9,0.0,0.0,0.0
BTCUSDT,1787012100,2026-08-18 00:15:00+00:00,64414.0,64476.8,64413.9,64429.6,0.0,0.0,0.0
BTCUSDT,1787013000,2026-08-18 00:30:00+00:00,64429.5,64430.4,64348.0,64368.4,0.0,-2447.53,2447.53
BTCUSDT,1787013900,2026-08-18 00:45:00+00:00,64368.3,64372.2,64330.0,64357.4,2187.78,0.0,2187.78
BTCUSDT,1787014800,2026-08-18 01:00:00+00:00,64357.4,64361.0,64261.1,64317.1,98195.32,0.0,98195.32
BTCUSDT,1787015700,2026-08-18 01:15:00+00:00,64317.0,64331.2,64270.5,64297.0,0.0,0.0,0.0
BTCUSDT,1787016600,2026-08-18 01:30:00+00:00,64297.0,64318.2,64211.0,64250.4,24081.81,0.0,24081.81
BTCUSDT,1787017500,2026-08-18 01:45:00+00:00,64250.4,64250.5,64116.7,64174.9,391257.69,0.0,391257.69
BTCUSDT,1787018400,2026-08-18 02:00:00+00:00,64174.9,64246.0,64150.0,64150.0,0.0,0.0,0.0
BTCUSDT,1787019300,2026-08-18 02:15:00+00:00,64150.0,64177.8,64121.3,64124.3,849007.48,-1924.54,850932.02
BTCUSDT,1787020200,2026-08-18 02:30:00+00:00,64124.3,64178.7,64089.1,64092.6,24936.83,-64.11,25000.94
BTCUSDT,1787021100,2026-08-18 02:45:00+00:00,64092.5,64110.0,64000.0,64074.0,133118.86,-705.14,133824.0
BTCUSDT,1787022000,2026-08-18 03:00:00+00:00,64074.0,64105.6,64053.5,64057.6,1217.49,0.0,1217.49
BTCUSDT,1787022900,2026-08-18 03:15:00+00:00,64057.6,64115.8,64057.5,64079.6,1089.35,0.0,1089.35
BTCUSDT,1787023800,2026-08-18 03:30:00+00:00,64079.6,64152.2,64005.5,64152.0,7105.48,0.0,7105.48
BTCUSDT,1787024700,2026-08-18 03:45:00+00:00,64152.0,64156.7,64110.3,64147.4,0.0,-3463.25,3463.25
BTCUSDT,1787025600,2026-08-18 04:00:00+00:00,64147.5,64147.5,64055.0,64111.6,0.0,0.0,0.0
BTCUSDT,1787026500,2026-08-18 04:15:00+00:00,64111.6,64126.8,64088.9,64126.8,0.0,0.0,0.0
BTCUSDT,1787027400,2026-08-18 04:30:00+00:00,64126.8,64215.6,64126.8,64187.1,962.36,0.0,962.36
BTCUSDT,1787028300,2026-08-18 04:45:00+00:00,64187.1,64197.6,64155.5,64184.5,0.0,-1925.17,1925.17
BTCUSDT,1787029200,2026-08-18 05:00:00+00:00,64184.5,64245.6,64150.0,64204.3,0.0,-98853.2,98853.2
BTCUSDT,1787030100,2026-08-18 05:15:00+00:00,64204.2,64227.5,64180.0,64220.5,385.22,0.0,385.22
BTCUSDT,1787031000,2026-08-18 05:30:00+00:00,64220.5,64225.3,64107.0,64221.3,7637.02,0.0,7637.02
BTCUSDT,1787031900,2026-08-18 05:45:00+00:00,64221.2,64221.2,64169.6,64202.7,0.0,0.0,0.0
BTCUSDT,1787032800,2026-08-18 06:00:00+00:00,64202.7,64246.0,64130.0,64204.0,0.0,0.0,0.0
BTCUSDT,1787033700,2026-08-18 06:15:00+00:00,64204.1,64332.5,64204.0,64314.3,0.0,-42425.24,42425.24
BTCUSDT,1787034600,2026-08-18 06:30:00+00:00,64314.3,64425.0,64314.3,64408.9,0.0,-150611.63,150611.63
BTCUSDT,1787035500,2026-08-18 06:45:00+00:00,64408.9,64412.5,64247.2,64297.9,1734.75,0.0,1734.75
BTCUSDT,1787036400,2026-08-18 07:00:00+00:00,64297.9,64322.3,64255.7,64312.9,0.0,0.0,0.0
BTCUSDT,1787037300,2026-08-18 07:15:00+00:00,64312.9,64329.8,64252.2,64252.2,0.0,0.0,0.0
BTCUSDT,1787038200,2026-08-18 07:30:00+00:00,64252.2,64254.3,64210.0,64220.0,8734.69,0.0,8734.69
BTCUSDT,1787039100,2026-08-18 07:45:00+00:00,64220.0,64220.0,64135.9,64170.9,28609.4,0.0,28609.4
BTCUSDT,1787040000,2026-08-18 08:00:00+00:00,64170.8,64186.6,64056.4,64130.4,34293.98,-384.99,34678.97
BTCUSDT,1787040900,2026-08-18 08:15:00+00:00,64130.4,64212.0,64130.4,64185.1,64.21,-1540.92,1605.13
BTCUSDT,1787041800,2026-08-18 08:30:00+00:00,64185.1,64310.0,64175.4,64261.5,0.0,-16449.68,16449.68
BTCUSDT,1787042700,2026-08-18 08:45:00+00:00,64261.4,64264.5,64212.7,64264.5,0.0,0.0,0.0
BTCUSDT,1787043600,2026-08-18 09:00:00+00:00,64264.4,64264.4,64200.0,64213.6,0.0,0.0,0.0
BTCUSDT,1787044500,2026-08-18 09:15:00+00:00,64213.7,64213.7,64122.5,64133.1,0.0,0.0,0.0
BTCUSDT,1787045400,2026-08-18 09:30:00+00:00,64133.0,64162.0,64112.2,64131.1,128.23,0.0,128.23
BTCUSDT,1787046300,2026-08-18 09:45:00+00:00,64131.1,64167.7,64106.6,64140.5,576.98,0.0,576.98
BTCUSDT,1787047200,2026-08-18 10:00:00+00:00,64140.5,64181.6,64111.2,64128.6,0.0,0.0,0.0
BTCUSDT,1787048100,2026-08-18 10:15:00+00:00,64128.7,64149.6,64100.1,64136.9,0.0,0.0,0.0
BTCUSDT,1787049000,2026-08-18 10:30:00+00:00,64137.0,64194.6,64136.9,64160.6,0.0,0.0,0.0
BTCUSDT,1787049900,2026-08-18 10:45:00+00:00,64160.6,64183.6,64159.0,64171.7,0.0,0.0,0.0
BTCUSDT,1787050800,2026-08-18 11:00:00+00:00,64171.6,64306.0,64161.4,64300.0,0.0,-70714.98,70714.98
BTCUSDT,1787051700,2026-08-18 11:15:00+00:00,64300.0,64355.6,64299.9,64346.3,0.0,-29979.13,29979.13
BTCUSDT,1787052600,2026-08-18 11:30:00+00:00,64346.2,64370.5,64312.4,64358.6,0.0,-64.34,64.34
BTCUSDT,1787053500,2026-08-18 11:45:00+00:00,64358.6,64380.0,64310.3,64326.0,0.0,-1351.91,1351.91
BTCUSDT,1787054400,2026-08-18 12:00:00+00:00,64326.1,64328.2,64256.0,64269.9,0.0,0.0,0.0
BTCUSDT,1787055300,2026-08-18 12:15:00+00:00,64270.0,64310.0,64253.1,64275.1,0.0,0.0,0.0
BTCUSDT,1787056200,2026-08-18 12:30:00+00:00,64275.2,64275.2,64222.0,64222.0,0.0,0.0,0.0
BTCUSDT,1787057100,2026-08-18 12:45:00+00:00,64222.0,64226.8,64170.2,64194.5,0.0,0.0,0.0
BTCUSDT,1787058000,2026-08-18 13:00:00+00:00,64194.6,64194.6,64130.0,64163.0,37528.47,0.0,37528.47
BTCUSDT,1787058900,2026-08-18 13:15:00+00:00,64163.0,64163.0,64025.5,64042.4,82342.17,0.0,82342.17
BTCUSDT,1787059800,2026-08-18 13:30:00+00:00,64042.4,64222.5,63979.2,64160.0,26830.94,-5133.88,31964.82
BTCUSDT,1787060700,2026-08-18 13:45:00+00:00,64159.9,64262.5,64084.8,64187.5,4166.97,-8931.37,13098.34
BTCUSDT,1787061600,2026-08-18 14:00:00+00:00,64187.6,64350.0,64187.5,64230.6,1286.36,-49585.83,50872.19
BTCUSDT,1787062500,2026-08-18 14:15:00+00:00,64230.7,64999.9,64224.1,64962.0,1034.37,-8131829.92,8132864.29
BTCUSDT,1787063400,2026-08-18 14:30:00+00:00,64962.1,65057.9,64707.1,64754.1,27470.23,-395671.67,423141.9
BTCUSDT,1787064300,2026-08-18 14:45:00+00:00,64754.1,64818.0,64629.8,64683.6,91352.37,-1100.85,92453.22
BTCUSDT,1787065200,2026-08-18 15:00:00+00:00,64683.5,64780.0,64615.0,64707.1,0.0,-2847.55,2847.55
BTCUSDT,1787066100,2026-08-18 15:15:00+00:00,64707.0,64807.2,64685.8,64770.1,0.0,-647.73,647.73
BTCUSDT,1787067000,2026-08-18 15:30:00+00:00,64770.1,64849.4,64760.8,64783.1,0.0,-23858.08,23858.08
BTCUSDT,1787067900,2026-08-18 15:45:00+00:00,64783.1,64861.0,64765.1,64823.9,64.82,-454.02,518.8399999999999
BTCUSDT,1787068800,2026-08-18 16:00:00+00:00,64823.9,64861.7,64713.3,64720.8,0.0,0.0,0.0
BTCUSDT,1787069700,2026-08-18 16:15:00+00:00,64720.8,64725.0,64661.8,64674.3,6469.47,0.0,6469.47
BTCUSDT,1787070600,2026-08-18 16:30:00+00:00,64674.2,64791.8,64642.5,64758.8,452.52,0.0,452.52
BTCUSDT,1787071500,2026-08-18 16:45:00+00:00,64758.8,64842.8,64750.4,64804.7,0.0,-160469.97,160469.97
BTCUSDT,1787072400,2026-08-18 17:00:00+00:00,64804.7,64804.8,64743.0,64771.6,0.0,0.0,0.0
BTCUSDT,1787073300,2026-08-18 17:15:00+00:00,64771.5,64799.7,64728.1,64797.9,0.0,0.0,0.0
BTCUSDT,1787074200,2026-08-18 17:30:00+00:00,64797.8,64803.8,64664.0,64692.2,0.0,0.0,0.0
BTCUSDT,1787075100,2026-08-18 17:45:00+00:00,64692.3,64701.5,64634.3,64634.3,13316.62,0.0,13316.62
BTCUSDT,1787076000,2026-08-18 18:00:00+00:00,64634.4,64708.0,64621.9,64704.3,22686.25,0.0,22686.25
BTCUSDT,1787076900,2026-08-18 18:15:00+00:00,64704.2,64780.5,64694.1,64762.5,0.0,-582.96,582.96
BTCUSDT,1787077800,2026-08-18 18:30:00+00:00,64762.4,64793.8,64727.2,64732.0,0.0,0.0,0.0
BTCUSDT,1787078700,2026-08-18 18:45:00+00:00,64731.9,64776.6,64720.0,64744.7,0.0,-3884.68,3884.68
BTCUSDT,1787079600,2026-08-18 19:00:00+00:00,64744.7,64744.7,64673.6,64692.7,0.0,0.0,0.0
BTCUSDT,1787080500,2026-08-18 19:15:00+00:00,64692.6,64773.5,64673.9,64750.0,0.0,0.0,0.0
BTCUSDT,1787081400,2026-08-18 19:30:00+00:00,64750.0,64757.2,64643.0,64643.1,0.0,0.0,0.0
BTCUSDT,1787082300,2026-08-18 19:45:00+00:00,64643.0,64659.0,64611.3,64619.7,3553.74,0.0,3553.74
BTCUSDT,1787083200,2026-08-18 20:00:00+00:00,64619.8,64631.0,64556.5,64624.9,67482.38,0.0,67482.38
BTCUSDT,1787084100,2026-08-18 20:15:00+00:00,64625.0,64625.0,64580.3,64582.5,0.0,0.0,0.0
BTCUSDT,1787085000,2026-08-18 20:30:00+00:00,64582.5,64623.3,64571.9,64576.0,0.0,0.0,0.0
BTCUSDT,1787085900,2026-08-18 20:45:00+00:00,64576.1,64589.4,64528.9,64547.5,10586.2,-129.16,10715.36
BTCUSDT,1787086800,2026-08-18 21:00:00+00:00,64547.4,64628.2,64547.4,64596.2,0.0,0.0,0.0
BTCUSDT,1787087700,2026-08-18 21:15:00+00:00,64596.2,64600.0,64574.2,64594.0,0.0,0.0,0.0
BTCUSDT,1787088600,2026-08-18 21:30:00+00:00,64594.0,64594.0,64532.7,64555.0,193.64,0.0,193.64
BTCUSDT,1787089500,2026-08-18 21:45:00+00:00,64555.0,64580.6,64546.2,64576.0,0.0,0.0,0.0
BTCUSDT,1787090400,2026-08-18 22:00:00+00:00,64576.0,64580.6,64537.6,64542.0,0.0,0.0,0.0
BTCUSDT,1787091300,2026-08-18 22:15:00+00:00,64542.1,64579.5,64528.4,64564.9,967.97,-96844.2,97812.17
BTCUSDT,1787092200,2026-08-18 22:30:00+00:00,64565.0,64621.8,64564.9,64606.1,0.0,-581.14,581.14
BTCUSDT,1787093100,2026-08-18 22:45:00+00:00,64606.2,64607.0,64568.4,64607.0,0.0,-645.78,645.78
BTCUSDT,1787094000,2026-08-18 23:00:00+00:00,64607.0,64688.5,64598.7,64667.1,0.0,-158799.58,158799.58
BTCUSDT,1787094900,2026-08-18 23:15:00+00:00,64667.2,64710.0,64667.2,64690.8,0.0,-9573.38,9573.38
BTCUSDT,1787095800,2026-08-18 23:30:00+00:00,64690.8,64750.0,64690.8,64741.8,0.0,-132403.46,132403.46
BTCUSDT,1787096700,2026-08-18 23:45:00+00:00,64741.8,64755.5,64694.0,64694.0,0.0,-2071.58,2071.58
BTCUSDT,1787097600,2026-08-19 00:00:00+00:00,64694.1,64705.7,64550.0,64550.1,33066.07,-15205.25,48271.32
BTCUSDT,1787098500,2026-08-19 00:15:00+00:00,64550.0,64640.2,64512.2,64572.2,5420.18,0.0,5420.18
BTCUSDT,1787099400,2026-08-19 00:30:00+00:00,64572.3,64626.1,64512.2,64527.2,14519.25,0.0,14519.25
BTCUSDT,1787100300,2026-08-19 00:45:00+00:00,64527.2,64553.4,64451.1,64459.4,240573.67,0.0,240573.67
BTCUSDT,1787101200,2026-08-19 01:00:00+00:00,64459.3,64523.2,64405.0,64496.0,107910.86,-709.2,108620.06
BTCUSDT,1787102100,2026-08-19 01:15:00+00:00,64495.9,64505.0,64413.1,64455.3,3931.08,-17078.97,21010.050000000003
BTCUSDT,1787103000,2026-08-19 01:30:00+00:00,64455.3,64463.5,64354.1,64387.2,107581.61,-2641.7,110223.31
BTCUSDT,1787103900,2026-08-19 01:45:00+00:00,64387.2,64417.9,64356.1,64371.6,12356.98,-2639.82,14996.8
BTCUSDT,1787104800,2026-08-19 02:00:00+00:00,64371.6,64381.6,64325.7,64370.5,135689.33,-1415.54,137104.87
BTCUSDT,1787105700,2026-08-19 02:15:00+00:00,64370.5,64389.1,64315.0,64363.0,19424.68,-386.09,19810.77
BTCUSDT,1787106600,2026-08-19 02:30:00+00:00,64363.0,64382.9,64344.5,64360.0,0.0,0.0,0.0
BTCUSDT,1787107500,2026-08-19 02:45:00+00:00,64360.1,64388.4,64315.9,64322.1,0.0,-1094.36,1094.36
BTCUSDT,1787108400,2026-08-19 03:00:00+00:00,64322.1,64333.0,64252.0,64320.9,99454.32,0.0,99454.32
BTCUSDT,1787109300,2026-08-19 03:15:00+00:00,64321.0,64390.4,64320.9,64331.1,0.0,-11909.49,11909.49
BTCUSDT,1787110200,2026-08-19 03:30:00+00:00,64331.1,64336.9,64300.0,64312.1,0.0,-836.13,836.13
BTCUSDT,1787111100,2026-08-19 03:45:00+00:00,64312.1,64347.4,64296.3,64296.3,0.0,-2250.58,2250.58
BTCUSDT,1787112000,2026-08-19 04:00:00+00:00,64296.3,64299.9,64262.3,64281.9,1157.27,-12858.62,14015.89
BTCUSDT,1787112900,2026-08-19 04:15:00+00:00,64281.9,64367.8,64281.8,64327.5,0.0,-64.34,64.34
BTCUSDT,1787113800,2026-08-19 04:30:00+00:00,64327.4,64342.2,64300.0,64315.1,0.0,0.0,0.0
BTCUSDT,1787114700,2026-08-19 04:45:00+00:00,64315.2,64340.9,64271.7,64285.4,7584.23,0.0,7584.23
BTCUSDT,1787115600,2026-08-19 05:00:00+00:00,64285.4,64382.2,64282.3,64370.9,0.0,0.0,0.0
BTCUSDT,1787116500,2026-08-19 05:15:00+00:00,64370.8,64370.9,64280.0,64326.0,0.0,0.0,0.0
BTCUSDT,1787117400,2026-08-19 05:30:00+00:00,64326.1,64326.1,64288.1,64288.3,192.94,0.0,192.94
BTCUSDT,1787118300,2026-08-19 05:45:00+00:00,64288.3,64297.5,64204.6,64209.1,143177.49,0.0,143177.49
BTCUSDT,1787119200,2026-08-19 06:00:00+00:00,64209.2,64222.6,64131.3,64150.0,732361.36,0.0,732361.36
BTCUSDT,1787120100,2026-08-19 06:15:00+00:00,64150.1,64278.8,64150.0,64243.2,0.0,0.0,0.0
BTCUSDT,1787121000,2026-08-19 06:30:00+00:00,64243.1,64271.4,64225.1,64241.1,0.0,0.0,0.0
BTCUSDT,1787121900,2026-08-19 06:45:00+00:00,64241.1,64321.3,64233.5,64315.1,0.0,0.0,0.0
BTCUSDT,1787122800,2026-08-19 07:00:00+00:00,64315.1,64350.0,64244.0,64345.8,6430.0,0.0,6430.0
BTCUSDT,1787123700,2026-08-19 07:15:00+00:00,64345.8,64345.8,64279.5,64312.0,0.0,-298083.72,298083.72
BTCUSDT,1787124600,2026-08-19 07:30:00+00:00,64312.0,64377.5,64306.9,64330.0,0.0,-1094.18,1094.18
BTCUSDT,1787125500,2026-08-19 07:45:00+00:00,64330.0,64347.4,64266.0,64266.1,158121.91,0.0,158121.91
BTCUSDT,1787126400,2026-08-19 08:00:00+00:00,64266.0,64299.8,64227.8,64227.8,11632.51,-192.8,11825.31
BTCUSDT,1787127300,2026-08-19 08:15:00+00:00,64227.8,64261.2,64219.6,64261.2,7128.38,0.0,7128.38
BTCUSDT,1787128200,2026-08-19 08:30:00+00:00,64261.2,64482.5,64261.1,64422.8,0.0,-322338.28,322338.28
BTCUSDT,1787129100,2026-08-19 08:45:00+00:00,64422.8,64450.0,64385.0,64385.0,0.0,0.0,0.0
BTCUSDT,1787130000,2026-08-19 09:00:00+00:00,64385.1,64446.4,64360.7,64360.7,0.0,0.0,0.0
BTCUSDT,1787130900,2026-08-19 09:15:00+00:00,64360.8,64392.6,64341.4,64357.9,0.0,-257.44,257.44
BTCUSDT,1787131800,2026-08-19 09:30:00+00:00,64358.0,64368.1,64323.2,64338.1,0.0,-514.86,514.86
BTCUSDT,1787132700,2026-08-19 09:45:00+00:00,64338.0,64395.4,64334.5,64395.3,0.0,0.0,0.0
BTCUSDT,1787133600,2026-08-19 10:00:00+00:00,64395.4,64395.4,64341.0,64362.6,2703.77,0.0,2703.77
BTCUSDT,1787134500,2026-08-19 10:15:00+00:00,64362.7,64369.7,64333.4,64369.7,0.0,-579.24,579.24
BTCUSDT,1787135400,2026-08-19 10:30:00+00:00,64369.7,64400.1,64344.8,64371.3,0.0,0.0,0.0
BTCUSDT,1787136300,2026-08-19 10:45:00+00:00,64371.3,64431.0,64364.7,64423.9,0.0,0.0,0.0
BTCUSDT,1787137200,2026-08-19 11:00:00+00:00,64423.9,64509.7,64417.3,64473.3,0.0,-316848.44,316848.44
BTCUSDT,1787138100,2026-08-19 11:15:00+00:00,64473.2,64502.8,64448.2,64474.0,0.0,-10062.11,10062.11
BTCUSDT,1787139000,2026-08-19 11:30:00+00:00,64474.1,64498.3,64425.2,64437.7,0.0,-83949.18,83949.18
BTCUSDT,1787139900,2026-08-19 11:45:00+00:00,64437.6,64494.9,64437.6,64479.0,128.95,0.0,128.95
BTCUSDT,1787140800,2026-08-19 12:00:00+00:00,64479.1,64488.0,64440.0,64477.7,128.88,0.0,128.88
BTCUSDT,1787141700,2026-08-19 12:15:00+00:00,64477.8,64480.0,64454.1,64458.4,2449.54,-64.47,2514.01
BTCUSDT,1787142600,2026-08-19 12:30:00+00:00,64458.5,64927.7,64449.3,64914.1,39713.54,-2018067.33,2057780.87
BTCUSDT,1787143500,2026-08-19 12:45:00+00:00,64914.0,64961.9,64785.8,64857.3,0.0,-1020322.42,1020322.42
BTCUSDT,1787144400,2026-08-19 13:00:00+00:00,64857.3,64976.9,64757.6,64890.8,7527.56,-119515.91,127043.47
BTCUSDT,1787145300,2026-08-19 13:15:00+00:00,64890.9,65022.0,64889.6,64976.9,0.0,-137516.8,137516.8
BTCUSDT,1787146200,2026-08-19 13:30:00+00:00,64977.0,65190.0,64780.0,65017.8,316463.54,-3937607.88,4254071.42
BTCUSDT,1787147100,2026-08-19 13:45:00+00:00,65017.8,65157.3,64950.2,64984.1,2276.36,-42673.02,44949.38
BTCUSDT,1787148000,2026-08-19 14:00:00+00:00,64984.1,65413.0,64984.1,65376.1,0.0,-3980320.72,3980320.72
BTCUSDT,1787148900,2026-08-19 14:15:00+00:00,65376.0,65450.0,65293.5,65378.5,0.0,-620645.57,620645.57
BTCUSDT,1787149800,2026-08-19 14:30:00+00:00,65378.5,65499.9,65318.0,65430.5,0.0,-971514.72,971514.72
BTCUSDT,1787150700,2026-08-19 14:45:00+00:00,65430.6,65950.0,65418.7,65895.6,3405.07,-5280064.64,5283469.71
BTCUSDT,1787151600,2026-08-19 15:00:00+00:00,65895.5,66785.6,65863.2,66621.1,64139.16,-27725517.76,27789656.92
BTCUSDT,1787152500,2026-08-19 15:15:00+00:00,66621.2,70450.0,66544.4,68298.9,31229.01,-24742205.93,24773434.94
BTCUSDT,1787153400,2026-08-19 15:30:00+00:00,68298.9,68863.6,67737.5,68649.6,477953.5,-3710083.87,4188037.37
BTCUSDT,1787154300,2026-08-19 15:45:00+00:00,68649.5,68660.7,68203.9,68523.7,473113.26,-165839.88,638953.14
BTCUSDT,1787155200,2026-08-19 16:00:00+00:00,68523.6,68998.0,68500.0,68535.1,48660.81,-2310810.89,2359471.7
BTCUSDT,1787156100,2026-08-19 16:15:00+00:00,68535.0,68904.0,68535.0,68872.8,8433.2,-300860.33,309293.53
BTCUSDT,1787157000,2026-08-19 16:30:00+00:00,68872.8,68872.8,68531.0,68563.0,215462.6,-4537.92,220000.52
BTCUSDT,1787157900,2026-08-19 16:45:00+00:00,68563.0,68675.6,68373.0,68430.7,137720.41,-9545.41,147265.82
BTCUSDT,1787158800,2026-08-19 17:00:00+00:00,68430.7,68512.3,68171.2,68216.7,475010.47,-136.82,475147.29
BTCUSDT,1787159700,2026-08-19 17:15:00+00:00,68216.7,68291.2,67814.2,67984.2,996383.04,0.0,996383.04
BTCUSDT,1787160600,2026-08-19 17:30:00+00:00,67984.2,68046.4,67803.6,68030.0,44764.24,-286333.98,331098.22
BTCUSDT,1787161500,2026-08-19 17:45:00+00:00,68030.0,68250.0,68019.3,68170.6,0.0,-278444.71,278444.71
BTCUSDT,1787162400,2026-08-19 18:00:00+00:00,68170.5,68230.0,68010.2,68164.9,41898.65,-68.13,41966.78
BTCUSDT,1787163300,2026-08-19 18:15:00+00:00,68164.8,68298.5,68150.4,68249.3,0.0,-146783.5,146783.5
BTCUSDT,1787164200,2026-08-19 18:30:00+00:00,68249.2,68414.8,68196.9,68405.8,204.74,-381434.92,381639.66
BTCUSDT,1787165100,2026-08-19 18:45:00+00:00,68405.7,68430.1,68290.9,68360.7,0.0,-179589.7,179589.7
BTCUSDT,1787166000,2026-08-19 19:00:00+00:00,68360.8,68426.0,68070.4,68093.9,193133.83,-407516.23,600650.0599999999
BTCUSDT,1787166900,2026-08-19 19:15:00+00:00,68094.0,68369.9,68093.9,68152.8,7973.76,-227763.8,235737.56
BTCUSDT,1787167800,2026-08-19 19:30:00+00:00,68152.8,68379.8,68101.1,68370.0,3200.84,-1366.37,4567.21
BTCUSDT,1787168700,2026-08-19 19:45:00+00:00,68369.9,68460.4,68330.0,68404.1,0.0,-179813.55,179813.55
BTCUSDT,1787169600,2026-08-19 20:00:00+00:00,68404.1,68682.0,68356.9,68650.0,0.0,-1458079.5,1458079.5
BTCUSDT,1787170500,2026-08-19 20:15:00+00:00,68650.1,68784.1,68533.0,68673.4,32391.75,-1123705.71,1156097.46
BTCUSDT,1787171400,2026-08-19 20:30:00+00:00,68673.3,68772.4,68609.4,68641.2,0.0,-42508.59,42508.59
BTCUSDT,1787172300,2026-08-19 20:45:00+00:00,68641.2,69591.0,68580.9,69016.1,224337.8,-37951988.05,38176325.85
BTCUSDT,1787173200,2026-08-19 21:00:00+00:00,69016.0,69900.0,68946.7,69406.7,846695.74,-40944288.56,41790984.3
BTCUSDT,1787174100,2026-08-19 21:15:00+00:00,69406.8,69752.5,69228.2,69607.7,29386.78,-107599.26,136986.03999999998
BTCUSDT,1787175000,2026-08-19 21:30:00+00:00,69607.7,69800.0,69345.1,69647.6,523752.24,-354242.17,877994.4099999999
BTCUSDT,1787175900,2026-08-19 21:45:00+00:00,69647.8,70048.2,69462.5,69685.1,232104.31,-10135604.12,10367708.43
BTCUSDT,1787176800,2026-08-19 22:00:00+00:00,69685.2,69813.3,69266.0,69266.0,60499.58,0.0,60499.58
BTCUSDT,1787177700,2026-08-19 22:15:00+00:00,69266.1,69379.4,69118.0,69118.1,99371.5,-13783.54,113155.04
BTCUSDT,1787178600,2026-08-19 22:30:00+00:00,69118.0,69449.7,68950.3,69317.8,606276.89,-69231.81,675508.7
BTCUSDT,1787179500,2026-08-19 22:45:00+00:00,69317.8,69319.7,69076.3,69227.1,5116.13,-138.43,5254.56
BTCUSDT,1787180400,2026-08-19 23:00:00+00:00,69227.1,69384.5,69182.4,69320.3,6919.92,-12335.18,19255.1
BTCUSDT,1787181300,2026-08-19 23:15:00+00:00,69320.4,69439.6,69237.8,69350.5,0.0,-8815.77,8815.77
BTCUSDT,1787182200,2026-08-19 23:30:00+00:00,69350.5,69369.0,69214.6,69293.6,4291.43,-692.84,4984.27
BTCUSDT,1787183100,2026-08-19 23:45:00+00:00,69293.7,69320.3,69130.4,69310.0,3665.32,0.0,3665.32
BTCUSDT,1787184000,2026-08-20 00:00:00+00:00,69310.1,69646.1,69286.7,69544.4,0.0,-273096.87,273096.87
BTCUSDT,1787184900,2026-08-20 00:15:00+00:00,69544.5,69765.5,69525.9,69597.9,0.0,-249765.89,249765.89
BTCUSDT,1787185800,2026-08-20 00:30:00+00:00,69597.9,69672.9,69448.3,69541.9,98323.48,-41379.9,139703.38
BTCUSDT,1787186700,2026-08-20 00:45:00+00:00,69541.8,69692.8,69339.3,69389.1,5277.39,-1463.53,6740.92
BTCUSDT,1787187600,2026-08-20 01:00:00+00:00,69389.2,69488.9,69255.5,69344.1,167483.16,-15492.29,182975.45
BTCUSDT,1787188500,2026-08-20 01:15:00+00:00,69344.0,69418.9,69245.9,69304.2,1800.68,0.0,1800.68
BTCUSDT,1787189400,2026-08-20 01:30:00+00:00,69303.9,69616.0,69265.2,69611.4,3742.38,-79209.9,82952.28
BTCUSDT,1787190300,2026-08-20 01:45:00+00:00,69611.5,69867.9,69611.4,69691.4,0.0,-380246.97,380246.97
BTCUSDT,1787191200,2026-08-20 02:00:00+00:00,69691.5,69800.0,69554.0,69660.8,3131.84,0.0,3131.84
BTCUSDT,1787192100,2026-08-20 02:15:00+00:00,69660.7,69688.0,69459.1,69486.3,201560.13,0.0,201560.13
BTCUSDT,1787193000,2026-08-20 02:30:00+00:00,69486.2,69527.7,69295.4,69299.0,101888.62,-1111.63,103000.25
BTCUSDT,1787193900,2026-08-20 02:45:00+00:00,69299.1,69378.9,69247.5,69284.6,5611.1,0.0,5611.1
BTCUSDT,1787194800,2026-08-20 03:00:00+00:00,69284.6,69294.0,68882.1,68977.7,756567.36,0.0,756567.36
BTCUSDT,1787195700,2026-08-20 03:15:00+00:00,68977.6,69193.6,68930.5,68963.3,7104.31,-140416.53,147520.84
BTCUSDT,1787196600,2026-08-20 03:30:00+00:00,68963.3,69199.1,68963.2,69182.5,0.0,-7124.79,7124.79
BTCUSDT,1787197500,2026-08-20 03:45:00+00:00,69182.5,69342.5,69145.5,69183.5,0.0,-68022.47,68022.47
BTCUSDT,1787198400,2026-08-20 04:00:00+00:00,69183.5,69376.2,69155.0,69362.7,0.0,-6380.66,6380.66
BTCUSDT,1787199300,2026-08-20 04:15:00+00:00,69362.8,69415.8,69282.1,69353.4,0.0,-6938.6,6938.6
BTCUSDT,1787200200,2026-08-20 04:30:00+00:00,69353.4,69377.2,69218.5,69339.8,0.0,0.0,0.0
BTCUSDT,1787201100,2026-08-20 04:45:00+00:00,69339.8,69622.0,69339.8,69480.1,0.0,-200064.58,200064.58
BTCUSDT,1787202000,2026-08-20 05:00:00+00:00,69480.0,69550.0,69442.1,69455.7,0.0,0.0,0.0
BTCUSDT,1787202900,2026-08-20 05:15:00+00:00,69455.7,69657.7,69427.9,69570.9,0.0,-417.53,417.53
BTCUSDT,1787203800,2026-08-20 05:30:00+00:00,69570.8,69622.0,69510.1,69545.9,0.0,0.0,0.0
BTCUSDT,1787204700,2026-08-20 05:45:00+00:00,69545.9,69545.9,69350.0,69408.3,59758.52,0.0,59758.52
BTCUSDT,1787205600,2026-08-20 06:00:00+00:00,69408.4,69432.3,69350.0,69367.9,0.0,0.0,0.0
BTCUSDT,1787206500,2026-08-20 06:15:00+00:00,69367.8,69688.8,69330.3,69586.5,0.0,-411965.78,411965.78
BTCUSDT,1787207400,2026-08-20 06:30:00+00:00,69586.6,69777.0,69582.5,69761.1,0.0,-201750.61,201750.61
BTCUSDT,1787208300,2026-08-20 06:45:00+00:00,69761.2,69921.9,69756.0,69838.8,0.0,-361803.77,361803.77
BTCUSDT,1787209200,2026-08-20 07:00:00+00:00,69838.8,69999.0,69727.6,69766.2,0.0,-1032813.28,1032813.28
BTCUSDT,1787210100,2026-08-20 07:15:00+00:00,69766.2,69771.1,69585.6,69660.1,190991.98,-4953.75,195945.73
BTCUSDT,1787211000,2026-08-20 07:30:00+00:00,69660.1,69660.1,69482.0,69599.7,52906.69,-1877.76,54784.45
BTCUSDT,1787211900,2026-08-20 07:45:00+00:00,69599.7,69815.9,69550.7,69815.9,0.0,-56348.53,56348.53
BTCUSDT,1787212800,2026-08-20 08:00:00+00:00,69815.9,71377.0,69771.8,71287.9,3144.11,-44600304.08,44603448.19
BTCUSDT,1787213700,2026-08-20 08:15:00+00:00,71287.8,71580.0,71000.4,71326.2,351566.69,-4555102.45,4906669.140000001
BTCUSDT,1787214600,2026-08-20 08:30:00+00:00,71326.2,71687.2,71149.0,71481.4,31263.38,-263480.98,294744.36
BTCUSDT,1787215500,2026-08-20 08:45:00+00:00,71481.5,71799.6,71414.8,71560.6,357.82,-3890837.05,3891194.87
BTCUSDT,1787216400,2026-08-20 09:00:00+00:00,71560.5,71945.1,71449.3,71910.0,252556.9,-9479247.75,9731804.65
BTCUSDT,1787217300,2026-08-20 09:15:00+00:00,71910.0,72081.7,71723.8,71800.0,573.8,-947377.96,947951.76
BTCUSDT,1787218200,2026-08-20 09:30:00+00:00,71800.0,72049.0,71709.1,71971.7,285490.75,-182484.83,467975.58
BTCUSDT,1787219100,2026-08-20 09:45:00+00:00,71971.6,72012.7,71666.9,71781.2,90481.05,-1151.55,91632.6
BTCUSDT,1787220000,2026-08-20 10:00:00+00:00,71781.2,72194.7,71690.0,72122.2,0.0,-194644.94,194644.94
BTCUSDT,1787220900,2026-08-20 10:15:00+00:00,72122.3,72487.5,71931.5,72016.5,27491.61,-4466167.33,4493658.94
BTCUSDT,1787221800,2026-08-20 10:30:00+00:00,72016.5,72023.1,71735.8,71787.5,439077.66,-790.7,439868.36
BTCUSDT,1787222700,2026-08-20 10:45:00+00:00,71787.5,71978.2,71787.5,71978.2,0.0,-14454.39,14454.39
BTCUSDT,1787223600,2026-08-20 11:00:00+00:00,71978.1,72128.1,71807.0,71963.9,347373.02,-180949.21,528322.23
BTCUSDT,1787224500,2026-08-20 11:15:00+00:00,71963.8,72025.0,71842.8,71866.5,503.48,-575.78,1079.26
BTCUSDT,1787225400,2026-08-20 11:30:00+00:00,71866.5,72300.1,71833.0,72117.3,19597.0,-1350488.34,1370085.34
BTCUSDT,1787226300,2026-08-20 11:45:00+00:00,72117.3,72250.0,71783.5,71896.2,301435.47,-11915.68,313351.15
BTCUSDT,1787227200,2026-08-20 12:00:00+00:00,71896.2,71955.0,71466.0,71770.0,1385342.94,-70281.74,1455624.68
BTCUSDT,1787228100,2026-08-20 12:15:00+00:00,71770.1,71872.5,71660.5,71813.6,1936.3,-3589.49,5525.79
BTCUSDT,1787229000,2026-08-20 12:30:00+00:00,71813.6,71990.8,71626.2,71652.5,37850.84,-149476.61,187327.45
BTCUSDT,1787229900,2026-08-20 12:45:00+00:00,71652.6,71935.1,71435.6,71930.1,300406.14,-176416.44,476822.58
BTCUSDT,1787230800,2026-08-20 13:00:00+00:00,71930.1,72099.0,71862.4,72035.9,0.0,-282312.78,282312.78
BTCUSDT,1787231700,2026-08-20 13:15:00+00:00,72035.9,72035.9,71794.7,71930.1,5174.2,-7989.34,13163.54
BTCUSDT,1787232600,2026-08-20 13:30:00+00:00,71930.2,71934.3,71100.0,71643.4,2274757.85,-99449.38,2374207.23
BTCUSDT,1787233500,2026-08-20 13:45:00+00:00,71643.3,71831.1,71405.7,71663.7,247026.9,-417692.51,664719.41
BTCUSDT,1787234400,2026-08-20 14:00:00+00:00,71663.7,71967.7,71571.4,71790.0,787.6,-132529.19,133316.79
BTCUSDT,1787235300,2026-08-20 14:15:00+00:00,71790.1,71798.1,71309.4,71417.5,154092.9,-6220.48,160313.38
BTCUSDT,1787236200,2026-08-20 14:30:00+00:00,71417.4,71688.0,71376.6,71516.9,1143.74,-89304.53,90448.27
BTCUSDT,1787237100,2026-08-20 14:45:00+00:00,71516.8,71796.0,71377.9,71792.9,4428.88,-469262.09,473690.97
BTCUSDT,1787238000,2026-08-20 15:00:00+00:00,71793.0,72598.0,71760.1,72211.3,99453.73,-3530154.33,3629608.06
BTCUSDT,1787238900,2026-08-20 15:15:00+00:00,72211.3,72394.1,71937.7,72383.1,96196.19,-69811.85,166008.04
BTCUSDT,1787239800,2026-08-20 15:30:00+00:00,72383.1,72849.9,72129.9,72206.3,234291.62,-4475045.56,4709337.18
BTCUSDT,1787240700,2026-08-20 15:45:00+00:00,72206.2,72535.6,72128.7,72429.0,91382.65,-141267.63,232650.28
BTCUSDT,1787241600,2026-08-20 16:00:00+00:00,72429.1,72482.2,72225.0,72279.2,14824.51,-289.83,15114.34
BTCUSDT,1787242500,2026-08-20 16:15:00+00:00,72279.1,72388.7,72159.8,72377.4,324624.51,-433.9,325058.41000000003
BTCUSDT,1787243400,2026-08-20 16:30:00+00:00,72377.4,72669.6,72250.0,72590.9,2172.27,-149169.56,151341.83
BTCUSDT,1787244300,2026-08-20 16:45:00+00:00,72590.9,72887.9,72485.2,72805.9,2102.56,-96085.05,98187.61
BTCUSDT,1787245200,2026-08-20 17:00:00+00:00,72806.0,72843.0,72482.9,72658.6,13648.17,-334174.76,347822.93
BTCUSDT,1787246100,2026-08-20 17:15:00+00:00,72658.5,72819.8,72525.0,72766.1,72.62,-134513.88,134586.5
BTCUSDT,1787247000,2026-08-20 17:30:00+00:00,72766.1,72832.3,72628.6,72720.0,0.0,-47911.53,47911.53
BTCUSDT,1787247900,2026-08-20 17:45:00+00:00,72719.9,72945.3,72672.6,72694.6,72.7,-577407.59,577480.2899999999
BTCUSDT,1787248800,2026-08-20 18:00:00+00:00,72694.5,72780.0,72422.4,72580.0,622686.92,0.0,622686.92
BTCUSDT,1787249700,2026-08-20 18:15:00+00:00,72580.0,72708.7,72454.9,72648.2,40004.9,-10318.92,50323.82
BTCUSDT,1787250600,2026-08-20 18:30:00+00:00,72648.2,72664.5,72352.3,72469.7,94462.12,-72.39,94534.51
BTCUSDT,1787251500,2026-08-20 18:45:00+00:00,72469.7,72591.8,72380.0,72398.4,0.0,-362.88,362.88
BTCUSDT,1787252400,2026-08-20 19:00:00+00:00,72398.4,72480.5,72280.1,72450.0,70728.85,0.0,70728.85
BTCUSDT,1787253300,2026-08-20 19:15:00+00:00,72450.0,72600.0,72437.4,72565.4,0.0,-52034.55,52034.55
BTCUSDT,1787254200,2026-08-20 19:30:00+00:00,72565.4,72748.1,72505.9,72680.3,0.0,-65016.76,65016.76
BTCUSDT,1787255100,2026-08-20 19:45:00+00:00,72680.3,72725.2,72547.7,72649.7,0.0,-25080.98,25080.98
BTCUSDT,1787256000,2026-08-20 20:00:00+00:00,72649.8,72753.2,72592.0,72664.5,7487.59,0.0,7487.59
BTCUSDT,1787256900,2026-08-20 20:15:00+00:00,72664.5,72887.4,72591.3,72794.9,0.0,-49152.86,49152.86
BTCUSDT,1787257800,2026-08-20 20:30:00+00:00,72795.0,73106.9,72667.2,72731.1,166368.08,-1469594.37,1635962.4500000002
BTCUSDT,1787258700,2026-08-20 20:45:00+00:00,72731.5,72748.1,72554.0,72638.5,79305.75,-16871.07,96176.82
BTCUSDT,1787259600,2026-08-20 21:00:00+00:00,72638.5,72665.8,72514.8,72662.5,8484.78,-16478.55,24963.33
BTCUSDT,1787260500,2026-08-20 21:15:00+00:00,72662.6,72819.2,72601.0,72623.8,1888.22,-311907.87,313796.09
BTCUSDT,1787261400,2026-08-20 21:30:00+00:00,72623.8,72798.9,72623.7,72708.7,0.0,-5090.53,5090.53
BTCUSDT,1787262300,2026-08-20 21:45:00+00:00,72708.8,72744.2,72671.0,72706.9,0.0,-72.72,72.72
BTCUSDT,1787263200,2026-08-20 22:00:00+00:00,72706.9,72721.9,72458.7,72571.5,211361.28,-6025.25,217386.53
BTCUSDT,1787264100,2026-08-20 22:15:00+00:00,72571.4,72800.0,72520.0,72759.0,24210.86,-23787.97,47998.83
BTCUSDT,1787265000,2026-08-20 22:30:00+00:00,72758.9,72773.6,72642.0,72657.1,509.41,0.0,509.41
BTCUSDT,1787265900,2026-08-20 22:45:00+00:00,72657.1,72854.3,72639.1,72648.5,0.0,-3496.07,3496.07
BTCUSDT,1787266800,2026-08-20 23:00:00+00:00,72648.4,72908.9,72625.0,72902.2,0.0,-47944.81,47944.81
BTCUSDT,1787267700,2026-08-20 23:15:00+00:00,72902.1,73399.7,72863.9,73185.3,877.47,-5147687.27,5148564.739999999
BTCUSDT,1787268600,2026-08-20 23:30:00+00:00,73185.3,73369.1,73043.0,73079.1,6358.48,-60296.21,66654.69
BTCUSDT,1787269500,2026-08-20 23:45:00+00:00,73079.0,73126.4,72945.2,72998.7,16791.63,0.0,16791.63
BTCUSDT,1787270400,2026-08-21 00:00:00+00:00,72998.8,73479.0,72992.4,73460.2,219.79,-9473129.21,9473349.0
BTCUSDT,1787271300,2026-08-21 00:15:00+00:00,73460.3,73874.0,73311.6,73694.5,134309.68,-27435340.72,27569650.4
BTCUSDT,1787272200,2026-08-21 00:30:00+00:00,73694.6,73985.8,73494.8,73665.1,421471.26,-3483335.51,3904806.77
BTCUSDT,1787273100,2026-08-21 00:45:00+00:00,73665.2,73828.6,73550.1,73682.1,40907.43,-183047.39,223954.82
BTCUSDT,1787274000,2026-08-21 01:00:00+00:00,73682.1,73973.8,73635.1,73958.9,2435.72,-1095811.39,1098247.11
BTCUSDT,1787274900,2026-08-21 01:15:00+00:00,73959.0,74880.0,73921.0,74700.1,228227.15,-29723987.9,29952215.05
BTCUSDT,1787275800,2026-08-21 01:30:00+00:00,74700.0,75025.8,74513.9,74710.9,23960.79,-5529445.94,5553406.73
BTCUSDT,1787276700,2026-08-21 01:45:00+00:00,74711.1,75767.5,74675.3,75103.3,554003.91,-24077294.6,24631298.51
BTCUSDT,1787277600,2026-08-21 02:00:00+00:00,75103.2,75175.0,74647.7,74850.0,1188270.59,-186167.96,1374438.55
BTCUSDT,1787278500,2026-08-21 02:15:00+00:00,74850.1,74969.3,74625.9,74946.1,118453.35,-128398.73,246852.08
BTCUSDT,1787279400,2026-08-21 02:30:00+00:00,74946.0,75076.0,74539.8,74692.5,661147.07,-145716.09,806863.1599999999
BTCUSDT,1787280300,2026-08-21 02:45:00+00:00,74692.8,74700.0,74347.0,74410.6,721962.02,0.0,721962.02
BTCUSDT,1787281200,2026-08-21 03:00:00+00:00,74410.7,74471.8,74214.4,74419.9,253618.81,-164449.31,418068.12
BTCUSDT,1787282100,2026-08-21 03:15:00+00:00,74419.9,74610.6,74280.0,74570.6,0.0,-116476.12,116476.12
BTCUSDT,1787283000,2026-08-21 03:30:00+00:00,74570.6,74700.0,74401.3,74636.0,9973.41,-194152.85,204126.26
BTCUSDT,1787283900,2026-08-21 03:45:00+00:00,74635.9,74847.3,74459.1,74482.9,8284.07,-31331.01,39615.08
BTCUSDT,1787284800,2026-08-21 04:00:00+00:00,74482.8,74875.0,74482.8,74835.0,0.0,-103556.71,103556.71
BTCUSDT,1787285700,2026-08-21 04:15:00+00:00,74834.9,74924.4,74744.4,74779.9,0.0,-38943.88,38943.88
BTCUSDT,1787286600,2026-08-21 04:30:00+00:00,74779.8,74961.6,74744.4,74918.8,6740.63,-14990.68,21731.31
BTCUSDT,1787287500,2026-08-21 04:45:00+00:00,74918.9,75000.0,74883.1,74990.3,0.0,-84211.5,84211.5
BTCUSDT,1787288400,2026-08-21 05:00:00+00:00,74990.4,75334.8,74871.6,75280.4,2098.65,-405736.98,407835.63
BTCUSDT,1787289300,2026-08-21 05:15:00+00:00,75280.4,75472.0,75021.5,75166.4,2257.95,-1338573.07,1340831.02
BTCUSDT,1787290200,2026-08-21 05:30:00+00:00,75166.3,75358.2,75059.2,75250.2,0.0,-28378.18,28378.18
BTCUSDT,1787291100,2026-08-21 05:45:00+00:00,75250.2,75433.8,75179.2,75433.0,0.0,-106773.94,106773.94
BTCUSDT,1787292000,2026-08-21 06:00:00+00:00,75433.1,75498.3,75233.9,75255.8,25200.27,-200271.71,225471.98
BTCUSDT,1787292900,2026-08-21 06:15:00+00:00,75255.8,75487.6,75066.0,75304.5,624642.67,-5278.53,629921.2000000001
BTCUSDT,1787293800,2026-08-21 06:30:00+00:00,75304.4,75720.8,75280.0,75353.3,831.46,-1175467.09,1176298.55
BTCUSDT,1787294700,2026-08-21 06:45:00+00:00,75353.4,75618.3,75252.8,75613.3,376.31,-210333.88,210710.19
BTCUSDT,1787295600,2026-08-21 07:00:00+00:00,75613.3,75998.8,75577.0,75935.2,75.63,-5570287.12,5570362.75
BTCUSDT,1787296500,2026-08-21 07:15:00+00:00,75935.2,76900.0,75900.8,76375.2,413765.89,-32229381.03,32643146.92
BTCUSDT,1787297400,2026-08-21 07:30:00+00:00,76375.2,76779.7,76257.0,76570.2,149412.88,-58554.7,207967.58
BTCUSDT,1787298300,2026-08-21 07:45:00+00:00,76570.3,76619.6,76205.3,76310.4,204828.5,-25338.51,230167.01
BTCUSDT,1787299200,2026-08-21 08:00:00+00:00,76310.3,77200.0,76253.2,76883.7,15298.23,-780999.98,796298.21
BTCUSDT,1787300100,2026-08-21 08:15:00+00:00,76883.6,77450.0,76835.7,77217.6,121292.11,-2384916.37,2506208.48
BTCUSDT,1787301000,2026-08-21 08:30:00+00:00,77217.5,77799.9,77150.0,77637.3,170283.02,-4257392.24,4427675.26
BTCUSDT,1787301900,2026-08-21 08:45:00+00:00,77637.4,79555.5,77559.1,79269.0,75158.82,-18631293.26,18706452.08
BTCUSDT,1787302800,2026-08-21 09:00:00+00:00,79268.9,79372.8,77255.0,77876.0,9153965.66,-1506584.13,10660549.79
BTCUSDT,1787303700,2026-08-21 09:15:00+00:00,77875.9,77954.9,77451.2,77709.6,926069.39,-473114.56,1399183.95
BTCUSDT,1787304600,2026-08-21 09:30:00+00:00,77709.6,78366.0,77610.1,78180.6,168779.11,-107764.29,276543.4
BTCUSDT,1787305500,2026-08-21 09:45:00+00:00,78180.5,78366.1,77550.0,77900.6,285845.55,-99741.61,385587.16
BTCUSDT,1787306400,2026-08-21 10:00:00+00:00,77900.5,78115.5,77600.9,78031.2,27170.05,-233.67,27403.72
BTCUSDT,1787307300,2026-08-21 10:15:00+00:00,78031.1,78243.5,77650.0,77913.4,28703.23,-104351.36,133054.59
BTCUSDT,1787308200,2026-08-21 10:30:00+00:00,77913.5,77958.0,77608.2,77829.7,12733.35,-6314.3,19047.65
BTCUSDT,1787309100,2026-08-21 10:45:00+00:00,77829.7,77995.5,77724.1,77803.3,24646.81,-118032.81,142679.62
BTCUSDT,1787310000,2026-08-21 11:00:00+00:00,77803.2,77858.0,77317.9,77546.1,35633.33,-15167.13,50800.46
BTCUSDT,1787310900,2026-08-21 11:15:00+00:00,77546.2,77677.0,77213.8,77419.6,144879.86,-32743.52,177623.37999999998
BTCUSDT,1787311800,2026-08-21 11:30:00+00:00,77419.6,77445.8,76393.1,76837.6,8316402.98,-386842.34,8703245.32
BTCUSDT,1787312700,2026-08-21 11:45:00+00:00,76837.6,77043.9,76593.2,76749.0,559050.57,-130085.8,689136.37
BTCUSDT,1787313600,2026-08-21 12:00:00+00:00,76748.9,77021.3,76537.8,76938.9,46031.62,-42983.54,89015.16
BTCUSDT,1787314500,2026-08-21 12:15:00+00:00,76938.8,76938.9,76658.1,76697.9,43913.96,-6067.7,49981.66
BTCUSDT,1787315400,2026-08-21 12:30:00+00:00,76697.9,77443.6,76637.0,77423.9,10041.45,-977529.33,987570.78
BTCUSDT,1787316300,2026-08-21 12:45:00+00:00,77423.8,77487.2,77100.0,77228.1,186368.74,-196882.08,383250.82
BTCUSDT,1787317200,2026-08-21 13:00:00+00:00,77228.1,77399.6,77031.2,77195.5,1464.95,-236568.71,238033.66
BTCUSDT,1787318100,2026-08-21 13:15:00+00:00,77195.4,77221.7,76836.1,77096.5,520085.25,0.0,520085.25
BTCUSDT,1787319000,2026-08-21 13:30:00+00:00,77096.6,77333.0,76237.0,77299.9,2044023.64,-134767.86,2178791.5
BTCUSDT,1787319900,2026-08-21 13:45:00+00:00,77299.9,77721.9,77116.6,77244.3,571444.81,-996505.12,1567949.9300000002
BTCUSDT,1787320800,2026-08-21 14:00:00+00:00,77244.4,77251.2,76679.9,76759.7,830219.32,-38305.61,868524.9299999999
BTCUSDT,1787321700,2026-08-21 14:15:00+00:00,76759.7,77203.6,76538.9,77060.1,764344.57,-40172.13,804516.7
BTCUSDT,1787322600,2026-08-21 14:30:00+00:00,77060.0,77239.0,76850.1,77148.7,47456.29,-38296.34,85752.63
BTCUSDT,1787323500,2026-08-21 14:45:00+00:00,77148.6,77450.0,77124.5,77387.7,0.0,-136729.15,136729.15
BTCUSDT,1787324400,2026-08-21 15:00:00+00:00,77387.7,77798.8,77320.9,77700.5,8769.51,-736366.61,745136.12
BTCUSDT,1787325300,2026-08-21 15:15:00+00:00,77700.5,77871.6,77508.2,77603.9,201668.07,-393868.33,595536.4
BTCUSDT,1787326200,2026-08-21 15:30:00+00:00,77603.8,77744.4,77464.6,77498.2,28593.28,-6671.67,35264.95
BTCUSDT,1787327100,2026-08-21 15:45:00+00:00,77498.1,77543.8,77157.3,77219.8,268371.25,-1006.26,269377.51
BTCUSDT,1787328000,2026-08-21 16:00:00+00:00,77219.7,77315.9,76841.9,76846.3,960639.13,-5554.95,966194.08
BTCUSDT,1787328900,2026-08-21 16:15:00+00:00,76846.2,77379.5,76757.0,77379.5,94024.35,-24214.14,118238.49
BTCUSDT,1787329800,2026-08-21 16:30:00+00:00,77379.5,77412.6,77220.8,77346.6,0.0,-1856.09,1856.09
BTCUSDT,1787330700,2026-08-21 16:45:00+00:00,77346.5,77549.0,77300.2,77462.3,5115.1,-197050.11,202165.21
BTCUSDT,1787331600,2026-08-21 17:00:00+00:00,77462.3,77711.1,77441.6,77546.9,77.62,-193299.79,193377.41
BTCUSDT,1787332500,2026-08-21 17:15:00+00:00,77547.0,77550.0,77162.8,77550.0,641161.43,-35708.03,676869.4600000001
BTCUSDT,1787333400,2026-08-21 17:30:00+00:00,77550.0,77641.4,77304.8,77370.7,0.0,-6672.99,6672.99
BTCUSDT,1787334300,2026-08-21 17:45:00+00:00,77370.8,77505.8,77293.9,77381.8,56054.75,-7515.2,63569.95
BTCUSDT,1787335200,2026-08-21 18:00:00+00:00,77381.7,77543.8,77256.0,77304.2,22717.78,-2323.01,25040.79
BTCUSDT,1787336100,2026-08-21 18:15:00+00:00,77304.2,77489.0,77238.2,77372.8,11201.54,-321889.02,333090.56
BTCUSDT,1787337000,2026-08-21 18:30:00+00:00,77372.9,77435.0,76825.9,76920.6,2018006.13,0.0,2018006.13
BTCUSDT,1787337900,2026-08-21 18:45:00+00:00,76920.6,77115.5,76576.4,77115.4,878839.76,-167071.19,1045910.95
BTCUSDT,1787338800,2026-08-21 19:00:00+00:00,77115.4,77157.2,76817.6,77109.2,12918.53,-101765.67,114684.2
BTCUSDT,1787339700,2026-08-21 19:15:00+00:00,77109.2,77308.3,76934.2,77288.5,9388.1,-103524.17,112912.27
BTCUSDT,1787340600,2026-08-21 19:30:00+00:00,77288.4,77328.6,77058.5,77143.2,8708.86,-46314.16,55023.02
BTCUSDT,1787341500,2026-08-21 19:45:00+00:00,77143.1,77215.0,76974.9,76995.4,88007.43,-154.35,88161.78
BTCUSDT,1787342400,2026-08-21 20:00:00+00:00,76995.4,77273.3,76815.6,77243.1,276988.21,-125488.6,402476.81000000006
BTCUSDT,1787343300,2026-08-21 20:15:00+00:00,77243.0,77500.0,77243.0,77456.8,14323.29,-628035.49,642358.78
BTCUSDT,1787344200,2026-08-21 20:30:00+00:00,77456.7,77500.0,77310.3,77439.0,0.0,0.0,0.0
BTCUSDT,1787345100,2026-08-21 20:45:00+00:00,77439.0,77517.4,77275.6,77480.0,4714.17,0.0,4714.17
BTCUSDT,1787346000,2026-08-21 21:00:00+00:00,77480.0,77786.8,77345.9,77650.3,4582.24,-2586164.17,2590746.41
BTCUSDT,1787346900,2026-08-21 21:15:00+00:00,77650.2,78185.5,77549.4,78074.2,21023.6,-2707362.89,2728386.49
BTCUSDT,1787347800,2026-08-21 21:30:00+00:00,78074.1,78487.6,77945.2,78220.3,151473.14,-5705225.19,5856698.33
BTCUSDT,1787348700,2026-08-21 21:45:00+00:00,78220.2,78666.0,78192.4,78491.5,19181.44,-2503536.37,2522717.81
BTCUSDT,1787349600,2026-08-21 22:00:00+00:00,78491.4,78748.8,78150.0,78740.0,174392.53,-1587501.49,1761894.02
BTCUSDT,1787350500,2026-08-21 22:15:00+00:00,78739.9,78740.0,78315.3,78485.7,117911.1,-28766.21,146677.31
BTCUSDT,1787351400,2026-08-21 22:30:00+00:00,78485.8,78561.7,78061.6,78491.7,139587.45,-941.72,140529.17
BTCUSDT,1787352300,2026-08-21 22:45:00+00:00,78491.5,78612.6,78215.3,78436.8,47989.64,-57802.39,105792.03
BTCUSDT,1787353200,2026-08-21 23:00:00+00:00,78436.8,78600.0,78308.9,78520.1,1019.21,-34257.48,35276.69
BTCUSDT,1787354100,2026-08-21 23:15:00+00:00,78520.0,78705.8,78330.6,78383.8,629.05,-229924.68,230553.73
BTCUSDT,1787355000,2026-08-21 23:30:00+00:00,78383.7,78489.6,78100.0,78353.4,178563.86,-19271.0,197834.86
BTCUSDT,1787355900,2026-08-21 23:45:00+00:00,78353.4,78383.7,78093.3,78309.1,7891.48,-5950.51,13841.99
BTCUSDT,1787356800,2026-08-22 00:00:00+00:00,78309.1,78486.6,77707.3,77888.6,908682.85,-52473.09,961155.94
BTCUSDT,1787357700,2026-08-22 00:15:00+00:00,77888.6,78083.5,77833.1,77898.7,234.0,-5931.63,6165.63
BTCUSDT,1787358600,2026-08-22 00:30:00+00:00,77898.7,78032.1,77728.1,77812.0,15963.51,-6003.92,21967.43
BTCUSDT,1787359500,2026-08-22 00:45:00+00:00,77812.0,77963.6,77649.7,77921.6,22916.78,-209482.0,232398.78
BTCUSDT,1787360400,2026-08-22 01:00:00+00:00,77921.6,78188.0,77879.6,78076.8,78.08,-49828.42,49906.5
BTCUSDT,1787361300,2026-08-22 01:15:00+00:00,78076.9,78149.8,77862.6,77991.5,6543.14,-91395.67,97938.81
BTCUSDT,1787362200,2026-08-22 01:30:00+00:00,77991.5,78223.1,77855.3,77891.8,0.0,-57974.21,57974.21
BTCUSDT,1787363100,2026-08-22 01:45:00+00:00,77891.8,77988.3,77780.9,77807.7,4514.21,-30746.52,35260.73
BTCUSDT,1787364000,2026-08-22 02:00:00+00:00,77807.6,78094.7,77763.0,78029.5,45339.82,-157253.84,202593.66
BTCUSDT,1787364900,2026-08-22 02:15:00+00:00,78029.6,78472.5,78012.5,78358.1,0.0,-8440.62,8440.62
BTCUSDT,1787365800,2026-08-22 02:30:00+00:00,78358.2,78494.9,78134.1,78489.9,51261.66,-133344.54,184606.2
BTCUSDT,1787366700,2026-08-22 02:45:00+00:00,78490.0,78549.9,78288.5,78467.9,156.69,-135412.32,135569.01
BTCUSDT,1787367600,2026-08-22 03:00:00+00:00,78467.9,78690.4,78350.0,78378.1,0.0,-490052.78,490052.78
BTCUSDT,1787368500,2026-08-22 03:15:00+00:00,78378.0,78783.6,78344.3,78746.7,0.0,-208522.15,208522.15
BTCUSDT,1787369400,2026-08-22 03:30:00+00:00,78746.6,78831.8,78531.0,78630.5,314.81,-310134.49,310449.3
BTCUSDT,1787370300,2026-08-22 03:45:00+00:00,78630.5,78676.9,78365.2,78395.0,5343.32,-96024.33,101367.65
BTCUSDT,1787371200,2026-08-22 04:00:00+00:00,78395.0,78456.5,78222.1,78384.3,68120.55,-1333.1,69453.65000000001
BTCUSDT,1787372100,2026-08-22 04:15:00+00:00,78384.3,78580.0,78183.1,78576.4,44493.51,-187955.47,232448.98
BTCUSDT,1787373000,2026-08-22 04:30:00+00:00,78576.5,78815.2,78502.6,78645.1,15870.91,-1270622.07,1286492.98
BTCUSDT,1787373900,2026-08-22 04:45:00+00:00,78645.0,78681.6,78444.4,78453.3,10998.17,-3154151.78,3165149.95
BTCUSDT,1787374800,2026-08-22 05:00:00+00:00,78453.2,78589.9,76510.0,77310.9,1732707.7,-135149.92,1867857.62
BTCUSDT,1787375700,2026-08-22 05:15:00+00:00,77310.9,77528.4,76728.1,77297.1,1878442.14,-488107.42,2366549.56
BTCUSDT,1787376600,2026-08-22 05:30:00+00:00,77297.0,77571.0,76900.4,77176.1,775611.4,-164071.11,939682.51
BTCUSDT,1787377500,2026-08-22 05:45:00+00:00,77176.0,77497.8,77053.8,77371.6,77.27,-241647.42,241724.69
BTCUSDT,1787378400,2026-08-22 06:00:00+00:00,77371.5,77438.0,77139.0,77162.4,153399.8,-298835.93,452235.73
BTCUSDT,1787379300,2026-08-22 06:15:00+00:00,77162.4,77388.0,77162.4,77234.3,77.27,-2553.09,2630.36
BTCUSDT,1787380200,2026-08-22 06:30:00+00:00,77234.3,77564.1,76963.5,77384.4,162507.91,-377310.71,539818.62
BTCUSDT,1787381100,2026-08-22 06:45:00+00:00,77384.3,77539.3,77369.1,77476.6,0.0,-232.49,232.49
BTCUSDT,1787382000,2026-08-22 07:00:00+00:00,77476.6,77675.0,77253.5,77365.3,83759.45,-413712.31,497471.76
BTCUSDT,1787382900,2026-08-22 07:15:00+00:00,77365.3,77482.3,77201.4,77471.1,22935.1,-41880.9,64816.0
BTCUSDT,1787383800,2026-08-22 07:30:00+00:00,77471.1,77497.0,77285.6,77402.3,0.0,-1703.61,1703.61
BTCUSDT,1787384700,2026-08-22 07:45:00+00:00,77402.4,77430.3,77258.6,77286.7,1777.84,-463.7,2241.54
BTCUSDT,1787385600,2026-08-22 08:00:00+00:00,77286.8,77420.4,77177.0,77414.1,66943.73,-2935.44,69879.17
BTCUSDT,1787386500,2026-08-22 08:15:00+00:00,77414.0,77430.0,77086.1,77204.8,154.64,-5729.75,5884.39
BTCUSDT,1787387400,2026-08-22 08:30:00+00:00,77204.9,77317.5,77012.9,77275.6,595981.92,-16379.05,612360.9700000001
BTCUSDT,1787388300,2026-08-22 08:45:00+00:00,77275.7,77275.7,77088.2,77193.5,0.0,0.0,0.0
BTCUSDT,1787389200,2026-08-22 09:00:00+00:00,77193.5,77355.5,77031.0,77355.4,10326.85,-1851.7,12178.55
BTCUSDT,1787390100,2026-08-22 09:15:00+00:00,77355.5,77385.0,77145.0,77189.4,0.0,-4254.28,4254.28
BTCUSDT,1787391000,2026-08-22 09:30:00+00:00,77189.4,77239.5,77133.0,77185.7,7638.51,0.0,7638.51
BTCUSDT,1787391900,2026-08-22 09:45:00+00:00,77185.6,77185.6,76816.4,77047.5,995138.43,0.0,995138.43
BTCUSDT,1787392800,2026-08-22 10:00:00+00:00,77047.6,77059.5,76663.8,76703.0,752085.98,0.0,752085.98
BTCUSDT,1787393700,2026-08-22 10:15:00+00:00,76702.9,76957.2,76512.9,76939.0,3958827.01,-153.43,3958980.44
BTCUSDT,1787394600,2026-08-22 10:30:00+00:00,76939.5,77176.6,76861.8,77169.5,0.0,-319202.05,319202.05
BTCUSDT,1787395500,2026-08-22 10:45:00+00:00,77169.5,77194.8,76900.0,76975.7,6620.46,-22460.02,29080.48
BTCUSDT,1787396400,2026-08-22 11:00:00+00:00,76975.7,77079.0,76821.8,76861.8,17906.11,-4932.17,22838.28
BTCUSDT,1787397300,2026-08-22 11:15:00+00:00,76861.8,77009.7,76815.6,76991.8,0.0,0.0,0.0
BTCUSDT,1787398200,2026-08-22 11:30:00+00:00,76991.8,77198.9,76950.2,77182.7,0.0,-50959.7,50959.7
BTCUSDT,1787399100,2026-08-22 11:45:00+00:00,77182.8,77224.9,77070.0,77137.9,0.0,-8725.24,8725.24
BTCUSDT,1787400000,2026-08-22 12:00:00+00:00,77137.9,77297.8,77081.7,77243.6,2852.03,-177615.66,180467.69
BTCUSDT,1787400900,2026-08-22 12:15:00+00:00,77243.6,77347.9,77201.0,77329.9,77.33,-270068.63,270145.96
BTCUSDT,1787401800,2026-08-22 12:30:00+00:00,77329.8,77350.0,77205.0,77343.9,463.71,-232.03,695.74
BTCUSDT,1787402700,2026-08-22 12:45:00+00:00,77343.8,77390.0,77244.6,77295.6,0.0,-8896.97,8896.97
BTCUSDT,1787403600,2026-08-22 13:00:00+00:00,77295.6,77318.2,77183.0,77222.6,772.57,0.0,772.57
BTCUSDT,1787404500,2026-08-22 13:15:00+00:00,77222.6,77258.6,77117.1,77175.4,11414.39,0.0,11414.39
BTCUSDT,1787405400,2026-08-22 13:30:00+00:00,77175.4,77206.7,77104.7,77165.9,0.0,0.0,0.0
BTCUSDT,1787406300,2026-08-22 13:45:00+00:00,77165.9,77381.1,77149.4,77290.6,0.0,-77.24,77.24
BTCUSDT,1787407200,2026-08-22 14:00:00+00:00,77290.6,77322.0,76959.4,77040.8,302934.97,0.0,302934.97
BTCUSDT,1787408100,2026-08-22 14:15:00+00:00,77040.8,77107.8,76970.0,77107.7,7235.94,0.0,7235.94
BTCUSDT,1787409000,2026-08-22 14:30:00+00:00,77107.8,77175.0,76961.5,76970.1,34332.36,0.0,34332.36
BTCUSDT,1787409900,2026-08-22 14:45:00+00:00,76970.2,77093.9,76936.1,77018.6,30016.68,0.0,30016.68
BTCUSDT,1787410800,2026-08-22 15:00:00+00:00,77018.6,77100.0,76951.0,76951.0,8466.78,0.0,8466.78
BTCUSDT,1787411700,2026-08-22 15:15:00+00:00,76951.1,77044.1,76888.0,76993.9,60215.06,0.0,60215.06
BTCUSDT,1787412600,2026-08-22 15:30:00+00:00,76993.9,77118.3,76993.9,77067.1,0.0,-14883.23,14883.23
BTCUSDT,1787413500,2026-08-22 15:45:00+00:00,77067.1,77112.8,76923.0,76995.6,3154.21,0.0,3154.21
BTCUSDT,1787414400,2026-08-22 16:00:00+00:00,76995.6,77087.8,76969.4,77069.0,76.99,-1000.87,1077.86
BTCUSDT,1787415300,2026-08-22 16:15:00+00:00,77069.1,77266.9,77057.1,77209.0,0.0,-562137.75,562137.75
BTCUSDT,1787416200,2026-08-22 16:30:00+00:00,77209.0,77499.5,77193.5,77405.6,0.0,-482966.07,482966.07
BTCUSDT,1787417100,2026-08-22 16:45:00+00:00,77405.6,77590.6,77293.4,77299.0,77.44,-247898.75,247976.19
BTCUSDT,1787418000,2026-08-22 17:00:00+00:00,77299.1,77350.0,77256.1,77293.6,12595.97,-5333.68,17929.65
BTCUSDT,1787418900,2026-08-22 17:15:00+00:00,77293.6,77368.4,77081.1,77103.8,427699.35,-1560240.37,1987939.72
BTCUSDT,1787419800,2026-08-22 17:30:00+00:00,77103.8,77241.2,77103.8,77235.1,0.0,-1157.84,1157.84
BTCUSDT,1787420700,2026-08-22 17:45:00+00:00,77235.1,77394.9,77235.0,77289.2,0.0,-56932.66,56932.66
BTCUSDT,1787421600,2026-08-22 18:00:00+00:00,77289.1,77370.9,77225.0,77253.7,2625.87,0.0,2625.87
BTCUSDT,1787422500,2026-08-22 18:15:00+00:00,77253.7,77363.8,77253.6,77308.6,0.0,-2706.22,2706.22
BTCUSDT,1787423400,2026-08-22 18:30:00+00:00,77308.7,77340.0,77234.5,77234.6,77.32,0.0,77.32
BTCUSDT,1787424300,2026-08-22 18:45:00+00:00,77234.6,77276.5,77139.8,77276.5,8648.1,-1003.73,9651.83
BTCUSDT,1787425200,2026-08-22 19:00:00+00:00,77276.5,77350.0,77209.4,77334.7,0.0,-3866.94,3866.94
BTCUSDT,1787426100,2026-08-22 19:15:00+00:00,77334.7,77350.0,77256.4,77295.1,5799.38,-928.02,6727.4
BTCUSDT,1787427000,2026-08-22 19:30:00+00:00,77295.2,77440.0,77293.3,77440.0,0.0,-24776.41,24776.41
BTCUSDT,1787427900,2026-08-22 19:45:00+00:00,77439.9,77484.3,77415.4,77422.4,2479.31,-130307.54,132786.85
BTCUSDT,1787428800,2026-08-22 20:00:00+00:00,77422.3,77498.0,77367.7,77419.4,154.83,-32216.39,32371.22
BTCUSDT,1787429700,2026-08-22 20:15:00+00:00,77419.4,77438.3,77296.4,77304.8,309.22,-32906.52,33215.74
BTCUSDT,1787430600,2026-08-22 20:30:00+00:00,77304.8,77427.6,77267.6,77374.1,4643.48,-100771.35,105414.83
BTCUSDT,1787431500,2026-08-22 20:45:00+00:00,77374.1,77393.4,77275.1,77330.3,0.0,-773.55,773.55
BTCUSDT,1787432400,2026-08-22 21:00:00+00:00,77330.3,77330.3,77028.6,77054.2,238692.54,0.0,238692.54
BTCUSDT,1787433300,2026-08-22 21:15:00+00:00,77054.2,77219.4,77054.2,77187.1,539.38,-1002.72,1542.1
BTCUSDT,1787434200,2026-08-22 21:30:00+00:00,77187.2,77215.0,76922.1,77040.5,48670.19,-38972.93,87643.12
BTCUSDT,1787435100,2026-08-22 21:45:00+00:00,77040.5,77040.5,76818.1,76862.8,12617.62,-74882.18,87499.79999999999
BTCUSDT,1787436000,2026-08-22 22:00:00+00:00,76862.8,77173.0,76772.0,77108.9,388066.41,-106729.47,494795.88
BTCUSDT,1787436900,2026-08-22 22:15:00+00:00,77109.0,77166.6,77043.7,77056.8,0.0,-1773.39,1773.39
BTCUSDT,1787437800,2026-08-22 22:30:00+00:00,77056.9,77078.4,76833.9,77054.5,2230.41,-7703.2,9933.61
BTCUSDT,1787438700,2026-08-22 22:45:00+00:00,77054.6,77157.8,76961.4,77000.8,0.0,-2622.64,2622.64
BTCUSDT,1787439600,2026-08-22 23:00:00+00:00,77000.9,77094.4,76940.9,76989.9,154.1,0.0,154.1
BTCUSDT,1787440500,2026-08-22 23:15:00+00:00,76989.9,77034.6,76951.0,76956.4,0.0,0.0,0.0
BTCUSDT,1787441400,2026-08-22 23:30:00+00:00,76956.4,77048.2,76905.3,77024.6,0.0,0.0,0.0
BTCUSDT,1787442300,2026-08-22 23:45:00+00:00,77024.3,77146.1,77015.2,77084.5,0.0,-11721.83,11721.83
BTCUSDT,1787443200,2026-08-23 00:00:00+00:00,77084.5,77157.9,77058.9,77091.3,0.0,0.0,0.0
BTCUSDT,1787444100,2026-08-23 00:15:00+00:00,77091.2,77268.1,77059.9,77237.9,231.32,0.0,231.32
BTCUSDT,1787445000,2026-08-23 00:30:00+00:00,77237.9,77377.4,77230.3,77288.9,0.0,-156764.85,156764.85
BTCUSDT,1787445900,2026-08-23 00:45:00+00:00,77288.9,77363.0,77261.4,77308.0,31310.83,-27848.77,59159.600000000006
BTCUSDT,1787446800,2026-08-23 01:00:00+00:00,77308.1,77423.8,77175.6,77423.8,154.44,-95380.3,95534.74
BTCUSDT,1787447700,2026-08-23 01:15:00+00:00,77423.7,77423.8,77268.0,77282.3,0.0,0.0,0.0
BTCUSDT,1787448600,2026-08-23 01:30:00+00:00,77282.3,77333.0,77173.9,77262.8,0.0,0.0,0.0
BTCUSDT,1787449500,2026-08-23 01:45:00+00:00,77262.7,77344.0,77169.5,77202.1,0.0,-10124.13,10124.13
BTCUSDT,1787450400,2026-08-23 02:00:00+00:00,77202.1,77227.6,77060.0,77063.8,109348.9,0.0,109348.9
BTCUSDT,1787451300,2026-08-23 02:15:00+00:00,77063.8,77148.4,77015.8,77126.7,37749.15,-77.02,37826.17
BTCUSDT,1787452200,2026-08-23 02:30:00+00:00,77126.7,77220.0,77123.3,77189.1,0.0,0.0,0.0
BTCUSDT,1787453100,2026-08-23 02:45:00+00:00,77189.1,77224.2,77072.1,77080.6,0.0,0.0,0.0
BTCUSDT,1787454000,2026-08-23 03:00:00+00:00,77080.6,77128.6,77017.0,77094.5,2079.74,0.0,2079.74
BTCUSDT,1787454900,2026-08-23 03:15:00+00:00,77094.5,77158.3,76982.3,76992.9,74786.94,0.0,74786.94
BTCUSDT,1787455800,2026-08-23 03:30:00+00:00,76992.8,77004.8,76842.1,76863.2,85782.69,-1230.95,87013.64
BTCUSDT,1787456700,2026-08-23 03:45:00+00:00,76863.2,76997.9,76863.1,76941.1,0.0,-1000.71,1000.71
BTCUSDT,1787457600,2026-08-23 04:00:00+00:00,76941.2,77038.5,76663.9,77006.7,1001915.61,-1463.28,1003378.89
BTCUSDT,1787458500,2026-08-23 04:15:00+00:00,77006.7,77046.8,76802.3,76968.0,0.0,-231.09,231.09
BTCUSDT,1787459400,2026-08-23 04:30:00+00:00,76968.0,76980.0,76816.1,76827.1,1152.64,0.0,1152.64
BTCUSDT,1787460300,2026-08-23 04:45:00+00:00,76827.1,76829.8,76425.4,76610.7,1153597.57,-12177.2,1165774.77
BTCUSDT,1787461200,2026-08-23 05:00:00+00:00,76610.7,76747.7,75808.0,75896.0,2278710.03,0.0,2278710.03
BTCUSDT,1787462100,2026-08-23 05:15:00+00:00,75895.7,76354.8,75588.0,76243.9,4160159.81,-298585.96,4458745.7700000005
BTCUSDT,1787463000,2026-08-23 05:30:00+00:00,76243.8,76350.0,76108.0,76175.9,77176.36,-687.15,77863.51
BTCUSDT,1787463900,2026-08-23 05:45:00+00:00,76176.0,76263.0,76033.0,76064.9,59404.22,0.0,59404.22
BTCUSDT,1787464800,2026-08-23 06:00:00+00:00,76065.0,76178.8,75870.0,76091.1,77947.75,-2050.18,79997.93
BTCUSDT,1787465700,2026-08-23 06:15:00+00:00,76091.0,76319.5,76082.2,76240.0,0.0,-65762.84,65762.84
BTCUSDT,1787466600,2026-08-23 06:30:00+00:00,76239.9,76380.2,76182.9,76272.8,0.0,-196772.96,196772.96
BTCUSDT,1787467500,2026-08-23 06:45:00+00:00,76272.8,76297.0,76015.2,76110.3,0.0,-2133.99,2133.99
BTCUSDT,1787468400,2026-08-23 07:00:00+00:00,76110.3,76339.4,76038.0,76309.9,152.52,-64273.77,64426.28999999999
BTCUSDT,1787469300,2026-08-23 07:15:00+00:00,76309.9,76368.8,76231.5,76232.4,2290.8,-4581.88,6872.68
BTCUSDT,1787470200,2026-08-23 07:30:00+00:00,76232.3,76241.7,76056.4,76068.8,5478.87,0.0,5478.87
BTCUSDT,1787471100,2026-08-23 07:45:00+00:00,76068.9,76168.0,75900.0,76020.3,52137.09,0.0,52137.09
BTCUSDT,1787472000,2026-08-23 08:00:00+00:00,76020.2,76310.0,75966.7,76214.0,0.0,-43578.4,43578.4
BTCUSDT,1787472900,2026-08-23 08:15:00+00:00,76214.1,76316.0,76201.7,76251.1,0.0,-253253.78,253253.78
BTCUSDT,1787473800,2026-08-23 08:30:00+00:00,76251.0,76694.3,76251.0,76529.3,0.0,-207544.13,207544.13
BTCUSDT,1787474700,2026-08-23 08:45:00+00:00,76529.3,76626.6,76450.4,76486.5,0.0,-4515.68,4515.68
BTCUSDT,1787475600,2026-08-23 09:00:00+00:00,76486.5,76656.6,76471.2,76586.4,0.0,-766.11,766.11
BTCUSDT,1787476500,2026-08-23 09:15:00+00:00,76586.4,76619.4,76476.1,76555.1,0.0,0.0,0.0
BTCUSDT,1787477400,2026-08-23 09:30:00+00:00,76555.2,76584.1,76470.0,76570.0,0.0,-688.59,688.59
BTCUSDT,1787478300,2026-08-23 09:45:00+00:00,76569.9,76653.3,76510.0,76540.2,0.0,0.0,0.0
BTCUSDT,1787479200,2026-08-23 10:00:00+00:00,76540.3,76741.3,76535.5,76650.8,0.0,-1455.18,1455.18
BTCUSDT,1787480100,2026-08-23 10:15:00+00:00,76650.8,76940.1,76640.4,76758.8,766.5,-862194.82,862961.32
BTCUSDT,1787481000,2026-08-23 10:30:00+00:00,76758.7,76935.0,76738.3,76853.1,0.0,-99458.73,99458.73
BTCUSDT,1787481900,2026-08-23 10:45:00+00:00,76853.1,76880.0,76776.0,76784.4,0.0,0.0,0.0
BTCUSDT,1787482800,2026-08-23 11:00:00+00:00,76784.4,76890.9,76738.0,76881.0,460.43,0.0,460.43
BTCUSDT,1787483700,2026-08-23 11:15:00+00:00,76880.9,77323.0,76818.1,77161.2,0.0,-2179827.81,2179827.81
BTCUSDT,1787484600,2026-08-23 11:30:00+00:00,77161.2,77400.0,77127.4,77272.6,10491.03,-504867.09,515358.12000000005
BTCUSDT,1787485500,2026-08-23 11:45:00+00:00,77272.6,77400.0,77165.3,77296.0,4787.54,-308.85,5096.39
BTCUSDT,1787486400,2026-08-23 12:00:00+00:00,77296.1,77300.0,77003.8,77075.8,124726.32,0.0,124726.32
BTCUSDT,1787487300,2026-08-23 12:15:00+00:00,77075.7,77130.0,77008.5,77035.2,0.0,-770.92,770.92
BTCUSDT,1787488200,2026-08-23 12:30:00+00:00,77035.1,77249.2,77035.1,77234.6,0.0,-1464.9,1464.9
BTCUSDT,1787489100,2026-08-23 12:45:00+00:00,77234.6,77262.5,77152.3,77202.9,0.0,-3322.13,3322.13
BTCUSDT,1787490000,2026-08-23 13:00:00+00:00,77203.0,77338.0,77189.8,77323.3,0.0,-24582.16,24582.16
BTCUSDT,1787490900,2026-08-23 13:15:00+00:00,77323.3,77771.6,77323.3,77426.7,80689.36,-3305095.08,3385784.44
BTCUSDT,1787491800,2026-08-23 13:30:00+00:00,77426.8,77612.9,77333.0,77508.0,4180.44,-43729.3,47909.740000000005
BTCUSDT,1787492700,2026-08-23 13:45:00+00:00,77507.9,77555.0,77360.0,77471.8,0.0,0.0,0.0
BTCUSDT,1787493600,2026-08-23 14:00:00+00:00,77471.7,77606.2,77309.0,77538.1,1085.63,-620.51,1706.14
BTCUSDT,1787494500,2026-08-23 14:15:00+00:00,77538.2,77636.3,77400.0,77431.1,774.24,-18143.02,18917.26
BTCUSDT,1787495400,2026-08-23 14:30:00+00:00,77431.1,77479.9,76762.1,77005.4,2623621.86,-91249.69,2714871.55
BTCUSDT,1787496300,2026-08-23 14:45:00+00:00,77005.5,77298.0,77000.0,77174.1,77.02,-86587.54,86664.56
BTCUSDT,1787497200,2026-08-23 15:00:00+00:00,77174.2,77317.0,77039.0,77139.5,0.0,-772.78,772.78
BTCUSDT,1787498100,2026-08-23 15:15:00+00:00,77139.5,77225.0,76900.0,77170.0,117402.12,-231.61,117633.73
BTCUSDT,1787499000,2026-08-23 15:30:00+00:00,77175.4,77300.0,77102.8,77248.2,0.0,-3475.86,3475.86
BTCUSDT,1787499900,2026-08-23 15:45:00+00:00,77248.1,77248.1,77108.0,77124.0,0.0,0.0,0.0
BTCUSDT,1787500800,2026-08-23 16:00:00+00:00,77124.0,77277.3,77124.0,77250.2,0.0,-2161.5,2161.5
BTCUSDT,1787501700,2026-08-23 16:15:00+00:00,77250.1,77304.5,77180.3,77296.7,0.0,0.0,0.0
BTCUSDT,1787502600,2026-08-23 16:30:00+00:00,77296.6,77421.5,77284.9,77352.4,0.0,-63821.6,63821.6
BTCUSDT,1787503500,2026-08-23 16:45:00+00:00,77352.4,77450.0,77326.3,77389.0,0.0,-236687.44,236687.44
BTCUSDT,1787504400,2026-08-23 17:00:00+00:00,77389.0,77420.0,77115.8,77260.1,199065.53,0.0,199065.53
BTCUSDT,1787505300,2026-08-23 17:15:00+00:00,77260.1,77358.0,77158.5,77232.0,0.0,0.0,0.0
BTCUSDT,1787506200,2026-08-23 17:30:00+00:00,77231.9,77295.8,77124.6,77212.0,102839.35,0.0,102839.35
BTCUSDT,1787507100,2026-08-23 17:45:00+00:00,77211.9,77300.6,77158.2,77158.3,0.0,-37255.13,37255.13
BTCUSDT,1787508000,2026-08-23 18:00:00+00:00,77158.2,77381.5,77075.1,77311.4,23906.62,-26907.23,50813.85
BTCUSDT,1787508900,2026-08-23 18:15:00+00:00,77311.5,77379.1,77235.9,77321.3,21260.31,-17089.03,38349.34
BTCUSDT,1787509800,2026-08-23 18:30:00+00:00,77321.3,77341.5,77270.4,77309.4,0.0,0.0,0.0
BTCUSDT,1787510700,2026-08-23 18:45:00+00:00,77309.3,77317.7,77218.2,77317.6,0.0,0.0,0.0
BTCUSDT,1787511600,2026-08-23 19:00:00+00:00,77317.7,77388.0,77217.2,77289.2,0.0,0.0,0.0
BTCUSDT,1787512500,2026-08-23 19:15:00+00:00,77289.1,77369.1,77257.3,77329.0,0.0,0.0,0.0
BTCUSDT,1787513400,2026-08-23 19:30:00+00:00,77329.0,77419.5,77220.1,77407.1,0.0,-7429.45,7429.45
BTCUSDT,1787514300,2026-08-23 19:45:00+00:00,77407.0,77467.8,77292.9,77305.1,0.0,-34074.24,34074.24
BTCUSDT,1787515200,2026-08-23 20:00:00+00:00,77305.0,77306.4,77167.3,77249.4,27709.38,0.0,27709.38
BTCUSDT,1787516100,2026-08-23 20:15:00+00:00,77249.4,77390.3,77239.4,77353.0,0.0,-50045.99,50045.99
BTCUSDT,1787517000,2026-08-23 20:30:00+00:00,77353.0,77438.5,77350.0,77395.1,0.0,0.0,0.0
BTCUSDT,1787517900,2026-08-23 20:45:00+00:00,77395.0,77413.0,77360.1,77376.7,0.0,-154.79,154.79
BTCUSDT,1787518800,2026-08-23 21:00:00+00:00,77376.7,77685.0,77376.7,77670.0,0.0,-382244.35,382244.35
BTCUSDT,1787519700,2026-08-23 21:15:00+00:00,77670.0,78057.6,77668.0,78000.8,0.0,-2771648.41,2771648.41
BTCUSDT,1787520600,2026-08-23 21:30:00+00:00,78000.7,78023.9,77517.9,77614.1,186139.15,-197877.84,384016.99
BTCUSDT,1787521500,2026-08-23 21:45:00+00:00,77614.0,77849.9,77614.0,77808.8,0.0,-16808.09,16808.09
BTCUSDT,1787522400,2026-08-23 22:00:00+00:00,77808.7,77960.6,77553.0,77667.1,38956.72,-32651.97,71608.69
BTCUSDT,1787523300,2026-08-23 22:15:00+00:00,77667.2,77796.0,77607.4,77635.0,233.22,-1477.86,1711.08
BTCUSDT,1787524200,2026-08-23 22:30:00+00:00,77635.1,77705.9,77568.8,77621.8,14352.62,0.0,14352.62
BTCUSDT,1787525100,2026-08-23 22:45:00+00:00,77621.9,77690.7,77535.3,77578.4,0.0,0.0,0.0
BTCUSDT,1787526000,2026-08-23 23:00:00+00:00,77578.4,77597.2,77252.5,77449.9,526592.05,0.0,526592.05
BTCUSDT,1787526900,2026-08-23 23:15:00+00:00,77449.9,77648.7,77412.1,77641.9,0.0,-12336.12,12336.12
BTCUSDT,1787527800,2026-08-23 23:30:00+00:00,77641.9,77803.0,77370.1,77457.2,15053.09,-28988.36,44041.45
BTCUSDT,1787528700,2026-08-23 23:45:00+00:00,77457.2,77794.2,77454.0,77719.1,0.0,-248768.45,248768.45
BTCUSDT,1787529600,2026-08-24 00:00:00+00:00,77719.0,77728.4,77483.8,77606.3,2018.97,-1863.15,3882.12
BTCUSDT,1787530500,2026-08-24 00:15:00+00:00,77606.3,77628.0,77243.3,77415.4,3563.37,-7756.58,11319.95
BTCUSDT,1787531400,2026-08-24 00:30:00+00:00,77415.5,77576.0,77187.7,77214.0,157767.96,0.0,157767.96
BTCUSDT,1787532300,2026-08-24 00:45:00+00:00,77214.0,77674.1,77104.8,77674.1,36884.42,-63229.66,100114.08
BTCUSDT,1787533200,2026-08-24 01:00:00+00:00,77674.1,77715.9,77413.7,77417.6,49204.21,-11806.28,61010.49
BTCUSDT,1787534100,2026-08-24 01:15:00+00:00,77417.5,77454.6,77207.0,77225.1,77473.85,0.0,77473.85
BTCUSDT,1787535000,2026-08-24 01:30:00+00:00,77225.1,77359.9,77150.0,77201.8,43450.18,-20299.33,63749.51
BTCUSDT,1787535900,2026-08-24 01:45:00+00:00,77201.8,77250.0,76888.0,76892.9,1437322.52,-11421.16,1448743.68
BTCUSDT,1787536800,2026-08-24 02:00:00+00:00,76892.9,77415.1,76857.1,77351.5,57583.86,-94289.02,151872.88
BTCUSDT,1787537700,2026-08-24 02:15:00+00:00,77351.6,77496.1,77351.5,77437.0,0.0,-6737.97,6737.97
BTCUSDT,1787538600,2026-08-24 02:30:00+00:00,77437.1,77542.2,77380.2,77426.3,0.0,-10544.22,10544.22
BTCUSDT,1787539500,2026-08-24 02:45:00+00:00,77426.3,77515.8,77214.3,77461.7,27650.05,0.0,27650.05
BTCUSDT,1787540400,2026-08-24 03:00:00+00:00,77461.6,77516.7,77201.8,77201.8,23506.89,0.0,23506.89
BTCUSDT,1787541300,2026-08-24 03:15:00+00:00,77201.9,77277.3,77105.0,77105.0,36420.13,0.0,36420.13
BTCUSDT,1787542200,2026-08-24 03:30:00+00:00,77105.1,77149.2,76949.1,76974.0,520373.01,0.0,520373.01
BTCUSDT,1787543100,2026-08-24 03:45:00+00:00,76973.9,77150.0,76916.1,76925.2,49314.7,0.0,49314.7
BTCUSDT,1787544000,2026-08-24 04:00:00+00:00,76925.2,77094.0,76925.2,77017.9,0.0,0.0,0.0
BTCUSDT,1787544900,2026-08-24 04:15:00+00:00,77018.0,77249.0,77017.9,77219.8,0.0,-71930.22,71930.22
BTCUSDT,1787545800,2026-08-24 04:30:00+00:00,77219.8,77230.7,77044.0,77106.4,0.0,-2392.83,2392.83
BTCUSDT,1787546700,2026-08-24 04:45:00+00:00,77106.3,77130.0,76649.0,76889.9,633237.88,0.0,633237.88
BTCUSDT,1787547600,2026-08-24 05:00:00+00:00,76889.9,77213.6,76829.3,77209.6,0.0,-23315.17,23315.17
BTCUSDT,1787548500,2026-08-24 05:15:00+00:00,77209.5,77230.2,76937.1,77047.2,167596.99,-25834.87,193431.86
BTCUSDT,1787549400,2026-08-24 05:30:00+00:00,77047.2,77174.7,76832.0,77075.0,14455.2,-131611.18,146066.38
BTCUSDT,1787550300,2026-08-24 05:45:00+00:00,77074.9,77166.4,76983.1,77139.3,231.3,0.0,231.3
BTCUSDT,1787551200,2026-08-24 06:00:00+00:00,77139.3,77425.0,77053.5,77380.3,0.0,-109719.98,109719.98
BTCUSDT,1787552100,2026-08-24 06:15:00+00:00,77380.4,77477.1,77285.9,77344.3,0.0,-4414.46,4414.46
BTCUSDT,1787553000,2026-08-24 06:30:00+00:00,77344.3,77374.9,77209.9,77336.9,15686.64,0.0,15686.64
BTCUSDT,1787553900,2026-08-24 06:45:00+00:00,77337.0,77520.0,77320.3,77455.5,0.0,-116843.25,116843.25
BTCUSDT,1787554800,2026-08-24 07:00:00+00:00,77497.9,77789.7,77445.9,77738.8,0.0,-1060862.03,1060862.03
BTCUSDT,1787555700,2026-08-24 07:15:00+00:00,77738.8,77738.9,77531.3,77583.5,3259.63,-20638.81,23898.44
BTCUSDT,1787556600,2026-08-24 07:30:00+00:00,77583.4,77587.8,77334.7,77334.8,51769.51,0.0,51769.51
BTCUSDT,1787557500,2026-08-24 07:45:00+00:00,77334.7,77420.0,77272.7,77301.8,4406.11,-463.69,4869.799999999999
BTCUSDT,1787558400,2026-08-24 08:00:00+00:00,77301.8,77402.0,77178.0,77241.1,98924.86,0.0,98924.86
BTCUSDT,1787559300,2026-08-24 08:15:00+00:00,77241.0,77241.1,76802.9,76903.5,312215.0,0.0,312215.0
BTCUSDT,1787560200,2026-08-24 08:30:00+00:00,76903.5,77117.7,76890.0,77117.6,0.0,-81340.54,81340.54
BTCUSDT,1787561100,2026-08-24 08:45:00+00:00,77117.6,77136.1,77000.0,77032.9,0.0,-4935.6,4935.6
BTCUSDT,1787562000,2026-08-24 09:00:00+00:00,77032.9,77309.3,77012.7,77271.6,0.0,-14596.86,14596.86
BTCUSDT,1787562900,2026-08-24 09:15:00+00:00,77271.6,77413.0,77200.5,77412.9,77.28,-30633.11,30710.39
BTCUSDT,1787563800,2026-08-24 09:30:00+00:00,77413.0,77500.0,77386.4,77460.0,77.45,-14018.39,14095.84
BTCUSDT,1787564700,2026-08-24 09:45:00+00:00,77459.9,77598.1,77426.2,77546.2,0.0,-28778.55,28778.55
BTCUSDT,1787565600,2026-08-24 10:00:00+00:00,77546.3,77876.1,77525.5,77830.4,0.0,-285542.72,285542.72
BTCUSDT,1787566500,2026-08-24 10:15:00+00:00,77830.3,77937.9,77752.9,77845.6,77.76,-420565.25,420643.01
BTCUSDT,1787567400,2026-08-24 10:30:00+00:00,77845.6,78016.6,77638.5,77719.9,0.0,-60355.37,60355.37
BTCUSDT,1787568300,2026-08-24 10:45:00+00:00,77719.9,77825.0,77539.5,77614.3,6675.11,0.0,6675.11
BTCUSDT,1787569200,2026-08-24 11:00:00+00:00,77614.3,77848.0,77434.8,77810.0,181836.52,-92723.68,274560.19999999995
BTCUSDT,1787570100,2026-08-24 11:15:00+00:00,77810.1,77888.1,77713.7,77819.5,0.0,-123190.8,123190.8
BTCUSDT,1787571000,2026-08-24 11:30:00+00:00,77819.5,78564.4,77801.0,78559.5,0.0,-6673911.04,6673911.04
BTCUSDT,1787571900,2026-08-24 11:45:00+00:00,78559.4,78594.2,78081.5,78429.4,526690.16,-286577.83,813267.99
BTCUSDT,1787572800,2026-08-24 12:00:00+00:00,78429.4,78430.9,78086.0,78127.0,11560.45,-5947.41,17507.86
BTCUSDT,1787573700,2026-08-24 12:15:00+00:00,78127.0,78489.0,77950.0,78434.5,254305.71,-277009.7,531315.41
BTCUSDT,1787574600,2026-08-24 12:30:00+00:00,78434.6,78875.0,78350.0,78711.4,235.26,-3282676.65,3282911.91
BTCUSDT,1787575500,2026-08-24 12:45:00+00:00,78711.3,79324.2,78693.8,79146.4,111475.89,-3987111.32,4098587.21
BTCUSDT,1787576400,2026-08-24 13:00:00+00:00,79146.3,79440.8,78938.9,79199.9,125212.32,-431679.89,556892.21
BTCUSDT,1787577300,2026-08-24 13:15:00+00:00,79200.0,79216.5,78855.0,78988.8,143604.96,-9642.14,153247.09999999998
BTCUSDT,1787578200,2026-08-24 13:30:00+00:00,78988.7,79011.5,78135.7,78256.2,1519512.81,-54854.19,1574367.0
BTCUSDT,1787579100,2026-08-24 13:45:00+00:00,78012.1,78590.1,77800.0,78565.2,2279543.85,-362433.58,2641977.43
BTCUSDT,1787580000,2026-08-24 14:00:00+00:00,78565.3,79227.1,78556.8,79173.5,122898.9,-804684.41,927583.31
BTCUSDT,1787580900,2026-08-24 14:15:00+00:00,79173.6,79670.0,78842.6,79364.4,409953.88,-5022302.07,5432255.95
BTCUSDT,1787581800,2026-08-24 14:30:00+00:00,79364.3,79810.8,79300.1,79630.1,1352.62,-2474772.06,2476124.68
BTCUSDT,1787582700,2026-08-24 14:45:00+00:00,79630.1,79750.0,79231.9,79481.1,347791.52,-3188.13,350979.65
BTCUSDT,1787583600,2026-08-24 15:00:00+00:00,79481.1,79690.8,79329.6,79512.2,0.0,-226147.17,226147.17
BTCUSDT,1787584500,2026-08-24 15:15:00+00:00,79512.1,79974.1,79490.1,79853.2,38589.76,-4497088.23,4535677.99
BTCUSDT,1787585400,2026-08-24 15:30:00+00:00,79853.1,79974.8,78969.2,79262.8,1625952.32,-42503.75,1668456.07
BTCUSDT,1787586300,2026-08-24 15:45:00+00:00,79262.7,79519.2,78777.8,79069.3,1275036.18,-63058.63,1338094.8099999998
BTCUSDT,1787587200,2026-08-24 16:00:00+00:00,79069.2,79500.0,79059.2,79458.9,86495.9,-221805.91,308301.81
BTCUSDT,1787588100,2026-08-24 16:15:00+00:00,79458.9,79839.8,79444.5,79625.1,0.0,-861568.52,861568.52
BTCUSDT,1787589000,2026-08-24 16:30:00+00:00,79625.0,79739.3,79333.1,79339.3,398.08,0.0,398.08
BTCUSDT,1787589900,2026-08-24 16:45:00+00:00,79339.2,79369.6,78839.0,79021.9,787920.09,-78.94,787999.0299999999
BTCUSDT,1787590800,2026-08-24 17:00:00+00:00,79022.0,79161.0,78541.4,79063.9,7177330.62,-291790.34,7469120.96
BTCUSDT,1787591700,2026-08-24 17:15:00+00:00,79064.0,79142.8,78410.0,78505.0,1171360.1,-20710.14,1192070.24
BTCUSDT,1787592600,2026-08-24 17:30:00+00:00,78504.9,78822.6,78433.2,78595.0,123512.4,-17389.27,140901.66999999998
BTCUSDT,1787593500,2026-08-24 17:45:00+00:00,78595.0,78795.6,78505.8,78726.3,2120.89,-393.94,2514.83
BTCUSDT,1787594400,2026-08-24 18:00:00+00:00,78726.3,78996.4,78702.9,78973.1,2754.7,-250363.83,253118.53
BTCUSDT,1787595300,2026-08-24 18:15:00+00:00,78973.1,79039.4,78891.0,78977.5,3078.21,-58475.61,61553.82
BTCUSDT,1787596200,2026-08-24 18:30:00+00:00,78977.6,79049.4,78680.0,78938.5,146736.83,-157.82,146894.65
BTCUSDT,1787597100,2026-08-24 18:45:00+00:00,78938.5,79053.0,78820.0,78902.1,0.0,-9399.16,9399.16
BTCUSDT,1787598000,2026-08-24 19:00:00+00:00,78902.0,79089.1,78730.6,78990.2,34658.73,-4580.72,39239.45
BTCUSDT,1787598900,2026-08-24 19:15:00+00:00,78990.3,79005.0,78520.6,78835.0,87721.32,0.0,87721.32
BTCUSDT,1787599800,2026-08-24 19:30:00+00:00,78835.1,78928.9,78714.2,78838.2,0.0,-70689.14,70689.14
BTCUSDT,1787600700,2026-08-24 19:45:00+00:00,78838.2,78858.5,78546.1,78715.1,74572.42,0.0,74572.42
BTCUSDT,1787601600,2026-08-24 20:00:00+00:00,78715.1,78784.6,78520.3,78648.0,27252.32,-1732.23,28984.55
BTCUSDT,1787602500,2026-08-24 20:15:00+00:00,78648.1,78758.4,78571.7,78660.1,7858.5,0.0,7858.5
BTCUSDT,1787603400,2026-08-24 20:30:00+00:00,78660.1,78961.4,78603.4,78873.6,0.0,-142051.35,142051.35
BTCUSDT,1787604300,2026-08-24 20:45:00+00:00,78873.5,78906.6,78784.5,78905.7,0.0,0.0,0.0
BTCUSDT,1787605200,2026-08-24 21:00:00+00:00,78906.2,79012.6,78906.1,78995.4,0.0,-19340.29,19340.29
BTCUSDT,1787606100,2026-08-24 21:15:00+00:00,78995.4,79006.9,78810.7,78890.8,0.0,-1025.93,1025.93
BTCUSDT,1787607000,2026-08-24 21:30:00+00:00,78890.8,78992.1,78873.3,78950.0,0.0,-236.97,236.97
BTCUSDT,1787607900,2026-08-24 21:45:00+00:00,78950.0,79012.6,78881.3,78944.3,0.0,-1027.16,1027.16
BTCUSDT,1787608800,2026-08-24 22:00:00+00:00,78944.2,78958.4,78790.0,78838.4,0.0,-47135.87,47135.87
BTCUSDT,1787609700,2026-08-24 22:15:00+00:00,78838.4,78900.0,78713.1,78743.7,27878.37,0.0,27878.37
BTCUSDT,1787610600,2026-08-24 22:30:00+00:00,78743.7,78883.8,78690.1,78720.7,78.71,0.0,78.71
BTCUSDT,1787611500,2026-08-24 22:45:00+00:00,78720.6,78805.0,78619.2,78703.8,14239.0,0.0,14239.0
BTCUSDT,1787612400,2026-08-24 23:00:00+00:00,78703.9,78784.0,78579.7,78709.2,22803.08,0.0,22803.08
BTCUSDT,1787613300,2026-08-24 23:15:00+00:00,78709.2,78947.7,78700.8,78859.9,393.6,-99441.35,99834.95
BTCUSDT,1787614200,2026-08-24 23:30:00+00:00,78860.0,78957.2,78825.0,78915.4,0.0,0.0,0.0
BTCUSDT,1787615100,2026-08-24 23:45:00+00:00,78915.4,78971.0,78791.6,78953.0,0.0,-1974.15,1974.15
BTCUSDT,1787616000,2026-08-25 00:00:00+00:00,78952.9,79035.7,78861.1,78922.3,54901.24,-22750.2,77651.44
BTCUSDT,1787616900,2026-08-25 00:15:00+00:00,78922.2,78922.2,78675.7,78762.7,23776.9,0.0,23776.9
BTCUSDT,1787617800,2026-08-25 00:30:00+00:00,78762.6,79330.6,78705.6,79330.6,0.0,-632958.58,632958.58
BTCUSDT,1787618700,2026-08-25 00:45:00+00:00,79330.5,79859.3,79293.6,79703.1,5647.55,-2583078.2,2588725.75
BTCUSDT,1787619600,2026-08-25 01:00:00+00:00,79703.1,79958.0,79576.7,79621.0,11631.6,-1003527.04,1015158.64
BTCUSDT,1787620500,2026-08-25 01:15:00+00:00,79620.9,79945.4,79439.3,79800.0,17327.78,-372429.04,389756.82
BTCUSDT,1787621400,2026-08-25 01:30:00+00:00,79800.0,79894.3,79634.4,79670.5,238.93,-4784.55,5023.4800000000005
BTCUSDT,1787622300,2026-08-25 01:45:00+00:00,79670.5,79822.3,79460.1,79806.1,34759.28,-32229.12,66988.4
BTCUSDT,1787623200,2026-08-25 02:00:00+00:00,79806.1,79909.8,79710.0,79833.2,0.0,-4711.65,4711.65
BTCUSDT,1787624100,2026-08-25 02:15:00+00:00,79833.2,81270.5,79790.4,80981.6,74703.19,-16932799.34,17007502.53
BTCUSDT,1787625000,2026-08-25 02:30:00+00:00,80981.5,81260.0,80743.1,80797.8,49364.91,-3239496.93,3288861.8400000003
BTCUSDT,1787625900,2026-08-25 02:45:00+00:00,80797.7,80839.6,80401.8,80630.4,356202.92,-32376.37,388579.29
BTCUSDT,1787626800,2026-08-25 03:00:00+00:00,80630.4,80932.0,80566.2,80772.8,0.0,-66513.6,66513.6
BTCUSDT,1787627700,2026-08-25 03:15:00+00:00,80772.8,80803.4,80480.0,80617.2,66751.75,-5887.07,72638.82
BTCUSDT,1787628600,2026-08-25 03:30:00+00:00,80617.1,80857.5,80510.7,80568.1,0.0,-54911.01,54911.01
BTCUSDT,1787629500,2026-08-25 03:45:00+00:00,80568.1,80653.3,80286.0,80457.6,157900.38,-6766.92,164667.30000000002
BTCUSDT,1787630400,2026-08-25 04:00:00+00:00,80457.6,80588.6,80233.3,80471.7,284346.4,-1046.58,285392.98000000004
BTCUSDT,1787631300,2026-08-25 04:15:00+00:00,80471.7,80475.8,80213.2,80236.1,642.14,-160.58,802.72
BTCUSDT,1787632200,2026-08-25 04:30:00+00:00,80236.1,80376.4,80128.0,80216.9,342516.73,-1124.75,343641.48
BTCUSDT,1787633100,2026-08-25 04:45:00+00:00,80217.0,80350.0,80200.0,80348.9,0.0,-4015.64,4015.64
BTCUSDT,1787634000,2026-08-25 05:00:00+00:00,80348.8,80571.4,80301.9,80518.7,2414.69,-67338.43,69753.12
BTCUSDT,1787634900,2026-08-25 05:15:00+00:00,80518.7,80750.0,80454.8,80621.9,0.0,-2417.04,2417.04
BTCUSDT,1787635800,2026-08-25 05:30:00+00:00,80621.8,80800.0,80568.8,80682.6,0.0,-81652.64,81652.64
BTCUSDT,1787636700,2026-08-25 05:45:00+00:00,80682.6,80783.8,80611.1,80709.7,0.0,-1615.15,1615.15
BTCUSDT,1787637600,2026-08-25 06:00:00+00:00,80709.8,80839.5,80658.8,80812.8,80.7,-1129.43,1210.13
BTCUSDT,1787638500,2026-08-25 06:15:00+00:00,80812.8,80912.0,80720.2,80722.9,43046.2,-51987.25,95033.45
BTCUSDT,1787639400,2026-08-25 06:30:00+00:00,80722.9,80723.4,80475.0,80509.3,60106.8,0.0,60106.8
BTCUSDT,1787640300,2026-08-25 06:45:00+00:00,80509.3,80549.0,80383.4,80549.0,47000.54,-10386.45,57386.990000000005
BTCUSDT,1787641200,2026-08-25 07:00:00+00:00,80548.9,80789.0,80521.0,80699.8,0.0,-370072.71,370072.71
BTCUSDT,1787642100,2026-08-25 07:15:00+00:00,80699.8,80724.6,80587.9,80640.4,0.0,-80.64,80.64
BTCUSDT,1787643000,2026-08-25 07:30:00+00:00,80640.4,80676.7,80459.1,80489.9,22389.15,0.0,22389.15
BTCUSDT,1787643900,2026-08-25 07:45:00+00:00,80489.9,80507.8,79288.5,79661.5,7349456.82,-42540.45,7391997.27
BTCUSDT,1787644800,2026-08-25 08:00:00+00:00,79661.6,79943.3,79580.0,79889.3,0.0,-56885.45,56885.45
BTCUSDT,1787645700,2026-08-25 08:15:00+00:00,79889.2,80050.0,79889.2,80008.0,0.0,-92161.21,92161.21
